{
    "name": "A Canorous Quintet",
    "id": "2296",
    "url": "https://www.metal-archives.com/bands/A+Canorous+Quintet/2296",
    "albums": [
        {
            "name": "Silence of the World Beyond",
            "type": "Full-length",
            "year": 1996,
            "review_num": 5,
            "review_avg": 86,
            "url": "https://www.metal-archives.com/albums/A_Canorous_Quintet/Silence_of_the_World_Beyond/6915",
            "reviews_url": "https://www.metal-archives.com/reviews/A_Canorous_Quintet/Silence_of_the_World_Beyond/6915/",
            "reviews": [
                {
                    "title": "The Gothenburg Grows - 90%",
                    "content": "A Canorous Quintet hail from Sweden and as such, play a brand of Gothenburg melodic death metal directly associated with their homeland. Their debut Silence of the World Beyond, landed in 1996 and at the time when fellow countrymen In Flames, Dark Tranquility and Gates of Ishtar were gaining a lot of momentum within the melodic death scene. The movement as a whole had been gaining speed since At the Gates and Hypocrisy lit the world on fire with their early works in the genre and the time was ripe for new bands to show off their chops.\n\nThe music on Silence of the World Beyond is a combination of At the Gates and Dissection; a blend of death and black metal that dwells in the sounds of macabre vocals and melodic instrumentation. As with most melodic death, the guitars take center stage and immediate hook the listener with strong and catchy leads. The riffs keep the focus on the melodic nature of the music, while the rhythms provide a powerful display of time shifts and solos. The use of tremolo picking adds to the ferocity of the album and makes for an excellent harmonization when guitars play side by side. The bass guitar, although makes its appearance throughout the album, is not necessarily featured as the twin guitars tend to garner most of the attention. When the bass is heard, it makes its presence known by churning out thick and bouncy chords that add an extra layer to the music.\n\nThe harsh and raspy vocals are not uncommon to the genre, but they offer more than simply a standard sound. With such beautiful melodies created by the music, the shriek like echoes of the vocals provide a bitter sweet contrast to the melodic atmosphere, which results in a pleasant yet frightening experience all in one sitting. Yes, they are familiar to the scene, but remember, a voice is an instrument and much like blast beats are almost always associated with death metal, raspy vocals go hand in hand with the Gothenburg style. It\u2019s the shtick of the style and on Silence of the World Beyond not only are they well sung, but they mesh well with the other instruments creating a cohesive unit.\n\nThe drums are manned by Fredrik Andersson, who is best known for his work with Amon Amarth, which now that you know that, will note the similarities. I don\u2019t mean to say that this sounds like Amon Amarth in the purest sense, but the powerful and deep bass sounding drums that would appear on Amon Amarth are clearly present on Silence of the World Beyond. Here they help add to the rhythms and inject a nice punch to the overall intensity of the album, but also provide a nice base sound for the guitars to flourish over top. \n\nA Canorous Quintet\u2019s debut although not dissimilar to many other releases rooted in the Gothenburg sound at the time, is well executed slab of Blackened melodic death metal. The speed of the guitars, power of the drums and furious vocals will satisfy fans among various genres of black and death metal like. Fans of At the Gates, Gates of Ishtar and Ablaze My Sorrow should not miss out on Silence of the World Beyond.\n\nHighlights: \u201cThe Orchid\u2019s Sleep\u201d \u201cSpellbound\u201d \u201cIn the Twilight of Fear\u201d\n\nInto the Abyss of Oblivion",
                    "date": "March 24th, 2019"
                },
                {
                    "title": "Spectacular piece of Swedish death / black metal - 90%",
                    "content": "I can still remember the day I\u2019ve heard about A CANORUS QUINTET for the first time. I was reading this Polish magazine called Mystic Art Magazine, back in 1996, where I've found interview with the band, as well as one song on a compilation CD. MYSTIC Production was also a label, which released a tape version of \u201cSilence of the World Beyond\u201d on Polish market. To be honest A CANORUS QUINTET didn\u2019t impress mu much back then, I felt bored a bit with their offering of melodic death / black metal. \n\nOf course nowadays I have completely different opinion. Why? Well, I guess I matured a lot, but first of all this music has aged so well that nowadays it may be even seen as a cult. At the present I even think this is one of the best albums of this kind of Swedish death / black metal that were recorded in the second half of the 90\u2019s, together with VINTERLAND, SACRAMENTUM or DAWN CDs.\n\nWhen I listen to \u201cSilence of the World Beyond\u201d right after the A CANORUS QUINTET's debut MCD, I feel an enormous progress they\u2019ve made. It went into something above the simple AT THE GATES / DISSECTION mediocre copy. A CANOROUS QUINTET managed to complete their own style within the characteristic Swedish sound. First of all, it\u2019s far more aggressive and uncompromising than most of the bands from this category. These Swedes really took it to the line between death and black metal, almost like VINTERLAND did (but they were 60 to 40 % for black metal influence I guess). But what differs A CANORUS QUINTET is their strong heavy metal influence. Every song here is damn fast or mid paced at least, so it gives an album a hellish dose of energy. The band got rid of the doom metal elements from the MCD, which I think is for better - even though \"Of Tears\" was so good... But with that change their music feels like an unrelenting beast someone accidentally unleashed. To put it simply, this CD kicks ass from the start to the end.\n\nOf course A CANOROUS QUINTER delivers many atmospheric parts as well, every song is damn melodic and catchy, but these guys did a great job finding a proper balance between the energy / aggressiveness and atmosphere - without making their music over-melancholic or too slow. Some of these melodies are just wonderful, delivering so many emotions you cannot walk away from it. There\u2019s even that 2 minute long instrumental song called \u201cThe Last Journey\u201d, which starts with keyboards and has those wonderful guitar melodies / solos, which are totally melancholic. And such songs like \u201cSpellbound\u201d are just damn angry beasts. The production of the album is really great and the vocals are just amazing \u2013 Marten screams his guts out like a maniac, even more that Tampa of AT THE GATES. \n\nUfff.... Nothing more to say, just that it's a damn great album, definitely a biggest achievement of these Swedes. Great job and highly recommended stuff! My best songs: \u201cSpellbound\u201d, \u201cDream Reality\u201d, \u201cThe Orchid\u2019s Sleep\u201d.",
                    "date": "February 4th, 2010"
                },
                {
                    "title": "Spectacular despite other's disagreeance - 89%",
                    "content": "First and foremost, in regard to ACQ's name - I actually found their name to be unusual, yet rather original. I by no means thought or think that it was a stupid or inappropriate name for the band. I'd go as far as to say that I wish that they kept the name. It stands out.\n\nI regard this as the best melodic black metal - yes, melodic black metal - yes - THE BEST - disc released, to date. Yes, even over Vinterland. Even over others. I see that they're listed as melodic death metal and such, but this disc leans way more, musically, towards the blackened side of metal. \n\nSince I first got this CD, way back when, the riffing always impressed me. As I tend to mention in most (all?) of my reviews, I feel that great riffs are the very foundation of any good metal disc and/or metal band. Without lasting well-written riffs, metal would be nothing. \"The Black Spiral\" is particularly notable when referring to this subject. The track opens with an unusual but great riff, and is followed with what is definitely one of the best and most brilliant melodic black metal riffs ever.\n\nThe disc never loses its appeal from start to finish. It's a true \"cover to cover\" release, so to speak. As I said, I've had it for years, and still to this day, any time it comes up on random on my metal-packed 250GB MP3 player that's on perpetual random, it gets turned up. It's truly no less impressive than the first time I heard it. \n\nWhat keeps this disc out of the 90's rating bracket is the production. The disc doesn't sound awful, but it does sound pretty \"thin\". This is surprising considering that Tagtgren did the disc. It's over a decade old, sure, but the recording technology was there at that time, and I don't feel that good ol' Pete really took full advantage of it.\n\n\"Silence...\" has a couple absolutely timeless songs, in addition to \"The Black Spiral\". \"In The Twilight Of Fear\" is one of them. A definite extreme metal classic, if you will. It seems that all quality extreme metal is overlooked to some degree, but I'm certain that this disc was, even moreso. I'm sure that based on the age of this disc it's probably a whore to find, but do yourself a favor and do what it takes to find it.",
                    "date": "January 8th, 2009"
                },
                {
                    "title": "Tagtgren Fucks Up Before Catch-22!? - 79%",
                    "content": "It\u2019s terrible how A Canorous Quintet (ACQ) would turn into Melodeath Band X about a decade after this album\u2019s release. However in this period of history, these guys are more like a thinner Amon Amarth aka some good shit. The previous reviewer brought this up, and he wasn\u2019t that far off. I didn\u2019t pick this comparison up at first, but after reading what he wrote, it became very apparent that these guys are pretty much a precursor to the genuine sound of Amon Amarth (albeit with much less umph and Viking themes). \n\nThe riffs gallop as they would on any Amarth track with some sort of epic feel to it, but what ACQ lacks is production. Whatever the reason, don\u2019t go in expecting a fine job. Not to say it\u2019s atrocious, but it passes well enough for a melodic death debut. I expected more from my nigga Tagtgren and his Abyss Studio. The riffs can be very thin or, when the bass in its rare times decides to show up, pretty thick \u2013 most of the time though its just tremolo picking throughout. Regardless, each riff is a fine melody at heart until it slows down to a thrashier one.\n\nOne aspect about this band I enjoy is their solos. There are only a couple of them on this album (hell, on any of their albums), but when ACQ attempts one, they always nail it. They\u2019re not technical or over-the-top, but instead very ambitious and melodic. Makes you ponder why they just don\u2019t record an hour-long album that\u2019s just solo material. Whatever, if you want to hear them right away, the solos are on \u201cThe Orchid\u2019s Sleep\u201d and The Last Journey,\u201d the solitary instrumental.\n\nThe drumming is as good as you\u2019d expect it to be on a melodic death album, except the bass drums. They aren\u2019t that audible under the mix, but from time to time you can hear them as if it were a drum check. Vocal wise, our main man takes the form of three villains \u2013 growly, throaty, and throatier. There are rare moments of the former and much more emphasis on the latter two, with the screams borderline black metal.\n\nOverall, the tone is somber and desolate, which is my kind of stuff. Still though, if you\u2019re a fan of early melodic death stuff, you shouldn\u2019t pass this up without hearing it first. After that, it\u2019s your call \u2013 but stay away from their debut under This Ending (it sucks monkey fuck).",
                    "date": "May 4th, 2008"
                },
                {
                    "title": "Good metal, bad name - 80%",
                    "content": "A Canorous Quintet \u2013 Silence of the World Beyond\n\nThe are only two negatives I can say about this band, so I\u2019ll just get those out of the way:\n1) It\u2019s a stupid name for a metal band. I had a co-worker stop by and peek at my iPod screen, and she asked \u201c\u2026classical?\u201d Good thing they changed it.\n2) Their sound, though good, is not terribly original. In fact, a lot of tracks sound like Amon Amarth, only sped up.\n\nNow for the positives. The Amon Amarth comparison, which comes right out of the opening title track, I think is a good one. I like those guys. ACQ\u2019s drummer Fredrik Andersson now plays for Amon Amarth in fact, and has since this lineup split in 1999. I don\u2019t know how much songwriting influence he has, but the style is certainly very similar.\n\nWith the exception of \u2018The Last Journey\u2019, a weird, dolorous instrumental at track 6, the guitars deliver minimalist harmonies that mysteriously are not repetitious and always seem to work. There are no flashy solos, actually no solo work at all except a bit on the final track \u2018Dream Reality\u2019. The bass is mixed almost out of existence, which always bugs me because I like audible, moving bass.\n\nM\u00e5rten Hansen on vocals changes it up a bit from track to track. \u2018Dream Reality\u2019 features the more throaty Gothenburg influenced vocals, whereas \u2018Spellbound\u2019 is the Blackest track. Though the vocals are higher pitched Death Metal in general, I would hesitate to label ACQ a \u201cGothenburg\u201d band. The influence is clear enough, but their style varies.\n\nOverall, \u2018Silence of the World Beyond \u2018 is in all respects a typical early release from a band that is still in the process of defining itself. It\u2019s good music, so it goes in my Keeper list. I\u2019ll also see if I can hunt down other releases, in particular after they changed to The Plague, then This Ending.",
                    "date": "January 5th, 2007"
                }
            ],
            "songs": [
                {
                    "name": "Silence of the World Beyond",
                    "length": "04:39",
                    "url": "https://www.metal-archives.com/release/ajax-view-lyrics/id/61078",
                    "darklyrics": "\n\n\nEMBRACED BY THE MIDWINTER FROST\nTHE LIGHT OF DARKNESS SLIPS AWAY\nBLACK ROSES SURROUND THE FIELDS\nSTRANGE FLOATING LIGHTS, THEY FLOAT\nENDLESS VISIONS INTO FOREVER\n\nETERNITY THEIR BURNING SHADOWS\nSPIRITS BREAK THE MIST\nDESTINY TAKES THE FINAL TWIST\nBEAUTY ARISE IN A FLOOD OF BRIGHT, (MAYBE LIGHT)\nSCREAMS FILL THEIR LUNGS.......SILENCE\n\nTRAUMATIC VOYAGE FOR THE LOST\nHORRIFIED IN THEIR EMPTY SHELLS\nALONE IN THE WORLD FULL OF LIFE\nSADNESS THEIR ONLY DELIGHT\nSILENCE OF THE DEAD, BEAUTIFULL AS HELL\n\nETERNITY THEIR BURNING SHADOWS\nSPIRITS BREAK THE MIST\nDESTINY TAKES THE FINAL TWIST\n\nSCREAMS OF SILENCE\nBEYOUND THE GATE OF EMPTINESS\nTHE WELL OF BURNING FRIGHT\nLOST IN BETWEEN, ALL LIFE IS FORGOTTEN\nEMBRACED BY THE MIDSUMMER BREEZE\n\nBACK IN THE SILENCE OF THE WORLD BEYOUND \n\n\n\n\n\nETERNITY THEIR BURNING SHADOWS\nSPIRITS BREAK THE MIST\nDESTINY TAKES THE FINAL TWIST....\n\n",
                    "darklyrics_url": "http://www.darklyrics.com/lyrics/acanorousquintet/silenceoftheworldbeyond.html#1"
                },
                {
                    "name": "Naked with Open Eyes",
                    "length": "04:06",
                    "url": "https://www.metal-archives.com/release/ajax-view-lyrics/id/61079",
                    "darklyrics": "\n\n\nI WATCH THE SUN GO DOWN\nAS I FEEL THE COLDNESS CRAWLING UNTO ME\nI'M SITTING HUDDLED UP\nTRYING TO FIGURE OUT THE MEANING OF EXISTENCE\nYET I HAVE FOUND NO ANCWERS (NO ANCWERS AT ALL)\n\nI FEEL SO SMALL STILL I MUST BE MOST\nPOWERFULL OF ALL\nSUDDENLY IT STOOD CLEAR\nTHERE IN THE LIGHT OF DAWN\nFIRST SUNBEAMS OF DAY\n\nA VISION FOR ME APPEARED\nA THOUGHT TO TAME\nBEHOLD LIFE, MEANINGLESS AND EMPTY\nWHAT HAVE WE LEARNED ?\nTHE AWARENESS MAKES ME SCARED\nI DON'T MEAN TO SAY THAT I AM BETTER IN ANY WAY\nIT'S JUST THAT I WANT SOMETHING HIGHER\n\nI WATCH THE SUN GOES DOWN AS I FEEL\nTHE COLDNESS CRAWLING UNTO ME\n\nI'M SITTING HUDDLED UP\nTRYING TO FIGURE OUT THE MEANING OF EXISTENCE\nYET I HAVE FOUND NO ANCWERS\nI FEEL SO SMALL, STILL I MUST BE MOST\nPOWERFULL OF ALL\nSUDDENLY IT STOOD CLEAR\nTHERE IN THE LIGHT OF DAWN\nFIRST SUNBEAMS OF DAY\nA VISION FOR ME APPEARED\n\nA THOUGHT TO TAME\nBEHOLD LIFE MEANINGLESS AND EMPTY\nWHAT HAVE WE LEARNED ?\nTHE AWARENESS MAKES ME SCARED\nI DON'T MEAN TO SAY THAT I AM BETTER IN ANY WAY\n\nIT'S JUST THAT I WANT SOMETHING HIGHER\n\n",
                    "darklyrics_url": "http://www.darklyrics.com/lyrics/acanorousquintet/silenceoftheworldbeyond.html#2"
                },
                {
                    "name": "Spellbound",
                    "length": "03:45",
                    "url": "https://www.metal-archives.com/release/ajax-view-lyrics/id/61080",
                    "darklyrics": "\n\n\nSPELLBOUND BY THE NIGHT\nANGER TURNS INTO RAGE\nFORCED INTO ROOMS OF HATE\nBLEEDING ALTHOUGHT THERE IS NO WOUND\nTAKING PLEASURE FROM TORTURE\nI SEE IT EATING ME ALIVE\nI FEEL IT BURNING ME FROM INSIDE\nSOOTHING OUR SELFISH  THOUGHTS\nI'M EMPTY IN BODY AND SOUL\nNO LONGER ALIVE, DANCING STILL DEAD\nDARKSIDE FOREVER ALIVE\nDISEASE THAT CAN NEVER BE CURED\nLEAVE IT ALL BEHIND, STILL I AM TRAPPED\nWILL I EVER BE FREE ?\n\nI WISH I COULD END IT NOW\nI WISH I COULD END IT ALL\nBUT THERE YOU ARE\nPUSHING IT OVER THE EDGE\nAGAIN AND AGAIN AND AGAIN\n\nSPELLBOUND BY MY OWN ILLUSIONS\nTO PROUD TO FALL DOWN ON MY KNEES\nI WISH I COULD BLEED, TO CLEAN ALL THE WOUNDS\nLEAVE IT ALL BEHIND AND DROWN  IN MY DREAMS\nFOR ALL MY SINS FORGIVE ME\nAND AT LAST I'LL BE FREE\n\n\n\n",
                    "darklyrics_url": "http://www.darklyrics.com/lyrics/acanorousquintet/silenceoftheworldbeyond.html#3"
                },
                {
                    "name": "The Orchid's Sleep",
                    "length": "06:23",
                    "url": "https://www.metal-archives.com/release/ajax-view-lyrics/id/61081",
                    "darklyrics": "\n\n\nLOST IN THE HALLS OF DREAM\nBOUND BY THE CHAINS  OF A SCREAM\nHERE WE STAND ALONE\nNEVER ALLOWED TO KNOW\nWHAT'S BEHIND THE WALL OF SLEEP\n\nIMPRISONED IN A WEB OF NIGHT\nIN SEARCH OF AN EMERALD SKY\nTHE ASTRAL BODY FLIES, I STAND ALONE\nTHROUGH THE DUST OF AGES FORLORN\nCHASED BY THE WIND AND THE STORM\n\nENSLAVED BY THE ORCHIDS SWEET SCENT\nA TEAR FROM THE DEAD MANS EYE\nWINGS OF FALLEN ANGEL BURN\nWHERE'S THE GOLD AT THE RAINBOWS END\n\nIT IS THERE BUT OH SO FAR AWAY\nFLAMES OF FIRE BURNS SO DEEP\nAS WE FALL OUT OF THE ORCHID'S SLEEP\n\nAN EMERALD SKY BEFORE OUR EYES\nDISAPEARING IN THE MORNING SUN\nIS IT FOR REAL OR IS IT THE DREAM ?\n\n\n\nIMPRISONED IN A WEB OF NIGHT\nIN SEARCH OF AN EMERALD SKY\nTHE ASTRAL BODY FLIES, I STAND ALONE\nTHROUGH THE DUST OF AGES....FORLORN\nCHASED BY THE WIND AND THE STORM\nENSLAVVED BY THE ORCHIDS SWEET SCENT\nA TEAR FROM THE DEAD MANS EYE\nWHERE IS THE GOLD AT THE RAINBOWS END ?\nIT IS THERE BUT OH SO FAR AWAY\n\n",
                    "darklyrics_url": "http://www.darklyrics.com/lyrics/acanorousquintet/silenceoftheworldbeyond.html#4"
                },
                {
                    "name": "The Black Spiral",
                    "length": "04:09",
                    "url": "https://www.metal-archives.com/release/ajax-view-lyrics/id/61082",
                    "darklyrics": "\n\n\nA SANE MAN WANDERS\nIN HOPES HIGH  NOT TO DIE\nTO MASTER AND TO UNDERSTAND\nTHE SICKNESS OF EVERY SOUL\nONE BREATH IN THE FROZEN DARKNESS,\nDARKNESS BURNING WITH FEAR\nFEEDING UPON THE MIND\nTWISTING AND TURNING\n\nA SICK AND BROKEN PORTRAIT OF BALANCE\nTHE SWIFT DAGGER OF MADNESS\nBUT WITH MADNESS COMES POWER\nSANITY SPLITS APPART\nPARADOX UPON PARADOX\nPAINFULLY DRAINING\nYET UNSEEN UNTOUCHED\nSANITY FALLS, FALLS INTO THE PIT OF NOTHINGNESS\nTO PURE IS THE VISION OF CORRUPTION\nTOO CLOSE, TOO SICK\n\nTHE MIND CRACKS\nSHATTERS AND DISAPPEARS IN THE DARKNESS\nNOTHING HAS CHANGED\nLIFE CONTINUES IT'S SICK PARODLY\nOF IT'S IDEAL\n\nAND ONLY DEATH CAN SET US FREE\n\n\n\n(AND ONLY DEATH) CAN SET US FREE\n\nTHE BLACK SPIRAL\nA SICK AND BROKEN PORTRAIT OF BALANCE\nTHE SWIFT DAGGER OF MADNESS\nBUT WITH MADNESS COMES POWER\nSANITY SPLITS APART\nPARADOX UPON PARADOX\nPAINFULLY DRAINING\nYET UNSEEN UNTOUCHED\nSANITY FALLS, FALLS INTO THE PIT OF NOTHINGNESS\n\n",
                    "darklyrics_url": "http://www.darklyrics.com/lyrics/acanorousquintet/silenceoftheworldbeyond.html#5"
                },
                {
                    "name": "The Last Journey",
                    "length": "02:49",
                    "url": "https://www.metal-archives.com/release/ajax-view-lyrics/id/61083",
                    "darklyrics": "\n\n\n\n",
                    "darklyrics_url": "http://www.darklyrics.com/lyrics/acanorousquintet/silenceoftheworldbeyond.html#6"
                },
                {
                    "name": "In the Twilight of Fear",
                    "length": "05:39",
                    "url": "https://www.metal-archives.com/release/ajax-view-lyrics/id/61084",
                    "darklyrics": "\n\n\nNOTHING IS WHAT WE ARE\nSILENCE SURROUNDS OUR PRESENCE\nNO LONGER CAN WE SPEAK\nTHE DAYS WHY CAN'T THEY END ?\nA DIFFERENT KIND OF MAGIC\nCONTROLS THE FEW OF MORTALS\nENSLAVED ARE ALL THE OTHERS\nEXCEPT THE HUNGRY BEASTS\n\nTHAT WILL LIVE THROUGH\nBOTH DAWN AND DAY\nPROMISES OF THE PROMISED LAND\nNEVER TO BE FULFILLED\nLIES.....\n\nICEFILLEDWASTELAND\nTAKE US THROUGH INFINITY\nOCEANS OF GREY\nALL LIFE HAS CEASED\nFORESTS OF EBONY, GRAVEYARDS TO BE\nNO, WHAT HAS BEEN DONE\nTHE CASTLES NOW LEFT IN RUINS, (LEFT IN RUINS)\n\nTHE ESSENCE OF BETRAYAL\nENGULFED IN OUR BLOOD\nSUNRISE WILL IT EVER BE\nTHE DAWN HAS COME\nWE ARE ALL BURNED BY THE FLAMES OF LIFE\nSTILL NOTHING HAS BEEN DONE\n\n\n\nIN THE TWILIGHT OF FEAR\n\n\n\nIN THE TWILIGHT OF FEAR\n\n\n\n",
                    "darklyrics_url": "http://www.darklyrics.com/lyrics/acanorousquintet/silenceoftheworldbeyond.html#7"
                },
                {
                    "name": "Burning, Emotionless",
                    "length": "05:42",
                    "url": "https://www.metal-archives.com/release/ajax-view-lyrics/id/61085",
                    "darklyrics": "\n\n\nSANCTUARY FOR ME HAS BEEN BANISHED\nI SEARCH FOR FORGIVNESS\nWHICH I CAN NOT FIND\n\nLOOSING MYSELF, I AM DRAINED OUT OF LIFE\nTHE SILKBLACK SHADOWS WILL TAKE MY MIND\n\nSADNESS AND SORROW TAKE MY HANDS\nAS I RIDE THE WINGS OF DESTINY\n\nTHE GRIEF OF OTHERS I SHARE WITH PAIN\nTWISTING AND TURNING I'M LONGING FOR DEATH\nI'M WITHIN THE BLACKEST OF BLACK\nALL MY WOUNDS WILL BURN ME IN FLAMES\nAT THE END OF THE ROPE I'LL HANG TO BE FREE\n\nLOOSING MYSELF, I AM DRAINED OUT OF LIFE\nTHE SILKBLACK SHADOWS WILL TAKE MY MIND\n\nYOU HIDE FROM THE DAYLIGHT,\nTO SHINE THE DARK\nLOST IN MY OWN WORLD OF PREDESTINED FATE\n\nOH HOW I LONG TO FEEL\nI'M BURNING INSIDE\nTHE ASHERS REMAIN\nA HOLLOW AND EMPTY SHELL\nALL ALONE, FOREVER I AM\n\nTHE TENDER KISS OF LIFE\nI HAVE NEVER FELT, NOR WILL I FEEL\nEMBRACED BY DEATH,\nMY LAST BREATH I TAKE\nTHE ONLY ONE TO WHISPER GOODBYE\nIS DEATH THAT I GREET WHITH MY EMPTY HEART\n\nEMBRACED BY DEATH,\nMY LAST BREATH I TAKE\nTHE ONLY ONE TO WHISPER GOODBYE\nIS DEATH THAT I GREET WHITH MY EMPTY HEART\nALL LOVE IS LOST AS I DESOLVE IN THE WIND\nIN VAIN I AM GONE\nAND THAT I REGRET\nFORGIVE BUT DON'T FORGET\n\n\n\n(ALL LOVE IS LOST AS I DESOLVE IN THE WIND\nIN VAIN I'M GONE\nAND THAT I REGRET\nFORGIVE BUT DON'T FORGET)\n\n",
                    "darklyrics_url": "http://www.darklyrics.com/lyrics/acanorousquintet/silenceoftheworldbeyond.html#8"
                },
                {
                    "name": "Dream Reality",
                    "length": "04:51",
                    "url": "https://www.metal-archives.com/release/ajax-view-lyrics/id/61086",
                    "darklyrics": "\n\n\nI AWAKE, GONE IS MY DREAM\nONLY IT'S MIST FADES AWAY\n\nBACK IS FEAR AND SADNESS\nCLAIMING MY HEART LIKE A BLACK HAND\nI CRY AS I REFUSE TO ACCEPT THIS DAY\nI WANT BACK THE DREAM, UNREALITY\nIN IT'S GRASP I AM FREE\nONLU IN IT'S DOMAIN CAN I LIVE\n\nNOW ON THIS DAY I AM POWERLESS, POINTLESS\nI CAN NOT CONTINUE THROUGH THIS MISERY\nHERE NO SPIRITS WILL GUIDE ME\nAND I WISH FOR ETERNAL LIFE IN FANTASY\n\nI AM SURROUNDE BY A WORLD OF IGNORANCEAND HATE\nYET IT'S MY REALITY\n\nI CAN NOT EXCEPTIT, SO BE IT\nI SHALL END MY LIFE\nAWAY FRON REALITY\nETERNITY UNFOLDS\n\n\n\n(AWAY FROM REALITY, ETERNITY UN)FOLDS\n\n\n\n\n",
                    "darklyrics_url": "http://www.darklyrics.com/lyrics/acanorousquintet/silenceoftheworldbeyond.html#9"
                }
            ],
            "song_names": [
                "Silence of the World Beyond",
                "Naked with Open Eyes",
                "Spellbound",
                "The Orchid's Sleep",
                "The Black Spiral",
                "The Last Journey",
                "In the Twilight of Fear",
                "Burning, Emotionless",
                "Dream Reality"
            ]
        },
        {
            "name": "The Only Pure Hate",
            "type": "Full-length",
            "year": 1998,
            "review_num": 2,
            "review_avg": 84,
            "url": "https://www.metal-archives.com/albums/A_Canorous_Quintet/The_Only_Pure_Hate/7523",
            "reviews_url": "https://www.metal-archives.com/reviews/A_Canorous_Quintet/The_Only_Pure_Hate/7523/",
            "reviews": [
                {
                    "title": "They should be where AMON AMARTH is now - 85%",
                    "content": "That was 1998 when A CANOROUS QUINTET has released their second album, but I must say that nowadays such music would easily be considered as just a lame copy of AMON AMARTH. And I find it as ridiculous! Damn, every review of A CANOROUS QUINTET I've read mentions AMON AMARTH as an influence. But in that time - 1995-98 - hardly anyone have heard about them! They were nobody! \"Silence of World Beyond\" was long time released before METAL BLADE unleashed \"Once Sent from the Golden Hall\". So everybody please stop saying that AMON AMARTH inspired A CANOROUS QUINTET! I guess both bands started at the same time and maybe originally were taking influences from similar bands... But it should rather be the opposite - AMON must remind you QUINTET. Not that it matters, but something like that really pisses me off.\n\nThe other thing is A CANOROUS QUINTET showed a high potential on their debut full length. It was a superb music - so ferocious that AMON AMARTH never even thought about something like that. What's most important, a follower, \"Only Pure Hate\" doesn\u2019t disappoint, even though the band again made some changes in its style. I have an impression that A CANOROUS QUINTET has been less inspired by the black metal atmosphere and its furious sound (vocals especially) that were all evident on debut CD. And these Swedes looked more into AT THE GATES or UNANIMATED style that DISSECTION this time, luckily they've done that without wimping out...\n\nYeah, \u201cThe Only Pure Hate\u201d shreds. I love the melodies the band plays and the way they manage to keep the music aggressive and raw. They simply never overdo with delivering the melodic riffs. The music is fantastic, catchy as hell and through the entire album you\u2019ll end up banging your head like crazy maniac. There are some unforgettable tunes and so the album truly sticks in the mind for endless hours. It\u2019s interesting to hear the band, which doesn\u2019t bring a simple song structures, they rather concentrate on long instrumental passages and build intelligent compositions. I love the vocals\u2019 parts as well \u2013 with the lyrics sheet you can almost scream some of the choruses with the CD, so it does make a great impact on the listener. The overall atmosphere is simply dark and raw, aggressive and full of energy \u2013 such things are necessary on good death metal album! \n\nThe final thing I must underline is the production. A CANOROUS QUINTET has moved from ABYSS to SUNLIGHT Studio and got much fatter and brutal sound in my opinion, which is great! It\u2019s good to know that the bands were not forgetting about the famous SUNLIGHT after the 1990-94\u2019s reign of the Swedish death metal. Skogsberg did help \u201cThe Only Pure Hate\u201d a lot, giving it unforgettable, brutal and fat sound I adore.\n\nSo, to conclude \u2013 A CANOROUS QUINTET has done two full lengths and one MCD in their short career. I can\u2019t honestly say which of these CDs is better. I enjoy listening to them all, and so I must recommend it to everybody. It\u2019s one of such bands that I listen to with an enormous pleasure even after so many years, so horns up, bang your head with the quintet!!!!!!!",
                    "date": "February 4th, 2010"
                },
                {
                    "title": "Holy Shit\u2026 - 83%",
                    "content": "\u2026it\u2019s better than the debut! First time hearing this I wasn\u2019t so please and felt it was boring and unnecessary. Wrong dumbass! This is by far the best release these guys have created \u2013 even their newer shit under a different band name doesn\u2019t compete in the slightest bit.\n\nImmediately opening with \u201cSefldeceiver (The Purest Of Hate),\u201d I picked up on the heavy thrash influence. The track is fast-paced, melodic, intense, and as fun as pillaging. In fact, most of the songs are like this, but they don\u2019t get tiring or redundant at all. The riffs themselves keep me entertained as they churn around, chug endlessly, and paint a bloody red picture in my head like the cover art. That said, the riffs are darker and more sinister than the previous album, which aimed to be more classical and innocent.\n\nThe most ferocious aspect is the drumming: complacent double bass, cymbals torn asunder like crazy, and a berserk pattern overwhelm the listener while the guitars go in for the mercy kill. This is expected from Andersson, who joined Amon Amarth before the creation of this album and thus gained a bit more experience \u2013 it shows. Another surprising fact is that solos are more abundant and kick more ass than ever before. \u201cThe Void\u201d had me so entranced by its bridge solo and the following riff of desolation that I had to make sure it was the same band.\n\nUltimately, this album will sound exactly like Amon Amarth \u2013 the stampeding rhythm, crushing riffs, malevolent bass (doesn\u2019t play a huge role), and the shredded screams of Hansen are all similar to early Amon Amarth. The only real difference is that this album has a \u201cthinner\u201d sound and thus the impact isn\u2019t as thunderous. Compared to the debut though, it\u2019s pretty powerful stuff. The riffs themselves sound romantically tragic and more convincing in supremacy. Growling like Amon Amarth would have been preferred and to some extent Hansen does some, but the majority here are screams that would fit better on a black metal album.\n\nSo uh, wow, quite the change in the right direction. To bad these guys would fuck it up by breaking up for a few years and then getting back together to form a shitty industrial / Gothenburg band. They could have easily continued this progression and made something along the lines of Sacrilege, another hostile melodic death band.",
                    "date": "May 19th, 2009"
                }
            ],
            "songs": [
                {
                    "name": "Selfdeceiver (The Purest of Hate)",
                    "length": "03:00",
                    "url": "https://www.metal-archives.com/release/ajax-view-lyrics/id/66660",
                    "darklyrics": "\nDusk has come to pass\nThe irreversible darkness surrounds us\nScared away from the light\nNo mercy will be shown\nYour blood will flow\nWeakminded, you deserve to die\nFilled with the purest of hate\nMy axe rips the air\n\nDeformed beyond recognition\nThe unpurest of all\nNot even worthy of the ignorance\nThe ignorance of your slayer\nKneel on command\n\n you, you couldn't believe\nCouldn't believe it was for real\nUntil you realize, that it is you\nThe selfdeceiver\n\nThere is nothing, all must end\nFor the selfdeceivers\n\n\n\n\nIt is you who are crawling\nCrawling in a world of shit\nAnd still you enjoy it\nBut even when there's nothing\nLets to crawl for you're still stuck\nIn your pile of fucking shit\nThe blade will fall\nTo end it all\n\n",
                    "darklyrics_url": "http://www.darklyrics.com/lyrics/acanorousquintet/theonlypurehate.html#1"
                },
                {
                    "name": "Embryo of Lies",
                    "length": "03:45",
                    "url": "https://www.metal-archives.com/release/ajax-view-lyrics/id/66661",
                    "darklyrics": "\nHidden thoughts of hate\nTrying to manipulate the fate\nUnseen is the power of every man\nThey who see they don't understand\n(blind, blinded by fear)\nTruth they will not hear\nNeverending sadness\nTurn into pure madness\n\n a beatiful pattern op emptiness\nAn empire op distress\nThe ruler of darkness\nIn an embryo of lies\n\nUnseen is thi power of every man\nThey who see they don't understand\nNeverending sadness\nTurn into pure madness\n\n\n\nOn memories they feed\nBut the air is so hard to breath\nShort fragments of delight\nTo forget the icy fright\n\nWish hothihg else but to die\nAnd to stop the internal cry\nWaiting for the ehd to come\nSoon it will all be gone\n\n\n\n",
                    "darklyrics_url": "http://www.darklyrics.com/lyrics/acanorousquintet/theonlypurehate.html#2"
                },
                {
                    "name": "Red",
                    "length": "04:27",
                    "url": "https://www.metal-archives.com/release/ajax-view-lyrics/id/66662",
                    "darklyrics": "\nTrust! The blind man leads the way\nA burnt out candle in the hand\nChasing for eternity nevermore\nPleased witn being lost forever\nThe touch on your face, it's lost\n\nToo weak, too afraid to find salvation\nLiquid illusions all that is seen\nBelieve in easy dreams. You can have it all!\nThoughts becomes to real, the end is hear!\n\nSun moon nothing's left to see\nStars all surrounding us\nAs we enter into endless nignt\nIt burns inside, tear it apart\n\nLeave it all, face grim reality\nShed a tear for the lost\nWeakness lies in trust\n\nAnd the foolish await the arrival\nCastle of promises imprisoned\nDon't believe the words!\n\n\n\n red is the colour of our dreams\nOur blood, our life, our nignt\n\nWhen all ends up darkened\nRed is the colour of our dreams\n\nOur blood, our life. Our night\nI'm bleeding to death, red\n\n\n\n\n",
                    "darklyrics_url": "http://www.darklyrics.com/lyrics/acanorousquintet/theonlypurehate.html#3"
                },
                {
                    "name": "The Void",
                    "length": "04:14",
                    "url": "https://www.metal-archives.com/release/ajax-view-lyrics/id/66663",
                    "darklyrics": "\nHorrified by the magic of night\nI'm enchanted under the spell\nIn pain i scream once again\nThe pain i thought that i would feel\nIt came upon me early this time\n\n i try to escape into the void\nInto my nomansland\nHow else would i survive  \nTrapped in the spidersweb\nShe who will eat out my heart\nLeaves he with laughters of malice\n\nAs many nights before\nI fear it's my dying breath\nStill i do this with pleasure\nAlthough i know it's pointless and useless\nI end up witn tne poison\nRunning through my veins\n\n(doomed to) eternally suffer\nEternally die\nEternally arise\nImmortal in my suffering \n\nI try to escape into the void\nInto my nomansland\nHow else would i survive\n\n\n\nThe void \n\n",
                    "darklyrics_url": "http://www.darklyrics.com/lyrics/acanorousquintet/theonlypurehate.html#4"
                },
                {
                    "name": "Everbleed",
                    "length": "02:40",
                    "url": "https://www.metal-archives.com/release/ajax-view-lyrics/id/66664",
                    "darklyrics": "\nBorn to bleed with desert dream\nWith no illusions and no need\nMade of steel but not for real\nTo feel is to sin\nTurn blank pages in an empty book\nThere's nothing left to win\nBorn to bleed in a desert world\nSilent agony: everbleed\n\n",
                    "darklyrics_url": "http://www.darklyrics.com/lyrics/acanorousquintet/theonlypurehate.html#5"
                },
                {
                    "name": "The Complete Emptiness",
                    "length": "05:46",
                    "url": "https://www.metal-archives.com/release/ajax-view-lyrics/id/66665",
                    "darklyrics": "\nNo hope, no cure\nNo destination anymore\nSo empty yet complete\nI've seen it all before\n\nA gleam of light revealed\nBut always out of reach\nI was never to know\nIt wasn't part of the show\nYou need the truth, but truth hurts\nWhat i need is not what is offered\nAnswers i don't want to hear\nI'm sorry i can't help you i suffer too\n\n no nope, no cure\nNo destination anymore\nSo empty yet complete\nI've seen it all before\nThe truth it kills\nWithout any blood spilled\nRelieved from life\nAn urge to fulfill\n\nLife is worthless, life is pain\nHere i have nothing to gain\nMy blood runs down tne drain\n(blood rain)\n\nIn spite op my dreams, i hold back\nFor now long will i hold back?\nDon't know what life is for\nBut i don't wanna see anymore\n\n\n\n",
                    "darklyrics_url": "http://www.darklyrics.com/lyrics/acanorousquintet/theonlypurehate.html#6"
                },
                {
                    "name": "Retaliation",
                    "length": "04:25",
                    "url": "https://www.metal-archives.com/release/ajax-view-lyrics/id/66666",
                    "darklyrics": "\nHate has bleeding within me\nI am turned inside out\nWish you felt the pain i feel\nA thorn tearing from inside\n\nI bleed the invisible blood\nThe blood of my soul\nI wish i had the strength to turn my back\nTurn my rage against you\n\nMake you bleed the way i do\nBury you within my darkness\nStifle in my close embrace\nUntil there's nothing left to hate\nOnly the purity of a newborn life\n\n condemned because there is no cause\nSeas of sorrow drowing me\nI'll live forevermore still nevermore\nI'll become your greatest fear\nTake you down to me\nTo perish in hy heart of darkness\nUntil the end of time\n\nUntil the end of time\nIn this world of pain\nSorrow is all you'll gain\nYou get what you deserve!\nYour daydreams end!\nInside this blackhole of my life\nNothing can exist no more\nForever engulfed,\nForever lost, within myself\nWithin hy tihe\n\n\n\n\n",
                    "darklyrics_url": "http://www.darklyrics.com/lyrics/acanorousquintet/theonlypurehate.html#7"
                },
                {
                    "name": "Realm of Rain",
                    "length": "03:31",
                    "url": "https://www.metal-archives.com/release/ajax-view-lyrics/id/66667"
                },
                {
                    "name": "The Storm",
                    "length": "02:37",
                    "url": "https://www.metal-archives.com/release/ajax-view-lyrics/id/66668"
                },
                {
                    "name": "Land of the Lost",
                    "length": "05:06",
                    "url": "https://www.metal-archives.com/release/ajax-view-lyrics/id/66669"
                }
            ],
            "song_names": [
                "Selfdeceiver (The Purest of Hate)",
                "Embryo of Lies",
                "Red",
                "The Void",
                "Everbleed",
                "The Complete Emptiness",
                "Retaliation",
                "Realm of Rain",
                "The Storm",
                "Land of the Lost"
            ]
        },
        {
            "name": "The Only Pure Hate MMXVIII",
            "type": "Full-length",
            "year": 2018,
            "review_num": 0,
            "review_avg": null,
            "url": "https://www.metal-archives.com/albums/A_Canorous_Quintet/The_Only_Pure_Hate_MMXVIII/733159",
            "reviews_url": null,
            "reviews": [],
            "songs": [
                {
                    "name": "Self Deceiver (The Purest of Hate)",
                    "length": "03:08",
                    "url": "https://www.metal-archives.com/release/ajax-view-lyrics/id/4692012"
                },
                {
                    "name": "Embryo of Lies",
                    "length": "03:52",
                    "url": "https://www.metal-archives.com/release/ajax-view-lyrics/id/4692013"
                },
                {
                    "name": "Red",
                    "length": "04:30",
                    "url": "https://www.metal-archives.com/release/ajax-view-lyrics/id/4692014"
                },
                {
                    "name": "The Void",
                    "length": "04:14",
                    "url": "https://www.metal-archives.com/release/ajax-view-lyrics/id/4692015"
                },
                {
                    "name": "Everbleed",
                    "length": "02:42",
                    "url": "https://www.metal-archives.com/release/ajax-view-lyrics/id/4692016"
                },
                {
                    "name": "The Complete Emptiness",
                    "length": "05:55",
                    "url": "https://www.metal-archives.com/release/ajax-view-lyrics/id/4692017"
                },
                {
                    "name": "Retaliation",
                    "length": "04:22",
                    "url": "https://www.metal-archives.com/release/ajax-view-lyrics/id/4692018"
                },
                {
                    "name": "Realm of Rain (Crystal Part 1)",
                    "length": "03:39",
                    "url": "https://www.metal-archives.com/release/ajax-view-lyrics/id/4692019"
                },
                {
                    "name": "The Storm (Crystal Part 2)",
                    "length": "02:43",
                    "url": "https://www.metal-archives.com/release/ajax-view-lyrics/id/4692020"
                },
                {
                    "name": "Land of the Lost (Crystal Part 3)",
                    "length": "05:37",
                    "url": "https://www.metal-archives.com/release/ajax-view-lyrics/id/4692021"
                },
                {
                    "name": "The Plague That Haunts Me",
                    "length": "03:47",
                    "url": "https://www.metal-archives.com/release/ajax-view-lyrics/id/4692022"
                }
            ],
            "song_names": [
                "Self Deceiver (The Purest of Hate)",
                "Embryo of Lies",
                "Red",
                "The Void",
                "Everbleed",
                "The Complete Emptiness",
                "Retaliation",
                "Realm of Rain (Crystal Part 1)",
                "The Storm (Crystal Part 2)",
                "Land of the Lost (Crystal Part 3)",
                "The Plague That Haunts Me"
            ]
        }
    ],
    "album_names": [
        "Silence of the World Beyond",
        "The Only Pure Hate",
        "The Only Pure Hate MMXVIII"
    ],
    "info": {
        "Country of origin": "Sweden",
        "Location": "Kungs\u00e4ngen, Stockholm",
        "Status": "Active",
        "Formed in": "1991",
        "Genre": "Melodic Death Metal",
        "Lyrical themes": "Death, Anxiety, Negativity, Darkness, Hopelessness",
        "Current label": "Black Lodge Records",
        "Years active": "\n1991-1993 (as A Canorous Quartet),\n1993-1999,\n2016-present "
    }
}