{
    "name": "A Life Once Lost",
    "id": "1897",
    "url": "https://www.metal-archives.com/bands/A+Life+Once+Lost/1897",
    "albums": [
        {
            "name": "Open Your Mouth for the Speechless...in Case of Those Appointed to Die",
            "type": "Full-length",
            "year": 2000,
            "review_num": 1,
            "review_avg": 22,
            "url": "https://www.metal-archives.com/albums/A_Life_Once_Lost/Open_Your_Mouth_for_the_Speechless...in_Case_of_Those_Appointed_to_Die/5455",
            "reviews_url": "https://www.metal-archives.com/reviews/A_Life_Once_Lost/Open_Your_Mouth_for_the_Speechless...in_Case_of_Those_Appointed_to_Die/5455/",
            "reviews": [
                {
                    "title": "Pointless and eminently forgettable - 22%",
                    "content": "The very existence of albums like this continues to amaze me. This is one of those turn-of-the-millennium metal albums that operates in a murky area between post-hardcore, metalcore, melodic death metal, and random technical noodling, and the combination is about as awkward and unpleasant as it sounds. It really begs the question: did anyone like this even when it was popular? Were there kids who listened to this album and genuinely found it to be 'the shit'? It's really bad by any standard; perhaps I'm missing something and having parts of songs not relate to each other in any logical way is in some circles desirable, but to me it makes for pointless songs, and moreover, a pointless album. I can't see anyone actually liking this.\n\nDespite the fact that nothing actually unique happens in this album, it's still impossible to predict where the songs are going because their direction is so irrelevant and meaningless. There's a handful of main ideas employed on this album: melodeath riffing, metalcore chugging, and sudden bursts of technicality via unusual time signatures or just shredding, but none of these individually or in conjunction with each other manage to go anywhere of significance. Like so many other bands, A Life Once Lost suffers from a serious case of Opeth syndrome, with an almost pathological inability to write interesting, coherent songs. Each one is a droning processions of mediocre riffs half-remembered from other, better metalcore and melodeath bands and spastic technicality that adds only the illusion of depth. Abandoning musicality and logical structuring is only good when the band doing it has a great deal of raw talent to draw inspiration from, but in this case it's just an incoherent mash of stale, overused ideas. What's there to enjoy about this? Screamed vocals? Boring riffs? Technical but otherwise uninspired drumming? No thanks.\n\nOnly the most impossibly die-hard tech/metalcore fans need to hear this, everyone can pass without even a look over the shoulder.",
                    "date": "November 10th, 2008"
                }
            ],
            "songs": [
                {
                    "name": "Joan Said Please",
                    "length": "04:17",
                    "url": "https://www.metal-archives.com/release/ajax-view-lyrics/id/49282"
                },
                {
                    "name": "This Is What She Calls Home",
                    "length": "03:27",
                    "url": "https://www.metal-archives.com/release/ajax-view-lyrics/id/49283"
                },
                {
                    "name": "Prelude",
                    "length": "01:29",
                    "url": "https://www.metal-archives.com/release/ajax-view-lyrics/id/49284"
                },
                {
                    "name": "Almost Perfect but I Failed",
                    "length": "02:43",
                    "url": "https://www.metal-archives.com/release/ajax-view-lyrics/id/49285"
                },
                {
                    "name": "A Fall's River Fairwell",
                    "length": "03:20",
                    "url": "https://www.metal-archives.com/release/ajax-view-lyrics/id/49286"
                },
                {
                    "name": "Gentle and Elegant",
                    "length": "05:00",
                    "url": "https://www.metal-archives.com/release/ajax-view-lyrics/id/49287"
                },
                {
                    "name": "Everything Becomes Still",
                    "length": "04:18",
                    "url": "https://www.metal-archives.com/release/ajax-view-lyrics/id/49288"
                },
                {
                    "name": "Just Before His Crucifixtion",
                    "length": "02:43",
                    "url": "https://www.metal-archives.com/release/ajax-view-lyrics/id/49289"
                },
                {
                    "name": "Why Do You Make Me Bleed?",
                    "length": "03:56",
                    "url": "https://www.metal-archives.com/release/ajax-view-lyrics/id/49290"
                }
            ],
            "song_names": [
                "Joan Said Please",
                "This Is What She Calls Home",
                "Prelude",
                "Almost Perfect but I Failed",
                "A Fall's River Fairwell",
                "Gentle and Elegant",
                "Everything Becomes Still",
                "Just Before His Crucifixtion",
                "Why Do You Make Me Bleed?"
            ]
        },
        {
            "name": "A Great Artist",
            "type": "Full-length",
            "year": 2003,
            "review_num": 3,
            "review_avg": 79,
            "url": "https://www.metal-archives.com/albums/A_Life_Once_Lost/A_Great_Artist/25043",
            "reviews_url": "https://www.metal-archives.com/reviews/A_Life_Once_Lost/A_Great_Artist/25043/",
            "reviews": [
                {
                    "title": "it sounds like meshuggah - 73%",
                    "content": "As you've likely heard from others, 'A Great Artist' sounds almost exactly like Meshuggah; the only differentiation is that the band didn't manage to get the same equipment and record at the same studio as the Swedes. Far from the frilly technical metalcore of their earlier work, this is pure technical post-thrash, greatly resembling Meshuggah 'Catch Thirtythree' (though that wouldn't come out for two years after this). It's actually almost unbelievable how huge a shift there was between the previous EP and this full-length; it's like A Life Once Lost wants to ignore any part of their metalcore past, and since they refuse to play any of the old stuff live, maybe that's a correct assumption.\n\nIf you've heard modern Meshuggah, you've in essence heard this album. The music is based off convoluted, synchronous guitar/double bass rhythms while vocals monotonously bark over everything against the flow of the music while the rest of the drum kit keeps a standard 4/4 rhythm. Occasionally a sharp, atonal, wandering solo will pop in amidst the chugging as a bridge between lyrical verses, but overall the music is extremely repetitive and straightforward. Really I fail to see where this is different from Meshuggah at all; even the guitar tone and production seems to ape that more famous band completely. The vocals aren't quite as barking and low, but I think they would be if the singer could.\n\nSo really you have to decide whether you like this based on whether it's good Meshuggah worship rather than if it's a good album on its own. On that note, yeah, it's fairly capable; nothing to write home about but entertaining enough to get you through the CD's running time without getting too bored. While Meshuggah has this style down to an absolute science, A Life Once Lost do it in a slightly rawer, perhaps minorly simplified way: the rhythms don't seem quite as long before repeating and they aren't themselves as inscrutable as what you'd hear on an album like 'Chaosphere'. The vocals aren't really delivered as well as Jens Kidman, but are inoffensive and easy to ignore. The main problem, if any, with this release is that unlike Meshuggah, A Life Once Lost have difficulty turning the very technical rhythms into equally memorable songs; they're all pleasant when you hear them, but tend to leave your mind as soon as they're over.\n\nYour enjoyment of this release is entirely based on how much you like Meshuggah, so just extrapolate your feelings towards that band to this album and you have your recommendation of buying or not. Meshuggah fans might as well pick this up as a sort of 'lost album', though it's probably not as necessary as any of the real deal's releases, but it's nice if you just need more of that technical, chugging sound but are out of Swedish things to buy. Not bad, but completely derivative.",
                    "date": "March 14th, 2009"
                },
                {
                    "title": "34 minutes of riff and groove... - 80%",
                    "content": "It is interesting to note the extent that some bands will go to, in an attempt to incorporate their influences within the mould of their \u2018own\u2019 sound. Sometimes the lines between straight up homage and blatant plagiarism can be rather blurred. There is not a hell of a lot of difference between old style Morbid Angel and Zyklon at the moment, but it is clear that Zyklon are very much their own band and in my eyes, they have produced an excellent disc in \u2018Aeon\u2019. You can spot the influences, but there is certainly no need for Trey and Co to start court proceedings. This leads me to Philadelphia's \u2018A Life Once Lost\u2019 \u2013 unlike Zyklon, they MAY have some issues re the influences they have applied to their sound. The lines are blurred here folks \u2013 one listen to \u2018A Great Artist\u2019 will leave no doubt in your mind that just maybe, this is a little too close to the bone.\n\nFrom the outset, I\u2019d like to make it clear that I think that this album is an awesome listen - Excellent musicianship, technically proficient in all areas and brilliantly produced. However, I cannot proceed any further without mentioning the one major template that this album has been developed upon \u2013 Meshuggah! I was actually going to attempt to review this disc without mentioning their name, but such is the influence (particularly the \u2018Nothing\u2019 disc) and aura that they cast over the album, it is nigh on impossible. Now, people can point the finger at a shit load of other acts who seem to blatantly \u2018impersonate\u2019 the music of other acts \u2013 Christ, you\u2019ve got great cause to question the difference between Darkest Hour and At The Gates (not much) and bands like \u2018Beyond The Embrace\u2019 do their best at forming their own little \u2018Gothenburg\u2019 sound as well. However, with \u2018ALOL\u2019, there seems to be an overwhelming sense of \u2018haven\u2019t I heard this before\u2019 type comments being raised. Bottom line \u2013 the punters will state it \u2013 this sounds just like Meshuggah!!\n\nTaking your cues from Meshuggah is far better than rehashing the latest Type O Negative and maybe we need more of it \u2013 it\u2019s a rather fertile well to drink from as far as I am concerned. All I am saying is that \u2018A Life Once Lost\u2019 may tread on a few toes with this. I am equally certain that there will be plenty other going ape-shit over what has been laid down on \u2018A Great Artist. \n\nHaving said that, the fans that will flock to this will also find it to be a tremendous mix between Meshuggah and Lamb of God (particularly in the guitar production). Add some innovative technicality ala \u2018The Dillinger EP\u2019 and you can start to see where ALOL are coming from. Musically this is a much more exciting disc that Meshuggah\u2019s \u2018Nothing\u2019 disc \u2013it probably still stuck in the constant mid-tempo to slow range a little too much for my liking, but with a excellent production with an emphasis on the downtuned heaviness, the exploration of abstract riff patterns (with loads of repetitive \u2018bend\u2019 style playing) that lock down a killer groove (augmented by some stunning polyrhythmic, yet accessible drumming and time signatures), there is plenty to like about this album. Vocally, Robert Meadows work in perfect unison with the bands unrelenting beats - fitting somewhere between Jens Kidman's (Meshuggah) measured rasp and Randy Blythe\u2019s (Lamb of God), Meadow\u2019s delivery is brutal and uncompromising. No melodic, clean breaks here punters \u2013 just rage and anger and pure extremity throughout.\n\nAnother great aspect to \u2018A Great Artist\u2019 is it\u2019s length \u2013 unlike Meshuggah\u2019s \u2018Nothing\u2019 that may have overstayed it welcome somewhat, this disc is all over in 34 minutes \u2013 each track sticks to a riff, a groove and then ends. No excess. No overblown musical explorations. Make no mistake, this album is very much at the technical progressive end of the metalcore scene, it\u2019s just that it makes its statement much more efficiently and with greater impact.\n\nDespite my plagiarism concerns, which may or may not be valid, \u2018A Life Once Lost\u2019 is part of a metalcore movement that truly excites me. If you are able to deal with it\u2019s blatant influences (and it will test some listeners tolerance here), and its \u2018one-pace\u2019 tempo then you will find \u2018A Great Artist\u2019 to be a truly crushing record that will provide untold pleasure.",
                    "date": "October 9th, 2004"
                },
                {
                    "title": "better than the earlier stuff, progress is good! - 84%",
                    "content": "A Life Once Lost made a big progression from their last EP to this full-length, what I mean is that I expected the same brutal metalcore as on \"The Fourth Plague Flies\". \n\nBut what they've started there (on that EP) they fully set forth on \"A Great Artist\" because they just throw away the hellish fast metal parts and throw in a lot more tempo-changes and they generally head more into the math-rock direction. \n\nSounds like the math-rock version of Botch, or like my reviewer friend stated earlier, very Meshuggah-esque but they still saved their metallic hardcore sound through recurring guitar riffs and thick drumming. \n\nMonstrous wall of guitars that flow into quality riffs and the blasting drums & bass in the background combined with the brutal shouting in the fore-front makes this record a pleasurable experience. Math-rock with technical perfection that sounds like the slow-downed version of Dillinger Escape Plan but in the end none of the comparisons fit to A Life Once Lost's mind-crushing festival of noise! \n\nOn most songs they still prove that they are masters of devastating metal/hardcore like at the beginning of \"Overwhelming\". This isn't your happy summer soundtrack, A Life Once Lost offer the right soundtrack to any day with down-moshing and arduous hardcore. It's an outstanding record but not easy to get into.",
                    "date": "July 7th, 2004"
                }
            ],
            "songs": [
                {
                    "name": "Surreal Atrocities",
                    "length": "03:04",
                    "url": "https://www.metal-archives.com/release/ajax-view-lyrics/id/198952",
                    "darklyrics": "\nthe damage has been done\nlisten to the cries of turmoil\nas the day continues to rain\nyou can hear the vocal violence\nsilence the crowd\nwords fall short of sound\nas the loudest of men\nbecom speechless\nlack of breath\nis what swept me away\nas i wallow\nhelpless in this surreal atrocity\nwith night approaching\nwe all become vulnerable\neverything seems to move slower\nas time drifts apathetically\nto great the dawn\nas the new day begins\nthe effort to live becomes none\n\n",
                    "darklyrics_url": "http://www.darklyrics.com/lyrics/alifeoncelost/agreatartist.html#1"
                },
                {
                    "name": "Cavil",
                    "length": "03:38",
                    "url": "https://www.metal-archives.com/release/ajax-view-lyrics/id/198953",
                    "darklyrics": "\ni tested your patience\nwithout you even knowiing\nso i continued to throw words\naround carelessly\ni knew how to get you off\ncertain words\nevoked this beast from you\nit was your carless eyes\nthat strayed away\nwhich brought forth\nyour true feelings\nnow tell me of the nights\nwhen you pushed my patience\nthe thrusts of hormonal guilt\ni suffer here\nyour skin\nholds the image of his face\nand your hair\nsmells of compulsive lust\nnow tell me\nwas it worth it?\n\n",
                    "darklyrics_url": "http://www.darklyrics.com/lyrics/alifeoncelost/agreatartist.html#2"
                },
                {
                    "name": "The Change Came Suddenly",
                    "length": "04:09",
                    "url": "https://www.metal-archives.com/release/ajax-view-lyrics/id/198954",
                    "darklyrics": "\ncan i spread frustration\nwithout speaking?\nwithout parting my lips\nexcept to breath?\ni let my actions speak for me\nbecause my words\ncollided with yours\nit created tension and frustration\nso i left\ni didnt turn around to see\nhow troubled you were that night\ni promise that it paled in comparison\nto the anguish each step brought me\nas i walked away\nmy heart pumps your rhapsody\ni still lick my lips\nto the thought of you\nso now im stuck here\nin the purgatory of longing\nfor that one kiss good-bye\ni try to empty myself\nof all desire that i crave for ou\nbut the attempt only brings me\nto my knees\ni succumb to you idol\nthis subconscious social vampire\nwho haunts everythought\ni chock on the will to demand patence\nonly to find myself swallowing blood\n\n",
                    "darklyrics_url": "http://www.darklyrics.com/lyrics/alifeoncelost/agreatartist.html#3"
                },
                {
                    "name": "Nevermore Will I Have an Understanding...",
                    "length": "05:22",
                    "url": "https://www.metal-archives.com/release/ajax-view-lyrics/id/198955"
                },
                {
                    "name": "...in Anything Under the Sun",
                    "length": "02:27",
                    "url": "https://www.metal-archives.com/release/ajax-view-lyrics/id/198956"
                },
                {
                    "name": "Maudlin",
                    "length": "03:04",
                    "url": "https://www.metal-archives.com/release/ajax-view-lyrics/id/198957",
                    "darklyrics": "\nher cloths were soaked with mildew\nropes burned their way\nthrough her fragile thin wrists\ni stood over her\nwatching to see\nif she was going to live or die\ni remember her\nscreaming and scratching to my arms\nwhile i was tying her wrists\nbehind her back\nshe was kicking her legs\nup and down in my direction\ntrying to prevent me from knotting the ropes\nstop crying\ni screamed in her face\nyou took me for granted this time\nhow could youve done this to me\ni said as i punched the ground beside her\nuntil fists were sore and bloody\nhoney this couldve all been different\nif you had wanted it to be\ni gently whispered in her ear\nu dont care what you want anymore\nthis is what i want now\ndont offer me anything\nyou will be wasting you breath\n\n",
                    "darklyrics_url": "http://www.darklyrics.com/lyrics/alifeoncelost/agreatartist.html#6"
                },
                {
                    "name": "Pious",
                    "length": "04:36",
                    "url": "https://www.metal-archives.com/release/ajax-view-lyrics/id/198958",
                    "darklyrics": "\na clustered mind is not a benefical one\ni am being chocked mentally\nthought flow through my head\nlike a verbose raging river\ntambling four word phrases\njumping from noun to noun\ni yearn to live for a a person\nthat can make me feel like pious\nbut instead i am shattered by irreverence\ni want someone who allows themselves\nto live without margins\nto be bereaved\nnights turn into days\nand i can only remember my dreams\nthey seem existent\ncreating the smell of perfume\nthe fumes turn into a plague\noverbearing my senses\nwith some imaginary woman\nwho fucks me from hello\nwhen i open my eyes\ni see a reflection of myself\nlost and motionless\n\n",
                    "darklyrics_url": "http://www.darklyrics.com/lyrics/alifeoncelost/agreatartist.html#7"
                },
                {
                    "name": "The Wicked Will Rot",
                    "length": "03:41",
                    "url": "https://www.metal-archives.com/release/ajax-view-lyrics/id/198959",
                    "darklyrics": "\nwhen did this all start anyway?\nwe have all the time in the world to kil\nso lets converse over my imperfections\nyou did it all the time\neven when i was standing next to you\nwhey should now be any different?\nyou already shattered\nmy self image\nwith your self righteous\nfist of disapprval\ni guess when i wasnt there\ni wasnt there period\nwas i\nno\ntrust is not an option with me anymore\nmy secrets are my secrets\nive beenpushed into this state\nof discomfort once before\ni cannot act like it doesnt bother me\nmy eyes strain\nclearly enough for you\nto understand something\nyou lack of compassion\nwill never allow you to see\n\n",
                    "darklyrics_url": "http://www.darklyrics.com/lyrics/alifeoncelost/agreatartist.html#8"
                },
                {
                    "name": "Overwhelming",
                    "length": "03:51",
                    "url": "https://www.metal-archives.com/release/ajax-view-lyrics/id/198960",
                    "darklyrics": "\nnow we are here\nwe are closer to absolute control\nmore than ever before\nmy growing desire\nto conquer the world\nincreases over night\nthis surge of poetic tyranny\ngushes through my body conduits\nfeelings meet me face to face\ni stand up taller than you\nand watch my hands smother this world\ni want to leave millions hypnotized\nand gasping for their last breath\ni have been here once before by myself\nthis is nothing new for me\ni am degraded and thrown aside \nrealization steps away from its waltz\nwith my mental shadows\nto present this uncoated truth\n\n\n\n\n",
                    "darklyrics_url": "http://www.darklyrics.com/lyrics/alifeoncelost/agreatartist.html#9"
                }
            ],
            "song_names": [
                "Surreal Atrocities",
                "Cavil",
                "The Change Came Suddenly",
                "Nevermore Will I Have an Understanding...",
                "...in Anything Under the Sun",
                "Maudlin",
                "Pious",
                "The Wicked Will Rot",
                "Overwhelming"
            ]
        },
        {
            "name": "Hunter",
            "type": "Full-length",
            "year": 2005,
            "review_num": 5,
            "review_avg": 71,
            "url": "https://www.metal-archives.com/albums/A_Life_Once_Lost/Hunter/78905",
            "reviews_url": "https://www.metal-archives.com/reviews/A_Life_Once_Lost/Hunter/78905/",
            "reviews": [
                {
                    "title": "The life is lost- the groove is not - 90%",
                    "content": "WIth Hunter, A Life Once Lost somewhat ditched the distinctive djenty sound of A Great Artist, and instead incorporated more Lamb of God- like groove into their music. The \"change\" that came with this album (the sound hasn't really changed, but an element of the band's music was more emphasized) marked the almost-third change in the band's musical transitions (mathcore-djentgroove-groovedjent-groove-psychedelic groove). This thing often shows the band's lack of instability in musical ideas, but the case with this band is different. Really different.\n\nThe first notable thing about this album, is that IT GROOVES. As the album begins, Rehashed kicks you straight in the crotch as the Meshuggah influenced Lamb of God-y groove begins, and the album isn't lacking in any of these. Almost every song has the LOG-y style riffs- with some being more influenced by Meshuggah, and the others just being plain kickass. The distinctive A Life Once Lost riffs are scattered all over the album- either in their full groovy pride, or just being atmospheric and chilling (such as the ones in \"Hunter\"). The fact that they aren't overused or underused indicates that the band has something to prove with this album- which is something many bands that play this genre are known of, and as one of the bands that developed djent they don't stick to only one groove throughout the album - that is a very relieving fact for the reason that quite many bands of that genre stick to the same chugchugchug breakdowny polyrhythms (Vildhjarta, that's you I'm talking about). \n\nThe vocals here have a drill- like aesthetic, very similar to Jens Kidman's and Randy Blythe's (he actually appeared on a few of the album's tracks as a guest vocalist) and feature a very monotonous barking. They don't fall of quality through the album's duration, and even with their clear monotony they don't provide any boring moments, and add to the disjointed atmosphere of the album which is what the band tried to deliver with this album. Double bass drum rhythms and aggressive basslines dominate this album as well, and contribute a whole lot to the album's sound, discordancy, and heaviness in particular. Light melodic ideas were also incorporated into Hunter (as seen in \"Needleman\" and 'Hunter\") which relieves the disjointed groove mayhem by only a bit. \n\nA powerful production which boosts the heaviness and brutality of the album emphasized the right instruments in the right places, which makes this album almost flawless- if not the overlong repetition here and there. Hunter kicks ass. That's all what can be said about it. Very recommended.",
                    "date": "February 19th, 2017"
                },
                {
                    "title": "Needs more toilet paper - 35%",
                    "content": "I'm picturing a car that won't start. What can you see? That juddering, grinding of gears, the difficulty of movement where movement should be easy - basically, it's hard to really enjoy this album. This kind of music isn't exactly my favourite (I seem to remember picking this up very cheaply in the days when I didn't have any money) but, when done well, it can be immensely satisfying to listen to. Those choppy, rocky metalcore riffs opposed with the more fluid groove riffs can work a treat for bands like Lamb of God and...oh yeah, that's who A Life Once Lost sound like. It's not so much an influence, more like a parasitic presence, to the point where Randy Blythe actually contributes vocals to 'Vulture' (the song chosen for promotion, natch) and he's much better than Robert Meadows, who - unsurprisingly - has filled in for Lamb of God before. You see where this is going?\n\nFirst, the vocals. They are executed with a super-brootal tone, always screamed, and never varied. This sounds okay, except that the aforesaid super-brootal tone sounds just like my screams when I'm trying to expel a tough piece of poop that's much larger than my rectum. They aren't great vocals and the vocalist never shuts up.\n\nThe rest of the band give it a slightly better shot. The guitarists don't do a bad job, changing up between the stuttering riffs and the smoother ones, though many of these sound similar to one another and I definitely can't pick a favourite. They are smart enough to change things up completely on the brooding title track and also add plenty of very welcome melodies and solos (always short, but reasonably tasty), which are actually the most interesting thing here. We can detect the bassist, who sounds like no one's told him that the Meshuggah audition is finished and that Randy Blythe has left the studio. The drummer is pretty good, but what he plays is generic and can't get me excited at all.\n\nI need to talk about the songs now, but don't worry, this won't take long. There are only two. There's the one where the band play in their signature style, like 'New American Gospel'-era Lamb of God having a fight with 'Sacrament'-era LoG with a very noisy, very drunk commentator screaming over everything. Then there's the one where the metalcore is dialed back a bit and the guitars get moody with a touch of keyboard backing them up, which I prefer, if only because it's a change. This style emerges on the title track (with the same aggressive commentator) and 'Salai', a short instrumental track that isn't very interesting, though the band clearly thought it was.\n\nThe problem with 'Hunter' is that everything is vaguely competent and there are no ridiculous mistakes thrown into the mix, but it ends up being excruciatingly boring, even at just 35 minutes. It copies another band's style, doesn't improve on it, has generic riffs and song structures, and the vocalist shits all over everything. Someone give him some toilet paper, please.",
                    "date": "May 3rd, 2015"
                },
                {
                    "title": "Simple, groovy, and damn good. - 90%",
                    "content": "This is metal boiled down to it's most basic and primeval substance. Right from the start it is an assault on your ears that is impossible to resist. The groove is well laid and not overdone, and the writing is inventive for the simplicity. It has it's issues, as all albums do, but overall I think this is an excellent piece of music. I'll go through the songs one by one, since that is the simplest way to review music in my experience.\n\nFirst, we have Rehashed. The assault begins with a simple drum fill and that infectious groove is presented. The drums are simple enough, yet fit the song very well, and what else can be asked for drums? The guitars are excellent, if simple. It is obvious that the band isn't playing with such simplicity due to a lack of skill or laziness, but rather to create a simple, upfront and heavy album. The songwriting is effective, providing you with a beat that is varied and yet ever present. The vocals are simply mind-blowing. The power and skill that Bob Meadows uses in his voice is amazing. There are times where you can hear his voice almost breaking out of the scream, however, but the overall product is very striking. \n\nNext is Needleman. An interesting opening, well written, and not as groovy as Rehashed. The intro dies down into simplicity yet again, and the vocals cut through... again, with that strained quality, yet obvious power. The chorus is melodic and infectious. This is not my favorite song on the album, but it is well done nevertheless. I personally would not have put it second on the album, but it is still a good song.\n\nThen comes my favorite song on the album. The powerful ordered chaos of Vulture. This is the epitome of the album -- simple and groovy, yet well written and the vocals are amazing. The energy and power that the band makes here is not to be underestimated. They certainly make you \"feel this uproar.\" Then the song calms down, and showcases the band's writing ability. This band has a talent for not letting simplicity limit them, and they show it here. \n\nPain & Panic. Dark, almost slamming, and strong. This song provides a groove that is almost danceable, but an atmosphere that is dark and almost frightening. This is definitely a song to mosh to. This is one of the few songs that is free from the vocal flaws that plague the other tracks, and is easily one of the best songs on the album. Add an excellent solo, and you have a great crossover metal/hardcore song.\n\nAh, the self titled track, Hunter. My least favorite song on the album. Vocal flaws are few and far between, but the song itself is slow and almost boring. It's still as well written as the other songs, but I just do not like slow metal songs. The atmosphere is more present here than any other song, which is a plus, and still makes the song enjoyable. The vocals are powerful and well done, and make the song.\n\nNext we have Grotesque, another solid and groovy track. While it is present in the whole album, this song is a great example of laying the groove without playing the groove. The band understands that the drums set the beat and the rest of the song is on top of that, and this is a great example of that songwriting concept. It could have been faster, it could have been heavier, but it is still excellent. \n\nNext is the instrumental filler track Salai. Not really much to talk about here. Well done, and haunting.\n\nNext is A Rush And Siege. A slow intro leads into a brutal, heavy, groovy metal masterpiece. A few vocal flaws here and there, but an excellent track. The groove is varied and strong, and the vocals and chorus are infectious. An excellent breakdown leading to a good solo is a welcome change to the song.\n\nI Give In. Not one of my favorite tracks. This track shows the ability of the band to play in odd time signatures, and that is well done. The chorus is powerful. However, the songwriting is not up to par with the rest of the album. The song feels like it needs a little more work done in the writing process.\n\nNext is Ghosting. More varied time signatures, and better songwriting. The lyrics to this song are amazing, and the song itself is great. I feel like it's time I address one of the albums main failings. The songwriting on this album is well done, but too formulaic. It feels like the band stayed in the same few keys for the whole album. Almost every riff sounds like any other on the album. However, they manage to keep me interested in the album and keep it just varied enough so as not to be too repetitive.\n\nWith Pitiless Blows. Infectious groove. Great riff. The drums shine through in this song. And this fucking song is heavy. Very heavy. It's almost slamming. This song is written to be played live. The energy and power in this song make it one of the best songs on the album, and some may say the best. The breakdown is great, and when Bob Meadows screams \u201cWith pitiless blows\u201d it feels like a call to arms and makes me want to start a fucking pit. What more can you ask from metal? This is a great end to the album, and wraps it up excellently.\n\nSo there you have it. Really, there are only two issues on this album, those being vocal flaws and mistakes that are few and far between and take very close attention to notice, and the almost formulaic riffs. However, the riffs, songwriting, vocals, the power and energy, and that damn groove combine to make an undeniably great album.",
                    "date": "January 29th, 2008"
                },
                {
                    "title": "Technical, but without impact. - 48%",
                    "content": "This album's far too fucking groovy!\n\nMind you, I quite like it as a whole. The vocals are heavily distorted, but rather original considering the amount of bland metalcore vocals people throw around these days. He's got an original \"condensed shouting\" tone to his voice rather than an all out scream. \n\nA fault is the fact that a lot of these riffs sound like something you'd hear on CSI during a chase scene. 2:04 of Needleman for example, sounds like something a band like Static-X would put out. Only briefly, but it's enough to throw me off. It's these kind of groovy, too thickly produced riffs that turn me off on this record. There's some nice grooves and a few nice tempo changes that are instrumentally impressive, but there's no riffs here that are fast, chaotic, and catchy. The guitarwork is simply not musical enough here, it's far too mathematical. Bands like this who use the one chord but use it in a rhythmical sense to create odd patterns aren't very metal, nor are they very good.\n\nOverall, the album is (as I said) technical, but without impact. Nothing sticks with you. As you hear the songs, you might think they sound pretty cool. However they are not memorable nor are they melodic. They're just blocks of sound that's difficult to headbang to, and nothing more.",
                    "date": "August 17th, 2007"
                },
                {
                    "title": "Feels too short.... - 90%",
                    "content": "A Life Once Lost's third album goes farther down the road they started with A Great Artist, and has a ton more interesting stuff. It's also not as boring. The problem with A Great Artist was by the end of the album, it became rather boring, whereas Hunter is strong all the way through.\n\nHunter has what you'd expect and a bit more. All the groove and rhythm filled riffs, as well as the disjointed time riffs are here, but it also has hooks and melodic solos. Where A Great Artist sounded like Meshuggah, Hunter sounds like a marraige between them and Lamb of God also. So think of the disjointed rhythm of Meshuggah with the groove of Lamb of God and you'll get Hunter.\n\nThe vocals on this album rule. Robert Meadows, while not suprassing Tomas Lindberg, definetly rivals him in the \"vulture vocal\" camp, meaning they both sound like their vocal chords have been pecked out by crows. Totally brutal. The production on this album is top rank too. All instruments are heard clearly and it's heavy.\n\nOn board here is an instrumental track \"Salai\" is sounds like it could have come straight off of Catch 33.\n\nWith Hunter, Ferret Music is promising \"The Heaviest Album of the Summer\", After hearing this, I certainly wouldn't disagree, but points are deducted because with it's short length, it could either have more songs or the existing ones could've been longer. The majority of these songs barley pass the 3 minute mark, time problems aside, this album has it all. Attitude, leads, riffs, rhythm, groove, solos ect. Go check it out!\n\nRecomended Listening: Needleman, Vulture, Pain & Panic, A Rush & Siege.",
                    "date": "June 26th, 2005"
                }
            ],
            "songs": [
                {
                    "name": "Rehashed",
                    "length": "03:19",
                    "url": "https://www.metal-archives.com/release/ajax-view-lyrics/id/579684",
                    "darklyrics": "\nMy head rests on my shoulders facing the sun\nI struggle to walk\nThe burden of this guilt I hide from you is growing\nYou'll never know what it is\nThis is the kind of person that I am\nThis is the kind of person I've turned into\nIn time of song I am the Kamikaze dreamer\nClog my own throat; swallowed by color tortured slumber\nIt becomes harder to breathe or think clearly\nRemorse Instigates an overkill of self loathing the older I get\nSo I'll rest my dead beat tongue, You'll dismiss me anyway\n\n",
                    "darklyrics_url": "http://www.darklyrics.com/lyrics/alifeoncelost/hunter.html#1"
                },
                {
                    "name": "Needleman",
                    "length": "03:21",
                    "url": "https://www.metal-archives.com/release/ajax-view-lyrics/id/579685",
                    "darklyrics": "\nWhat happens here stays here, right?\nThis is nothing but a miserable lesson learned\nWhat we share together will not end up streaming through someone else's lips\nI must fight with shadows in my own defense and worst of all, their names I do not know\nTell me do I disgust you?\nTell me do I amuse you?\nTell me which is it?\nI fit their image so perfectly and it is making them sick\nIs this disgust?\nIs it disgust or amusement?\nThat catches you attention; that draws them near\nIs it disgust or amusement?\nDisgust or amusement; Which is it?\n\n",
                    "darklyrics_url": "http://www.darklyrics.com/lyrics/alifeoncelost/hunter.html#2"
                },
                {
                    "name": "Vulture",
                    "length": "03:23",
                    "url": "https://www.metal-archives.com/release/ajax-view-lyrics/id/579686",
                    "darklyrics": "\nI need a miracle to conquer this endeavor\nThe imagery of song to portray the routine of life\nMaybe I'm neurotic or just wrong in general\nMaybe I should concede and put out the fire\nCan you feel this uproar festering desire in my thoughts?\nI can promise you one thing; I will haunt you till you die\nI can promise you one thing; I will hunt you till you die\nIn absence of your favor I would rather choose death\nI'd prefer it would be executed only by you\nNo legacy, fall short of understanding\nMaybe I should concede and put out the fire\nI want you to bleed me of my misery\nDrained bled dry; hung up for all to see\n\n",
                    "darklyrics_url": "http://www.darklyrics.com/lyrics/alifeoncelost/hunter.html#3"
                },
                {
                    "name": "Pain & Panic",
                    "length": "03:29",
                    "url": "https://www.metal-archives.com/release/ajax-view-lyrics/id/579687",
                    "darklyrics": "\nThis is when panic and shock are given out in doses\nThere is nothing to admire\nAbsent from this present anxiety is liberation\nMalice now exists inside my head\nCrush and rebuild\nDestroy and organize\nI stand above looking down on this devastation\nWords form blindly to express my feelings\nAnd these hands work to gather what is lost\nAnxious thoughts\nTorment now exists inside my head\n\n",
                    "darklyrics_url": "http://www.darklyrics.com/lyrics/alifeoncelost/hunter.html#4"
                },
                {
                    "name": "Hunter",
                    "length": "04:05",
                    "url": "https://www.metal-archives.com/release/ajax-view-lyrics/id/579688",
                    "darklyrics": "\nTonight you are going to suffer and I will be the last glimpse of anything you see\nIs pain real?\nDo you believe in pain?\nI want to walk away but I sit and watch you slowly fall in and out of consciousness\nThe pain\nThe panic\nGrab your chest, feel your heart wanting to break through\nThe throbbing grows and turns into a steady pound\nThis is real; Fear is real\nDo you believe in fear?\nThe leisure of my scolding action happens to leave a staggered expression on your bloated face\nThe impact leaves a scar\nCan you smell the concern; This rancid scent of horror\nI am always amazed how little I know you\n\n",
                    "darklyrics_url": "http://www.darklyrics.com/lyrics/alifeoncelost/hunter.html#5"
                },
                {
                    "name": "Grotesque",
                    "length": "02:55",
                    "url": "https://www.metal-archives.com/release/ajax-view-lyrics/id/579689",
                    "darklyrics": "\nThese words collapse your confidence\nYour destructive existence is nauseating\nFake, with no self esteem; you're nothing\nYou change with manic uncertainty\nNow I will be the master\nNow I will choose my boatswain\nI push myself in and out of relationships\nBut I don't know you\nI push myself in and out of control\nBut I don't own you\nExactly how should I stand here, waiting for you to finally answer\nAs you verbally bash me\n\n",
                    "darklyrics_url": "http://www.darklyrics.com/lyrics/alifeoncelost/hunter.html#6"
                },
                {
                    "name": "Salai",
                    "length": "02:35",
                    "url": "https://www.metal-archives.com/release/ajax-view-lyrics/id/579690",
                    "darklyrics": "\n\"If you are alone, you will be your own man\"\n\n\n",
                    "darklyrics_url": "http://www.darklyrics.com/lyrics/alifeoncelost/hunter.html#7"
                },
                {
                    "name": "A Rush & Siege",
                    "length": "03:56",
                    "url": "https://www.metal-archives.com/release/ajax-view-lyrics/id/579691",
                    "darklyrics": "\nI can't understand what I do wrong half the time\nMy judgement is blurred from this last year of defeat\nI never once acted like this before I met you\nNow I'm a simplified sensation\nI'm nothing; a laughing stock to some\nI'm sorry for my vicious decline into this bedlam you see before your eyes\nI adhere to the progress of my helpless desire to live\nMy innards are freezing inherently, like winter rain\nI'm over infectous regret\n\n",
                    "darklyrics_url": "http://www.darklyrics.com/lyrics/alifeoncelost/hunter.html#8"
                },
                {
                    "name": "I Give In",
                    "length": "02:40",
                    "url": "https://www.metal-archives.com/release/ajax-view-lyrics/id/579692",
                    "darklyrics": "\nIn continue to succumb to mundane hospitality\nFabricating pertinent dinner conversation\nFascinating breath pressing drawls\nAsking myself why\nUnbelievable isn't it; the way we twist the words around just to get that quick fix\nI swore someday I'd save myself from\nCum dreamt lines forcing faster\nAnd I'll tease you, tickle your goddamn nod job\nAgain asking myself why\nAt last, can I please rest?\nVacate every day after day\n\n",
                    "darklyrics_url": "http://www.darklyrics.com/lyrics/alifeoncelost/hunter.html#9"
                },
                {
                    "name": "Ghosting",
                    "length": "03:09",
                    "url": "https://www.metal-archives.com/release/ajax-view-lyrics/id/579693",
                    "darklyrics": "\nI am impatient and hard to please\nNo sense of serenity\nHabitual neurosis transcends into thoughts of suicide\nAnd when this body lay lifeless, don't patronize me by\nInsisting this was all done because of you\nI am beyond redemption, even in death I will not speak\nI am beyond redemption, even in death I will not sleep\nWith abandonment of trust and self\nHope is void of longevity\nA shelter less recluse, I survive without reason\nI sacrifice myself to the lonely other, for\nShe will not rest until death's arms embrace me\n\n",
                    "darklyrics_url": "http://www.darklyrics.com/lyrics/alifeoncelost/hunter.html#10"
                },
                {
                    "name": "With Pitiless Blows",
                    "length": "03:11",
                    "url": "https://www.metal-archives.com/release/ajax-view-lyrics/id/579694"
                }
            ],
            "song_names": [
                "Rehashed",
                "Needleman",
                "Vulture",
                "Pain & Panic",
                "Hunter",
                "Grotesque",
                "Salai",
                "A Rush & Siege",
                "I Give In",
                "Ghosting",
                "With Pitiless Blows"
            ]
        },
        {
            "name": "Iron Gag",
            "type": "Full-length",
            "year": 2007,
            "review_num": 3,
            "review_avg": 72,
            "url": "https://www.metal-archives.com/albums/A_Life_Once_Lost/Iron_Gag/159219",
            "reviews_url": "https://www.metal-archives.com/reviews/A_Life_Once_Lost/Iron_Gag/159219/",
            "reviews": [
                {
                    "title": "Scene kids Nu Groove - 77%",
                    "content": "After hearing \"Hunter\" by A Life Once Lost, I was curios to see what this album would be like. I had read that the album was gonna be different, with more influences added. You can certainly tell a difference between the two albums and I feel that this one is better. It takes A Life Once Lost out of the metallic moshcore crowd and places them into groove. That being said, not all Pantera fans will love this album, as A Life Once Lost tend to be a bit grating on the ears at first but most will warm to them eventually.\n\nI think the main lyrical themes on here are hating and self-loathing. Just the guitars themselves provide a sense of loneliness and angst, while still being aggressive enough to keep your head banging and your fist pumping. These aren't the type of songs you wanna listen to if you're already depressed or if you have suicidal tendencies, that's for sure. This stuff is more like for when you're in a pissy mood and you are just mad at yourself for messing up or at someone else for messing up for you. It's the kind of music for those rainy days, where shit is just not working right. The grooves on the album are really good, and although they do at times create a sense of despair, they also provide for some interesting riffs. It's nice to see some good guitar work instead of the same ol' few regurgitated riffs followed by a breakdown. I mean there are guitar solos on this album that you couldn't pay a band like Devildriver to do.\n\nThe vocals on here are another good aspect of the album. The lead screamer yelps lyrics that are at times indecipherable, but overall it matches the music very well. It's like a dang cat clawing your face off! Definately NOT the thing that metal purists like. This is stuff that you gotta be ready for. I love this one song where he talks about planning his own suicide: definately sick. The drummer keeps up rather well with the vocalist and guitars. They all come together and make a wonderful display of angst. The downsides for the album are few but significant which is why I had to rate it a 77. You can't really just pick this album up everyday and enjoy it unless you're a grudge-holding moron who walks around pissed all the time. If you're like that you need a reality check. This album just isn't gonna work on a happy day, or if your life is complete and happy at the moment. It doesn't really feel right, & it may actually bring you down. So before picking up this album, be s! ure you have a reason for listening to it otherwise the replay value will be very small for you.\n\nIn closing let me say that this is a great album and certainly better then most metallic moshcore on the \"scene\" right now. But this isn't for everyone; and even if you like angry music you may still get tired of the album. The replay value is only gonna last as long as you have something to hate, or as long as you have self-guilt which you need to work through because staying mad all the time is senseless. This album is great for fans of Lamb of God, God Forbid, Pantera, Hell Yeah, etc... So pick it up and give these guys a listen!",
                    "date": "March 4th, 2009"
                },
                {
                    "title": "Is This The Same Band? - 73%",
                    "content": "When the first track \u201cFirewater Joyride\u201d kicks in, it\u2019s quite obvious that A Life Once Lost has changed a fair deal since their 2005 album \u201cHunter.\u201d Did I say a fair deal? I meant completely. As in: They have seemingly completely changed what they are going, except that they are still evidently groove metal. They just embraced that tag much more here than they did there.\n\nIron Gag is nowhere near as technical as Hunter was. In fact, if all you heard was Hunter, you would be convinced that A Life Once Lost was a technical groove metal band. However here, they have ditched almost all of the technicality and went for a more straight-forward, groovy feel. I would count this as a bad move for this band, because what they had on Hunter was some of the most technical music in the groove metal realm.\n\nThe drumming here is still very good, but alas, not as technical. There\u2019s still a fair amount of double-bass work and fills to keep you interested enough, but you can\u2019t help but feel disappointed that there is nothing too technical about them. Still, he does what he can here and pulls it off flawlessly.\n\nThe guitar riffs are very groovy, definitely more so than their previous album. A lot of them blend into one another, but there are certain tracks where a riff or two will stand out, like on The Wanderer, Meth Mouth, and the beginning of Masks. The Wanderer is the most melodic, the longest, and the only clean-singing bearing song on the album. The guitar riffs definitely shine in this one, and it makes this particular song the best cut here.\n\nNow, the biggest change here is the vocalist. It still surprises me, after all this time, that this is the EXACT same guy that sung on Hunter. He must\u2019ve undergone throat reconstructive surgery because his vocals are just so different. Luckily for the listener, they are not bad\u2026just as they were not bad on Hunter either, even though I prefer his voice on that album. Here, it feels like he ditched brutality in favour of clarity, as he is much more legible. He still growls well, though, so it is not something to lose sleep (or ear drums) over.\n\nEven though this is a near 180-degree turn for A Life Once Lost, it is not such a bad groove metal album. It suffers from repetition and can become boring for the death metal purist, but for everyone else, you should probably give it a try. If you\u2019re just starting with this band, though, I recommend Hunter much more.\n\nBest tracks: The Wanderer, Meth Mouth",
                    "date": "May 24th, 2008"
                },
                {
                    "title": "Well...this sucks. - 65%",
                    "content": "The genre of southern rock-infused metal and metalcore has become more popular in recent years. Between The Buried and Me tend to have at least one southern rock-influenced part on each of their albums, Every Time I Die has been a pioneer of the style for seven years, and Lamb of God capitalized on Pantera's version of it with Sacrament. However, most of these bands went to shit when their members realized that you can only do so much with a few groovy riffs and blues solos combined with screaming and flashy guitar work. While ETID and LOG are gaining popularity because of their progression and willingness to experiment a bit, ALOL is doing the same thing they've been doing all along, albeit worse.\n\nWhile their last effort, Hunter, retained a sort of charm because of its unapologetic Meshuggah and Pantera worshipping, Iron Gag is simply a mixture of ideas that don't work. The first track, Firewater Joyride, is something that could've been on Down's NOLA, minus the vocals. This track, unlike most on the record, is groovy, fun, and packs a punch. Bob's vocals are at a significantly lower register tha on Hunter, which unfortunately limits both their ability to cut through the mix and unique quality. Here, he just sounds like the mediocre lovechild of Phil Anselmo and Jens Kidman. Gone are Hunter's raspy, tormented screams. The vocal work here is messy, boring, and far too low in the mix.\n\nJust when you thought the production from Hunter couldn't get any worse...it did. The mids of the guitars are WAY too fucking high, and although the solo tone is nice and pretty, the guitars dominate the mix far too much. Of course, given Bob's vocals, this might not be a bad thing. The bass drums are clicky as hell and far too quiet. Two thumbs way, way the fuck down.\n\nAs for the songwriting, here's the formula: decent (not mindblowing) riff 10X, boring chorus, more of the riff, solo, end. It sucks. Even Firewater Joyride and Ill Will, the best songs on the album, couldn't be saved from the crappy formula. Oh, and that reminds me: the riffs are lame as hell. Instead of the blues-tinged polyrhythmic chugging present on Hunter, we're left with a bare-bones copy of Pantera and Lamb of God. The solos are much, much better, but an overabundance of whammy bar and stupid Dragonforce-esque \"noise\" almost ruins them. Some of the riffs are far too rhythmically oriented for my taste, often bordering on nu-metal. \n\nPretty much every song except the first and last track are filler. If you're an ALOL fan, buy Firewater Joyride and Ill Will (if anything) from iTunes and skip the rest. Let's hope the band gets their shit together for their next release.",
                    "date": "October 7th, 2007"
                }
            ],
            "songs": [
                {
                    "name": "Firewater Joyride",
                    "length": "03:00",
                    "url": "https://www.metal-archives.com/release/ajax-view-lyrics/id/1131959",
                    "darklyrics": "\nI am repulsed by the lack of dedication\nThat you insert into this relationship\nCould it be that your head is elsewhere\nCould it be that you don't care\nAll I know is that I am repulsed by the effortless\nTeeth missing\nBut death seems so attractive this time around\nExcitement grows inside of me\nMaybe now is my time\nI have decided that the decisions\nYou have made in this friendship do not exist\nShould I be happy or sad\nShould we all fall down in prayer\nNow is when my decision needs to prevail\nMy heart\nMiles of intestines\nA snow-white bone structure all has vanished while I was comatose\n\n",
                    "darklyrics_url": "http://www.darklyrics.com/lyrics/alifeoncelost/irongag.html#1"
                },
                {
                    "name": "Detest",
                    "length": "03:15",
                    "url": "https://www.metal-archives.com/release/ajax-view-lyrics/id/1131960",
                    "darklyrics": "\nI have to choose what I detest\nEither dreaming, which my mind hates\nOr action, which my awareness loathes\nI am confused\nI sit alone in silence\nTo focus more on the way that I am living\nI am losing you\nAnd this place isn't comfortable\nI retaliate by not speaking\nSo I guess I will lose\nDetesting both, I choose neither\nBut since I must on occasion\nEither dream or act\nI mix the two things together\nDetest\n\n",
                    "darklyrics_url": "http://www.darklyrics.com/lyrics/alifeoncelost/irongag.html#2"
                },
                {
                    "name": "The Wanderer",
                    "length": "05:18",
                    "url": "https://www.metal-archives.com/release/ajax-view-lyrics/id/1131961",
                    "darklyrics": "\nFirst in line to cash in on what I created\nLast in line to beat the dead horse\nI try and try but who cares at the end of the day\nI figure that you only wanted to make me feel this way\nSo that you can feel better about yourself\nI will dance across the floor\nI'm pointing fingers\nAnd laughing\nBecause you can't\nDestroy me\nSecond best\nI had nothing more to give\nIs it safe to say that none of this mattered anyway\nNow I've become the wanderer\nForced to become a man who is\nSearching for something real to feel\nNow I've become the wanderer\n\n",
                    "darklyrics_url": "http://www.darklyrics.com/lyrics/alifeoncelost/irongag.html#3"
                },
                {
                    "name": "Worship",
                    "length": "02:53",
                    "url": "https://www.metal-archives.com/release/ajax-view-lyrics/id/1131962",
                    "darklyrics": "\nI am not the same anymore\nA sadness reveals a mind shaken\nThe pieces of a core that's broken\nBy an intense\nInner suffering\nAnd I want nothing\nHow clear must I be\nWhat you have\nWhat you are\nI want nothing from you\nI will use my throat to insult you\nI will use my hands to rip you apart\nI will use my eyes to watch your face\nDuring this process\nSomeone will hurt\nShould we decide to talk about morals\nShould we decide to talk about the truth\nThen let us step backwards and expose ourselves\nSuch a waste of time\nYet it is unavoidable\nFor you\nMy downfall is needed\nFor me\nA decision is wanted\n\n",
                    "darklyrics_url": "http://www.darklyrics.com/lyrics/alifeoncelost/irongag.html#4"
                },
                {
                    "name": "All Teeth",
                    "length": "04:40",
                    "url": "https://www.metal-archives.com/release/ajax-view-lyrics/id/1131963",
                    "darklyrics": "\nI think it would be amusing to sit here and write up a list\nJust a list that describes the way I want to destroy myself\nNot a simple suicide but a drawn out process of pain\nThis was all created in my head and can't I stop thinking it\nI am taunted by the ignorance between us\nI am taunted by the wraith I feel with in us\nSolitude devastates me\nCompany oppresses me\nPeople derail my thoughts\nI feel sick again\nSo imagine what you would find on this list that I have created\nA few hundred ways of self-mutilating pain caused by injustice\n\n",
                    "darklyrics_url": "http://www.darklyrics.com/lyrics/alifeoncelost/irongag.html#5"
                },
                {
                    "name": "Meth Mouth",
                    "length": "02:53",
                    "url": "https://www.metal-archives.com/release/ajax-view-lyrics/id/1131964",
                    "darklyrics": "\nThese problems exist inside my mind like a heavy New Orleans fog\nMy thinking has slowed itself down to a crawl unwillingly\nCompassion fueled\nBy depression\nMy savior is death\nDoes this make sense\nMy love is silenced\nBy ignorance\nMy answer is death\nDoes this make sense\nThe wind has picked up since last night and it carries with grief\nOur worried nature drowns us in a frigid ocean of regret\nMy breathing stands still just long enough to feel inept\nMe\nOn the receiving end of honest hostility\nAnd you\nOn the giving end of the candid frustration\n\n",
                    "darklyrics_url": "http://www.darklyrics.com/lyrics/alifeoncelost/irongag.html#6"
                },
                {
                    "name": "Masks",
                    "length": "04:38",
                    "url": "https://www.metal-archives.com/release/ajax-view-lyrics/id/1131965",
                    "darklyrics": "\nYou know\nSuicide and life\nAre peachy conversations\nBased around\nThis fantasy that will never evolve\nCan't say I welcome it\nIn to my life\nThose tasteless kisses\nYou pushed upon my cheek\nMe ruining\nAll hope of that new crush\nNow is exposed\nIt makes the children ill\nHow about we taunt them with a flick\nA wave like motion\nWith the finger of\nPointing capability\nI wish for a state of\nIsolation\nAnd a sense of\nNothingness\nIt could be empty or\nPlain and boring\nBut just enough to\nKeep me from straying\nThis finger churns women into butter on a hot summer day\nI doubt they will connect the two of us anyway\n\n",
                    "darklyrics_url": "http://www.darklyrics.com/lyrics/alifeoncelost/irongag.html#7"
                },
                {
                    "name": "Pigeonholed",
                    "length": "03:53",
                    "url": "https://www.metal-archives.com/release/ajax-view-lyrics/id/1131966",
                    "darklyrics": "\nMy lips rest against your forehead\nYour eyes close - My eyes close\nOur breathing falls into a rhythm\nOur hands embrace each other\nWhile my arms pull us in tighter\nYour arms are pushing me away\nI am fucked\nI have nothing because of you\nI've given it all to you\nThe bastards\nThat breed the bastards\nThat raise the bastards\nThat neglect the bastards\nEven when I tried to become something\nI was let down - you let me down\nWhether it was gently or not\nYou affected me to a certain degree\nWhy do I beg for acceptance in wolves\nWhy do I look for answers in fools\nI guess they will have to do\n\n",
                    "darklyrics_url": "http://www.darklyrics.com/lyrics/alifeoncelost/irongag.html#8"
                },
                {
                    "name": "Others Die",
                    "length": "03:33",
                    "url": "https://www.metal-archives.com/release/ajax-view-lyrics/id/1131967"
                },
                {
                    "name": "Silence",
                    "length": "03:36",
                    "url": "https://www.metal-archives.com/release/ajax-view-lyrics/id/1131968",
                    "darklyrics": "\nOnly when I speak to myself\nIs when the real\nSubstantial conversations\nFlow together\nWords travel gently off my tongue\nI leave myself speechless\nThoughts die horribly in my mind\nI retreat to nowhere\nTo understand, I destroy myself\nThese scars are here to stay\nUnderstand the rules\nUnderstand\nYou could have taught me a lesson\nIn believing these lies\nYou would have tortured me longer\nJust to watch me die\nSilence is a friendly\nHandshake from an old friend\nSomeone I confide in\nWhen I need a hand\nSilence\nDoesn't exist like it used too\nSilence\n\n",
                    "darklyrics_url": "http://www.darklyrics.com/lyrics/alifeoncelost/irongag.html#10"
                },
                {
                    "name": "Ill Will",
                    "length": "03:39",
                    "url": "https://www.metal-archives.com/release/ajax-view-lyrics/id/1131969",
                    "darklyrics": "\nYou are worthless and especially ignorant to human life\nWords - gestures\nEverything I feel towards your existence\nCoexists with the hatred I have for mankind\nCommon consideration cannot coincide with you and me\nYou talk to offend\nAnd you laugh to belittle\nIt seems like\nYou have grown into\nSuch a beautiful asshole\nLife, a headache\nThat is keeping me from\nBelonging to society\nWhat does it matter\nYou came at me, not to me\nIt's my choice\nIt's my decision to crave this feeling now\nIt has been beaten down on me for years\nReality is not pretty at all\nA glimmer of sunshine can still exist\nEven when your grey clouds are moving in\nDisappointment\nIs a part of my life\nIt is the honest\nAnd nasty way\nOf being let down\n\n\n\n\n",
                    "darklyrics_url": "http://www.darklyrics.com/lyrics/alifeoncelost/irongag.html#11"
                }
            ],
            "song_names": [
                "Firewater Joyride",
                "Detest",
                "The Wanderer",
                "Worship",
                "All Teeth",
                "Meth Mouth",
                "Masks",
                "Pigeonholed",
                "Others Die",
                "Silence",
                "Ill Will"
            ]
        },
        {
            "name": "Ecstatic Trance",
            "type": "Full-length",
            "year": 2012,
            "review_num": 1,
            "review_avg": 69,
            "url": "https://www.metal-archives.com/albums/A_Life_Once_Lost/Ecstatic_Trance/350534",
            "reviews_url": "https://www.metal-archives.com/reviews/A_Life_Once_Lost/Ecstatic_Trance/350534/",
            "reviews": [
                {
                    "title": "A great effort - 69%",
                    "content": "Being one of the better metalcore bands out there, I felt compelled to review this album when I came on the band's metal-archives page and saw that all other albums were reviewed except for this one. I'm not the biggest metalcore fan out there, and I'm extremely picky when it comes to listening to metalcore bands. What attracted me to A Life Once Lost was their unique sound and the fact that they were signed to a major independent extreme metal label called \"Seasons of Mist\" which boast bands such as Mayhem among their ranks. I've known about A Life Once Lost for quite a while now and can say that I'm quite acquainted with their back-catalog. This band had something very interesting going on. They didn't sound like your typical metalcore band which whined about shitty teenage relationships and other non-consequential things. Their music was structured very intelligently and they didn't waste too much time trying to create radio-friendly breakdowns like their co-nationals and presumably friends, Killswitch Engage. There was something special and simply groundbreaking in their music. \n\nA Life Once Lost may have very well been considered as a \"progressive\" metal band rather than a metalcore band, and this album certainly supports that assertion. This whole album is a conglomeration of weird drumming patterns in different tempos, strange sounding lead guitar melodies, very ethereal and groovy in nature, and very well arranged vocals which can go from high to low in a matter of mere seconds. The whole atmosphere on this album is very claustrophobic because it feels as if each song is putting more bricks on the wall which is trying to surround you. At least that's the impression which I got while listening to this piece of work. Most songs on the album flow in the same pattern. The song-writing is very unorthodox but as the album progresses you get a feeling of how each song is supposed to mature and progress. \n\nThere are no radio-friendly songs on this album, and that is what attracted me the most about this album. It sounds extremely sincere, and there are no commercial covers covering the essence of each song. This album is just about the band pouring out their soul in the most bizarre manner they could have. The track which stands out the most on this album is entitled \"Empty From\" which contains quite a beautiful solo fitting of the overall atmosphere the song was trying to create. In my opinion, if the band wanted to release a single from this whole album they could have chosen that song because the melody is quite an earworm and it's very difficult to try and forget how the melody goes. \n\nThis album, however, is far from perfect and I have quite a number of issues with it. my first issue with this album is the whole track called \"I am\". It's basically a 40-second breakdown which was meant to serve as filler material. When I look at other prominent metalcore bands such as As Blood Runs Black and As I Lay Dying and My Darkest Hour, and remember certain filler-material of theirs, I instantly jerk my head in disbelief. There's literally no essence in that song and since it wasn't even a minute long, I am pretty sure that it could have just been left out of the album and the whole thing would have come to an end there and then. My second qualm about this album is the inconsequentiality of the bass guitar. It is so low on the mix, it could have just been left out. The absence of a strong bass really robs the album from a lot of individuality that it could have had. The vocals can sometimes become a little bit whiny, but that's just my prerogative with most metalcore vocals. Another thing which in my opinion could have been avoided is the over-presence of the god-damn vocals. If the lyrics were cut shorter a little bit and if the vocalist could have taken more breaks, this album wouldn't have been as overbearing as it is. \n\nAll in all, this is quite an average to a solid unorthodox metalcore effort. It might not appeal to the average mallcore kid because there's a lot of stuff going on in such a short period of time. This is not your average post-2010 metalcore, when the looks of the band and the breakdowns became the main focus of metalcore music. The guitars are very frantic, and the drums completely encapsulate the listener into his own god-damn world. My two favorite stand-out tracks from the entire album are definitely \"Empty From\" and \"I see, I hear\".",
                    "date": "July 25th, 2018"
                }
            ],
            "songs": [
                {
                    "name": "Something Awful",
                    "length": "04:02",
                    "url": null,
                    "darklyrics": "\n\n",
                    "darklyrics_url": "http://www.darklyrics.com/lyrics/alifeoncelost/ecstatictrance.html#1"
                },
                {
                    "name": "Gnawing Lisp",
                    "length": "02:56",
                    "url": null,
                    "darklyrics": "\n\n",
                    "darklyrics_url": "http://www.darklyrics.com/lyrics/alifeoncelost/ecstatictrance.html#2"
                },
                {
                    "name": "Madness Is God",
                    "length": "04:05",
                    "url": "https://www.metal-archives.com/release/ajax-view-lyrics/id/2442182",
                    "darklyrics": "\nI have created you so I have the right to do with you what I will\nYou have degraded my name\nThat I do not deny\nYou will suffer\n\nI exist as I am\nThat is enough\nLet me grow\nOnly to be reborn again\nFor my second chance is death\n\nFor seeing your hatred is only passive when you continue to ignore me\nHarm me with humiliation\nThat I cannot deny\nYou will now suffer\n\nI exist as I am\nThat is enough\nLet me grow\nOnly to be reborn again\nFor my second chance is death\n\nI will show you that nothing matters more than death itself\n\nMemory is more better than the event\n\nI exist as I am\nThat is enough\nLet me grow\nOnly to be reborn again\nFor my second chance is death\n\n",
                    "darklyrics_url": "http://www.darklyrics.com/lyrics/alifeoncelost/ecstatictrance.html#3"
                },
                {
                    "name": "Miracle Worker",
                    "length": "03:05",
                    "url": null,
                    "darklyrics": "\n\n",
                    "darklyrics_url": "http://www.darklyrics.com/lyrics/alifeoncelost/ecstatictrance.html#4"
                },
                {
                    "name": "Empty Form",
                    "length": "04:22",
                    "url": null,
                    "darklyrics": "\n\n",
                    "darklyrics_url": "http://www.darklyrics.com/lyrics/alifeoncelost/ecstatictrance.html#5"
                },
                {
                    "name": "I Am",
                    "length": "00:46",
                    "url": null,
                    "darklyrics": "\n\n",
                    "darklyrics_url": "http://www.darklyrics.com/lyrics/alifeoncelost/ecstatictrance.html#6"
                },
                {
                    "name": "The Blues",
                    "length": "03:33",
                    "url": null,
                    "darklyrics": "\n\n",
                    "darklyrics_url": "http://www.darklyrics.com/lyrics/alifeoncelost/ecstatictrance.html#7"
                },
                {
                    "name": "People Stare",
                    "length": "03:45",
                    "url": null,
                    "darklyrics": "\n\n",
                    "darklyrics_url": "http://www.darklyrics.com/lyrics/alifeoncelost/ecstatictrance.html#8"
                },
                {
                    "name": "I See, I Hear",
                    "length": "03:17",
                    "url": null,
                    "darklyrics": "\n\n",
                    "darklyrics_url": "http://www.darklyrics.com/lyrics/alifeoncelost/ecstatictrance.html#9"
                },
                {
                    "name": "I Sit Ill",
                    "length": "03:49",
                    "url": null,
                    "darklyrics": "\n\n\n\n\n",
                    "darklyrics_url": "http://www.darklyrics.com/lyrics/alifeoncelost/ecstatictrance.html#10"
                }
            ],
            "song_names": [
                "Something Awful",
                "Gnawing Lisp",
                "Madness Is God",
                "Miracle Worker",
                "Empty Form",
                "I Am",
                "The Blues",
                "People Stare",
                "I See, I Hear",
                "I Sit Ill"
            ]
        }
    ],
    "album_names": [
        "Open Your Mouth for the Speechless...in Case of Those Appointed to Die",
        "A Great Artist",
        "Hunter",
        "Iron Gag",
        "Ecstatic Trance"
    ],
    "info": {
        "Country of origin": "United States",
        "Location": "Philadelphia, Pennsylvania",
        "Status": "Split-up",
        "Formed in": "1998",
        "Genre": "Metalcore/Groove Metal",
        "Lyrical themes": "Life, Relationships, Misanthropy",
        "Last label": "Season of Mist",
        "Years active": "\n1998-2013 "
    }
}