{
    "name": "Abbath",
    "id": "3540404950",
    "url": "https://www.metal-archives.com/bands/Abbath/3540404950",
    "albums": [
        {
            "name": "Abbath",
            "type": "Full-length",
            "year": 2016,
            "review_num": 11,
            "review_avg": 79,
            "url": "https://www.metal-archives.com/albums/Abbath/Abbath/549936",
            "reviews_url": "https://www.metal-archives.com/reviews/Abbath/Abbath/549936/",
            "reviews": [
                {
                    "title": "A solid, but flawed start - 65%",
                    "content": "Following his acrimonious departure from black metal stalwarts Immortal, Abbath released his first, self-titled, album in 2016. Racing out of the blocks with the insistent sycopated riffing and typical lyrical sublety of At War!, the initial signs are good. Perhaps unsurprisingly mining a similar furrow to the final two albums of Abbath\u2019s previous band (prior to their Demonaz-led resurrection), fans of his work will find a lot to like about this solo venture. Winterbane continues in a similar vein, a superbly memorable descending chorus riff adding a touch of majesty to proceedings.\n\nUnfortunately, as the album continues to unfurl its ravendark wings, its limitations come more strongly into focus. Until the frenzied black-thrash, and d-beat chorus of Fenrir Hunts brings a welcome does of speed, the mid-paced trudge of the first half of the album threatens to become monotonous. Together with the somewhat muddy sheet metal guitar sound that Abbath (the man, not the band or album) tends to favour these days, the album fails to coalesce into a dynamic whole and becomes simply a collection of songs, most of which are a variation on the theme that Immortal perfected on Sons of Northern Darkness.\n\nThat\u2019s not to say it\u2019s irredeemable, however. The synths that appear from nowhere on Ashes of the Damned offer a tantalising hint of what could\u2019ve been a sound that revisited 90s symphonic black metal, and Root of the Mountain raises a wry smile with some Deep Purple-inspired basslines that are too close to Black Night not to be intentional.\n\nUltimately though, it\u2019s hard not to see Abbath as a rushed attempt to get some new music out,to enable the man himself to get out on the road and continue to knock out the Immortal classics that most fans undoubtedly want to hear. One imagines that Abbath was loathe to stray too far from his own well-trodden path with his first release, but the bonus cover of Judas Priest\u2019s Riding on the Wind offers both a vigour and energy lacking from the original compositions, as well as showcasing a blackened-NWOBHM direction that it would be interesting to see Abbath experiment with further as he builds his solo career. A solid, but flawed start.",
                    "date": "January 2nd, 2020"
                },
                {
                    "title": "Music to fit the face - 92%",
                    "content": "It's always interesting to hear the result when a black metal album has extremely high-quality production. It can sometimes succeed, as in the case of the gems among Behemoth's discography; but it also fails quite often, as best exemplified by Dimmu Borgir and Mayhem's new material. I find Abbath's eponymous debut to be a highlight among the well-produced black metal records.\n\nDespite having departed from the legendary Immortal, guitarist and vocalist Abbath Doom Occulta clearly lost no faith in his ability to churn out high-quality music. He quickly put together a capable group of musicians and branded it with his own stage name, and they soon released their only album to date in 2016. While Abbath is by no means the coolest thing to ever happen to black metal, it certainly is a near-masterpiece of ferocity and raw power while also maintaining quality in both music and production.\n\nThe guitar parts themselves are naturally muddy, so it's a good thing the band opted for a clear tone so as to best show off the dark riffs. They truly sound heavy, and it seems that Abbath had no qualms about abandoning the rather confining standards of \"trve\" black metal. The drum parts are equally heavy, though quite authentic. Abbath's throaty, raspy growl caps it all off to make it truly sound evil.\n\nIf I had any complaint about Abbath, I would say it's a bit too short. With only eight songs plus two bonus covers, it doesn't exactly feel complete, especially in this day and age where a standard album can easily exceed ten tracks without seeming too lengthy. But overall, I think it's a quality album worthy of recognition; easily one of the most inspired black metal records of the past decade, I'm sure it will be remembered as a classic for many years to come.\n\nBest songs: \"Ocean of Wounds,\" \"Count the Dead,\" and \"Endless.\"",
                    "date": "January 24th, 2019"
                },
                {
                    "title": "Alone, Abbath enters the breach once more - 75%",
                    "content": "Abbath is a black metal legend who needs no introduction, he forged his name with the Norwegian band Immortal. Immortal unfortunately split in 2015, but Abbath unperturbed announced that he would continue playing as a solo artist and in a squabble of playground standards, Immortal decided that they would continue without Abbath. This split, reformation and split once more into two camps has obviously caused some issues, the main big one being over the legality of the Immortal name.\n\nSo now in 2016 Abbath has bitten first in a vain attempt to get one over on his former band mates by releasing his eponymous solo album. With his self-titled album, Abbath sticks to what he knows and does best, it certainly isn\u2019t a million miles away from the past releases by his former band. Along with his uniquely distinctive voice, Abbath continues the trend of the later Immortal albums by taking on the guitar duties as well as being joined by King and Creature to form the rhythm section. To do a true black metal album correctly, you have to get that production just right and with \u2018Abbath\u2019, Dag Erik Nygaard and Daniel Bergstrand have engineered a wall of sound in the true black metal style with a mass of distortion swamping everything in its path. This production allows the guitar of Abbath to swing wildly forward, sawing through the mix and when this is accompanied by King\u2019s bone rattling bass and the relentless, technical drumming of Creature, it is no wonder why Creature is renowned on the drum tech and session musician circuit. When combined with the primal growl of Abbath, it only adds the icing on cake and as that growl stalks from the speakers, it suddenly reminds you of what made that initial Immortal sound in the heady days of the early 90\u2019s.\n\nAs with any solo album, it is more than fine to be dubious with so many musicians releasing mediocre and sub-par solo albums featuring friends and guests. Thankfully, \u2018Abbath\u2019 doesn\u2019t fall into this category and gives you a sense that Abbath is once more having fun, he hasn\u2019t sounded this fresh and excited in over 20 years. The rejuvenated Abbath opens his gambit with the commanding \u2018To War!\u2019 coupled with an exceptionally catchy chorus, Abbath rips through the almost prophetic opener, coming to the realisation that he is back in the trenches where he once started.\n\nHowever, it is the lead single of \u2018Winterbane\u2019 where Abbath shows his pedigree, he no longer needs the Immortal name to show that he is capable of creating a decent track. The follow up single to \u2018Winterbane\u2019 is the sublime \u2018Count the Dead\u2019. One of the peaks of \u2018Abbath\u2019, \u2018Count the Dead\u2019 contains a guitar solo which tears the album wide open, the skill that goes into that short space of time takes a mediocre song and transforms it into one of the best on the album. \n\nClocking in at 41 minutes, \u2018Abbath\u2019 will have you nodding your head to the beat all the way through and before you realise it, you understand that this album is quite relentless and it never lets up with \u2018Abbath\u2019 pushing forward with \u2018Ashes of the Damned\u2019, \u2018Fenrir Hunts\u2019, \u2018Root of the Mountain\u2019 and unlike a lot of his heavy metal peers, it is great to see Abbath sticking to what he knows. Abbath doesn\u2019t need to \u2018try something different\u2019 or have to use the phrase \u2018it was just a phase I was going through\u2019, if you know Abbath, you know what you\u2019re getting and that is certainly not a bad thing.\n\nAbbath doesn\u2019t need to stray from what he knows and this album is a great first effort as a solo artist. Once more, Abbath has shown that he is totally capable of releasing a decent black metal album full of great songs. However, if \u2018Abbath\u2019 proves anything, it is that he doesn\u2019t need the Immortal name to sell records.",
                    "date": "November 1st, 2017"
                },
                {
                    "title": "Better Than Average But Far From Great - 70%",
                    "content": "It must be strange to be Abbath. Normally, an artist with such an impenetrable back catalog would have no trouble making the jump to solo stardom. But in the realm of black metal, any given project must prove itself cold and desolate enough to garner any acclaim at all - even genre stalwarts can go from icon to pariah if they stray too far from the beaten path (or follow it too closely). And on his eponymous debut, Abbath aims straight for the black hearts of his old-school fans.\n\nSome of these fans may, however, be alienated right out the gates. Though Abbath's name is well-revered, in tow is King Ov Hell, whose reputation among black metallers is... controversial. And although King contributed nothing to songwriting, one can't help but wonder if the record will fall prey to the same paint-by-numbers 'kvlt' riffage that has plagued his other projects.\n\nMany of these fears will be almost certainly quelled by the music itself. Though the 21st century production values and C standard guitars keep a comfortable distance from the genre's 90s roots, this is undoubtedly black metal. Comparisons to Immortal are inevitable and entirely understandable - similar tactics are employed all throughout, to similar effect. Hallmarks like tremolo guitars and blast beats are used more sparingly than expected, but this serves the album well - with nigh 20 years of black metal following one tried-and-true formula, the change of pace is more than welcome.\n\nAnother welcome change is found in the lyrics. Without Demonaz beside him, Abbath wisely chose to outsource his lyrics once more. Every word on this album was penned by one Simon Dancaster, who breathes new life into old themes with literate, almost poetic lyrics. Demonaz' image-rich lyricism was appropriate, but nothing exceptional. Dancaster weaves great tales of violence and valor, featuring couplets like \"Necrotic lord, bless our chains / Baptize heathen blood in flames\".\n\nUnfortunately, one of Abbath's worst offenses is that the music tries and fails to match the grandeur of the lyrics. Brassy keyboard flourishes come out of nowhere and sound absolutely stupid and misplaced. Occasional clean guitar breaks try to add drama and emotional depth, but appear so abruptly that their effect is completely nullified. One such break, in \"Winterbane\", resembles the Immortal classic \"Blashyrkh (Mighty Ravendark)\" far too closely to be a coincidence, but not closely enough to qualify as a purposeful quotation.\n\nThe difficulty in matching the lyrical atmosphere to its musical counterpart seems to be that, though this is black metal, the emphasis is on the 'metal'. Pinch harmonics and blue-note chord progressions keep the sound strangely rooted in rock, a sound that is rightly avoided by most black metal bands. In fact, the closest that the album comes to classic black metal is on \"Count the Dead\", which itself is punctuated by ill-fitting interludes that sometimes resemble mainstream metalcore. \n\nThough the metalcore comparisons stop there, Abbath suffers from another malady all too common in mainstream metal singers - he's good at one vocal style, but keeps trying others. His screamed vocals are three steps above the pained croak that he became known for, and a little reverb goes a long way in getting him to sound like the tortured shrieker the music demands. But when he tries to implement clean vocals, it's hard to listen. His voice is nasal and ugly, like a hair metal yowler's worst tendencies multiplied by ten. Any clean-sung parts here would have been better left to a guest singer, one whose decades-long specialty has not been a violent war on their larynx.\n\nA guest sound engineer wouldn't have hurt either. I'm no purist, and in my ears the crystal-clear production values do nothing to hurt the album's atmosphere. But amidst constant walls of guitar sound, Abbath's vocals have a nasty habit of bobbing up and down in the mix. King's bass is all but inaudible for the majority of the disc, and though Creature's drums sound mostly good, his bass drum sounds like a piece of paper struck with a pencil. I'm all for a fat, bassy kick drum tone, but a little treble could go a long way in tightening up the sound. \n\nRounding out the album's failures is the inattention to detail regarding the track list. \"To War!\" is a perfectly suitable opener, but a dramatic track like \"Winterbane\" shouldn't have come up so early in the album. \"Endless\" is an entirely underwhelming closer to the album proper, featuring a short fadeout on a less-than-interesting riff; if there was ever a place for a clean guitar, this is it - not in the middle of an otherwise pounding metal song.\n\nAt the root, it seems that there are three conflicting Abbaths. First is Abbath the musician, a black metal mainstay whose late-career reinvention is at best ill-advised. Next is Abbath the band, a collection of musicians with relatively disparate musical trajectories despite the base commonality of extreme metal. And finally there is Abbath the album, a superficially solid debut that can't decide just what it's trying to do. If Abbath can reconcile his obvious skill set with his loftier goals (and his backing band), his sophomore effort could very well see massive success. For now, we are left with a perfectly acceptable album, bubbling just beneath the surface of the greatness it could have achieved.",
                    "date": "January 9th, 2017"
                },
                {
                    "title": "Forgettable continuation of a great legacy. - 59%",
                    "content": "In my eyes, the notion of Abbath as Immortal began with At the Heart of Winter back in 1999. Losing Demonaz as the guitarist could have meant the end for the band. In a sense, it was the end for the vicious Immortal people knew. Without him, there would never be a chance of another Pure Holocaust, but the transition wasn't without its benefits. As a guitarist, Abbath put a much greater emphasis on distinctive hooks and riffs than the blackened whirlwind that characterized the band's first four records. At the Heart of Winter proved to be an unexpected gem, fusing the trademark wintry atmosphere with clever writing and brilliant riffs across the board.\n\nLooking back, it's a shame that an Abbath-led Immortal never held up to that par. Sons of Northern Darkness was a self-referential joke with enough quality riffs to keep people smiling. By the time of All Shall Fall a decade following At the Heart of Winter, it would be a major stretch to call the band black metal at all, although the genre's casual fans are still more than content to refer to them as the definitive BM act. Ever since Abbath took up Immortal's guitar duties, the band had become an extension of himself. With that out of the way, I see no issue in thinking of this as another Immortal album, although I think that only serves to amplify my disappointment toward it.\n\nWhere an album under a new flagship name could have taken any form Abbath wanted (after all, the band's named after him!) it's pretty disappointing that Abbath sounds like a second part to All Shall Fall some seven years ago. While I thought that album was decent enough, it certainly wasn't the direction I wanted to hear the band heading in. It's Immortal alright; it's just the kind of Immortal I could get excited about.\n\nAlthough the upbeat All Shall Fall style is less interesting today than it was in 2009, fans may take solace in the fact that the band sounds scarcely different in spite of the major lineup overhaul. Kevin Foley (also from Benighted, listed here as \"Creature\") offers an appropriately energetic drum performance, both live and on the record. I find it darkly hilarious that King (ex-Gorgoroth) is pulling bass duty for this album, as it seems like he's around to snatch up the pieces whenever there's a Second Waver name dispute afoot. As a band however, nothing ill can be said of Abbath. The main man's vocals sound as charismatic and about as raspy as they ever have. Of course, most of the focus lies on the riffs themselves. At this point, Abbath's greatest talent is his ability to pen consistently catchy riffs within the (increasingly loose) confines of the black metal style. Abbath seems like it was constructed purely around this talent, and while I'm sure the same could have been said about At the Heart of Winter at the time, the riff emphasis here seems to the point where it undercuts all other facets of the sound. Creature's drumwork is strangely quiet beneath the guitars, and the trademark wintry atmosphere is missing from all but a few of the songs.\n\nThere are gems on the album. \"To War\" is a solid opener, and \"Root of the Mountain\" comes much closer to the grim sound I'd like to hear from Abbath. Expectations were not incredibly high for Immortal's latest incarnation, and the result is appropriately unremarkable. The riffs are solid and the pacing's enjoyable, but you've got to ask yourself at what point Abbath lost touch with the essence that made his earlier work so good. Rest assured, it happened long before the name itself finally changed. For better or worse, I'm a lot more interested to see what will be made of the other, quieter half of Immortal in the near future.\n\n\nOriginally written for Heathen Harvest Periodical",
                    "date": "August 20th, 2016"
                },
                {
                    "title": "Abbath: Abbath - 88%",
                    "content": "I have a weird relationship with black metal. I don't quite consider myself a fan of the genre, especially the Norwegian variety of it. Even though I admire the primitive nature in the instrumentation and the incredibly fast tempo, I'm turned off by the inaudible production, shrieked vocals, and complicated song structures. My contempt for this music also carries over to the first wave which many of my peers consider that movement as a force to be reckon with. However, I find myself increasingly becoming a fan of its many subgenres. Not the stillborn abominations like blackgaze or symphonic black metal, oh hell no. But subgenres like blackened death metal and black 'n' roll. The latter of which is what we'll be tackling today.\n\nThe most striking thing about this album is that there's not a single bad song on here. At worst, you have \"Fenrir Hunts\" which, although it has a nice drive to it, suffers from being average filler. When compared to the astounding tracks on display here, this average song gets easily shunned. Such a sad fate for a song whose only crime was being ordinary. Those astounding tracks being songs like \"Winter Bane\". Arguably the best song of this album. Once the song begins, it is headbanging central. That is until the last quarter of the song where Abbath's screams fade into a tranquil acoustic guitar with a spoken word passage. The transition is not that jarring, actually. It's sort of a break after the brutality that preceded it. Overall, it serves as the perfect tune to a battle during the bleakest, coldest storm of the century. Does a better job at it than \"To War\" which has too much build up and isn't concise enough. You'll be doing yourself a favor by skipping to the 1:27 mark. \n\nWhile this album is unmistakably black metal, it has this indescribable feeling of bravado. I assume that comes from the simple, hard-hitting, drumming by Kevin Foley (brother of Matt Foley). What an excellent drummer. He knows exactly when to employ rapid double bass and then do a complete 180 to a simple hard rock style. He'll be keeping that simple rhythm on \"Count the Dead\" and then immediately start pounding on the bass drum. There's no flash or \"intricate\" fills. Just straightforward drumming. \n\nNow, how can I go this long without going into detail on the man of the hour? Abbath is flat-out wonderful on this album. He provides the missing element to the encompassing sense of bravado. Although, he's not too encompassing. He deservedly gets the most focus yet he also passes the attention onto his talented companions. Guitar-wise, he's pretty solid. He crafts these heavily distorted riffs built around the strong rhythm section. He doesn't care to provide any fancy solos, but this album isn't about that. Vocal-wise...okay, that's a different story. It's not distracting, but it certainly needs improvement. His performance is akin to clearing the phlegm out of your throat in the morning, but with an alien's voice. The biggest problem is that his vocals lack power. He sings at the same mezzo forte level throughout the entire record. What should be yells of defiance, turn into Abbath just projecting more towards the listener. Then again, no one will go into this album looking for exemplary vocal dexterity nor are they asking for that. This isn't that big of a grievance and it doesn't snuff out Abbath's personality. \n\nOverall, I strongly recommend this album. This is certainly a different direction for Abbath. A direction that I such as many others approve of. This album produces many fast and memorable songs that are highly accessible to those unfamiliar to the genre. It's definitely a strong debut for this band and leaves me excited for what the band has to other next. On top of that, it's a strong contender for album of the year.\n\nBonus: The limited edition comes with two tracks; both of them are covers. The first is a cover of Judas Priest's \"Riding on the Wind\". Now, I actually really like this cover. It captures the spirit and charismatic attitude of the original. Even in a subgenre as dark as black metal, it still conveys a feeling like no one can stop you. The more heavily distorted instrumentation works rather well. Hell, Abbath even plays K.K. Downing's solo. Speaking of Abbath, I know how contradictory this will sound, but his vocals are perfect for this song. He does less of the phlegm predator style and utilizes something more akin to shrieking. His vocals mimic Rob Halford's, but are more twisted and sounds like the cries of terror from a banshee. I mean, he still isn't singing from the diaphragm and has no power, but it's a step in the right direction. Actually, he manages to pull off this wicked screech, so you can tell that he's really trying to improve. Still, I prefer the Judas Priest version, but this certainly gives it a run for its money. The other song is frankly pointless. It's a cover of \"Nebular Ravens Winter\" by Immortal. You may be thinking to yourself, \"Why would you cover your own song?\" Well, I don't fucking know. Why don't you ask Abbath, because I can't see the logic behind that. The song really has no point in existing. It doesn't do much to stand apart from the original except for the improved production. That and the omission of a couple screams which again, I don't know why Abbath wouldn't do those screams. I guess if you liked the original, but hated the lo-fi production, then this would be for you and your vagina. For me, I'll pass. In conclusion, I'd recommend the limited edition just for \"Riding on the Wind\".",
                    "date": "June 22nd, 2016"
                },
                {
                    "title": "Listen to the opener and the second half - 63%",
                    "content": "This album makes me wonder if Abbath is just trying to do something else so that his music will not be compared to that of Immortal. Some of this just tries so hard to be original that it loses touch with charisma. A lot of this is boring. Not that just because something is not catchy, it is worthless. A lot of my favorite music doesn't really stay stuck in your head. This is just an overall album that I would describe as \"meh\". I was really hoping for something that I could label as \"great\". I wanted to be able to say, \"He doesn't need Immortal to help him\"... but this album could be used as a rather decent argument against that. Well... the first half at least. The second half of this album is actually very good. The riffs are epic and can either pound the listener right into the ground or give them very strong feelings of epicness. The rest of the music is there to complement this. It is very riff-based. I wish that there was just a little bit more variety within the other instrumentation, but it is still extremely enjoyable, especially the sixth track of the album, \"Root of the Mountain\". But the first half, with the exception of \"To War\", is almost entirely void of anything interesting. There are some good riffs here and there, but they can't save it from the rest, which is basically one big bore.\n\nI would guess that the main problem with it is that the riffs possess little to no substance whatsoever. They have practically nothing to be remembered. I have listened to it three times and I can only remember the opener. I remember picking up a little bit of a Children Of Bodom-ish influence from it. That song sounds quite a lot like something off of \"I Worship Chaos\", which was a very good album. This song has a pummeling main riff that was stuck in my head for days. But the rest seems like useless filler. It does nothing special with the guitar work and everything else is there to simply keep it going. The guitar is a false idol. Abbath can do far better than this. Anyone who has heard his riffing on the previous four records by Immortal knows that. I can't necessarily find an actual big issue with the songwriting, all that I can say is that it's ungodly boring and very non-captivating.\n\nThe second half is where the fun begins (a little too late). It starts with a huge highlight, \"Count the Dead\". Very memorable riffing and the drums are basically all of the ingredients for the mammoth that crawls within this track. Every blast beat sounds as though another victim was shot in the head and then thrown into a pile. I do not like the overall production of the drumming, but I will cover that in a little bit. Abbath's vocals are absolutely ferocious on this track. His snarl sounds quite a lot like a demon commander giving orders (for lack of better description). It can't quite compete with the wailing that he bestowed upon the Immortal track, \"One by One\", but it is still very well-done. But my favorite track would have to be, \"The Root of the Mountain\". This is Abbath's songwriting style that we all know and love. Epic riffs and pummeling drums fill this track to the brim. As furious as this track is, I would have to say that the best moment of it (as well as the entire album) would have to be the one towards the end, containing no percussion. One of the best riffs that I have heard this year is present, as well as some very sorrowful, even MOURNFUL harsh snarling from Abbath. It sounds like a big battle was just waged, then lost. \"Eternal\" is a very fast and memorable track, but it has a riff that is very similar to the one in the opener. It is a very good track, just not quite at the same level.\n\nNow I wish to get my thoughts of the drum-production off of my balls. The drumming is done furiously, just the way that it should be, but the fact of the matter is that the production has tamed it back much too far. At certain times, they sound like they are made of fucking cardboard! Black metal has never been very heavy, but this doesn't live up to the rest of the music. I wanted to be killed as a whole, not just my interest. This is by far the most annoying thing about the music. At least the rest of the negativity isn't less than bland and boring. The aggressive nature of the actual drumming itself simply cannot save it. With the latter portion of the Immortal discography had a very loud and thick drum production (just like the rest of the music), this is loud, thick and plastic. It only makes up for it with the way that the drums are played during the second half of the album. This album would have at least been given a review score in the later 60s, possibly even the early 70s (though probably not) if it had not been for this.\n\nThis is an album that you have to divide into two parts to not dislike as a whole. While the songwriting is great in certain areas, the rest is pretty much like an unpopular TV dinner. People buy it because the picture looks good and the history (possibly the brand, when being compared in this case) sounds promising, but when you consume it, it is bland as hell. It was actually hard for me to even review this album, as some of it was just so unmemorable. You do not know the definition of struggle until you attempt to recall what you have heard in the weak areas of this record. What I desperately hope for is that Abbath Doom Occulta himself realizes just how superior the second half of what he has delivered is and he attempts to make music at that level on his next release. But here, it seems as though he was trying so hard to take his music to the \"next level\", that he forgot how to make the music interesting enough for his listeners. This is by no means a bad album, but it isn't all that good either. I feel as though I would have enjoyed this a bit more if the track listing consisted of a good track, then a boring track. In that case, I feel as though I would have been much quite a lot more captivated the whole way through this record. Although \"The Root of the Mountain\" is one of my favorite songs to be released this year, overall, I see this record as a highly inconsistent release which contains high disappointment.",
                    "date": "April 30th, 2016"
                },
                {
                    "title": "Catastrophe...equals opportunity! - 88%",
                    "content": "The rather paradoxical notion quoted above from Michael Douglass in his cult mid-2000s film King Of California is a rather fitting way to view Abbath's recent solo album, which by any other name would be an Immortal album. It's the consequence of what could be viewed as a calamity, as one half of the creative force behind one of black metal's seminal acts has cut ties with the others, bring in questions of whether or not two equal or lesser beasts would emerge from the carnage. If the solo album put out by Demonaz several years ago (perhaps foreshadowing some growing tension between he and his longtime friend, further bolstered by the recent end of their other single album collaboration in I) indicates the future of the Immortal name or is succeeded by a similar quality of follow up, this would speak to his end of things being kept up. But in Abbath's case, the answer has been given with a resounding yes with the release of his self-titled solo album a little earlier this year, so much so that it wouldn't be a stretch to argue that Abbath took the soul of Immortal's sound with him when he left.\n\nThe association of Abbath with the rest of Immortal's body of work makes sense from a stylistic standpoint, as the gradual evolution from a low-fidelity nod to early Bathory in the early 1990s grew into something more modern and brutal in demeanor, while still keeping the general aesthetic of the original 2nd wave sound in view. It approaches things with the same degree of simplicity and bite as the last two Immortal albums, drawing particularly close to the pounding, war anthems character of Sons Of Northern Darkness, and upping the ante a bit in said department. This is an album where the atmosphere serves to bolster the impact factor, resulting in something a bit less ethereal and mellow compared to the band's middle era, opting for occasional keyboard and sampled orchestral sounds that are more loud and percussive, thus playing into the dominance of the rhythm guitars. While Immortal has always placed a sizable emphasis on riff work, this is arguably the first album that could be seen as totally riff driven, thus delving even further into the death/thrashing sound that first began to creep into things on Blizzard Beasts.\n\nWhile the same setting of a winter-steeped wasteland is implicit in this album, things are geared all but entirely towards the battles and carnage going on within it, rather than taking regular occasions to stroll the field and be immersed by what surrounds it. Leading off the grim tale is \"To War\", which enters to the sampled sound of a marching battalion and rides a chunky, mid-paced thrashing groove for the first minute and a half before the blasting beats and snowy barrages commence. The militant, almost Marduk-inspired character of this song proves to be more the rule than the exception where the rest of the songs are concerned, with the closing song \"Eternal\" going so far as to function as a more frenetic version of the opener, whereas \"Ashes Of The Damned\" and \"Fenrir Hunts\" offer up equally extreme assaults with the fury of a thousand winter storms. Even occasional coasting, restrained sections that come into play on \"Winter Bane\" and \"Root Of The Mountain\" have more of a driving character to them and serve more as slower points in the battle than momentary glances at the distant snow-covered horizons, though on both songs there are some occasional hints of the Viking-like character that would go with a more aesthetic coldness as heard on At The Heart Of Winter.\n\nEssentially Abbath has amassed a well-oiled machine of a band here, though sadly one that would largely comprise temporary contributors. The drum work is perhaps the most noteworthy feature after the riff work, being handled by recently departed Benighted drummer Kevin Foley (aka Creature) and having a very war-like, tom heavy and machine gun precise character, as if the fictional warriors on the frozen battlefield have taken on some weapons of modern warfare. Along for the ride is some fancier than usual bass work out of King Ov Hell, which helps to further deepen the sound and pull it away from the stereotypical 90s sound that Immortal still carried some some extent in the 2000s, not to mention add an additional layer of chaos to an already frenzied arrangement. The most restrained element at work here is the lead guitar work, which is almost exclusively handled by a guest guitarist in Ole Farstad, who is a bit more precise and idiomatic in his approach than Abbath. The culmination of it all is a solid array of songs, though not quite matching the magic of Blizzard Beasts and At The Heart Of Winter. Fans will be pleased, detractors will detract, and all eyes will be on what Demonaz does either under his own name or under Immortal's as a response to this.",
                    "date": "April 18th, 2016"
                },
                {
                    "title": "Grim. And. Frostbitten. - 90%",
                    "content": "I knew this album was going to be good. After hearing the three tracks Abbath had released, I was sure this was going to be a killer album. In fact, as soon as I had finished reviewing \"Ashes of the Damned\", I pre-ordered the album. I bought the collector box set with all the goodies in it. It arrived four days before the release date, but since I absentmindedly had shipped it to my parents' house... I had to wait until the actual release date to listen to it (because I refused to listen to the album online before I had the CD). But it was so worth the wait and the money. \n\nAbbath's creative ability is very obvious in this album. Abbath is clearly a very creative, talented individual, even without Immortal. And although I miss him being in Immortal, I am more than pleased with his solo work. Each track is heavy and his vocals keep the grim atmosphere. This new album's sound is actually somewhat similar to the sound of Abbath's other solo project, I. His work is not so blackened and harsh as Immortal's work is, but the heaviness and grimness make it unique and still enjoyable to listen to. Those who prefer a much darker, blacker sound may be caught by surprise, but will probably end up listening through the whole album. My favorite track is probably \"To War!\". I liked the heaviness and intensity of the track, honestly. It was five and a half minutes of pure, intense Abbath-ness (for lack of a better term). I also liked \"Ashes of the Damned\", as I have mentioned in previous reviews. It's still one of my favorite tracks off the album. I think it appeals to me because it is experimental, yet everything you would expect from Abbath. The entire album is the same way. Abbath experiments with new elements while keeping his music as grim and frostbitten as you would expect and hope for. Abbath has certainly made his split with Immortal work and has allowed his creativity and musical genius to continue into this new project. \n\nAbbath did a cover of Judas Priest's \"Riding On The Wind\". I have a few things to say about that. I liked the guitar style and the fact that although it sounded like the original, it had its own unique touch to it. However... Abbath and Rob Halford do not have similar vocal types at all. Halford has much more range with his voice and has a style that is impossible to replicate. Abbath did better than a lot of other vocalists who try to cover Priest. He already is accustomed to doing harsher vocals. But he simply does not have the same range and fluidity that Rob Halford has with his voice. Abbath is definitely a black metal vocalist and not a traditional metal vocalist. But he did do as well as he could with what he has, and he did very well with the music itself. \n\nOverall I am impressed by this album and absolutely love it. I give it a 9/10, only because of the cover track. If Abbath had done a track that was a little better suited to his range and vocal style, I think I may have been able to give this album a 10/10. The creativity and brilliance of this album completely blew me away. My hope is that Abbath continues with this project and keeps demonstrating his musical genius. He and his band mates do such good work, and I would love to hear more work from them. The album is suitably grim and frostbitten, and I can't wait for more.\n\n*originally from my tumblr*",
                    "date": "February 10th, 2016"
                },
                {
                    "title": "Absolutely Incredible - 98%",
                    "content": "When Abbath left the legendary Immortal, I was heartbroken and quite sad. Immortal has been one of my favorite bands for years and has influenced me so much musically with his playing and songwriting. Luckily, as fate would have it, I would continue to get my fix in the form of Abbath's new self-titled band and holy shit does he deliver. From the first live track, Fenrir Hunts, to the full album, Abbath's solo project is absolutely incredible. That is enough on the background of the situation at hand, let's talk about the whole album.\n\nAs you can tell, Abbath is continuing in the musical direction that Immortal was headed. The black thrash combo is one of the best and Abbath is quite adept at making it. I will say that I absolutely hated the first riff on the album in the song To War! at first. It sounds so modern to me and I wondered if the album had more riffs like that. Luckily, after numerously listen to the album, I began to like the riff because it does groove very well and the double bass over it does make it sound like a march, much like the opening of the song. Anyway, right after that riff, To War becomes an amazing song full of speed, aggression and pretty decent lyrics. The drumming is blazing and compliments the guitar quite well. Also, on just a musicianship note, the drumming on this album is incredible with the precise, gut pounding snare and cymbal work and the precise double bass. It sucks that Creature, Aka Kevin Foley, won't be in the band anymore. Additionally, Ole Andr\u00e9 Farstad does a great job on the songs where he pulls leads. Of course, with almost all black metal solos, save Ice Dale, there is a good amount of slop thrown in there but, it fits well with the chaotic nature of the album. Lastly, King actually has some pretty cools bass lines like in Winterbane and Root of the Mountain. It is reminiscent of Bob Daisley bass lines from Blizzard of Oz with ascending bass lines and what sounds like slap bass. \n\nNow, onto the music itself. From To War to Endless, the album is just incredible. Abbath sounds super into the music vocally, which is great considering that his vocals at times can sound bland and every song has a riff or two, in addition to the other great riffs, that makes you just go wow, that is insane. Back to the vocals briefly, Abbath is screaming like an animal into the mic. The closest comparison would probably be Sons of Northern Darkness. Moving to the actual structure, the album has many blazing fast songs in it such as To War! and Ashes of the Dammed but, along with those songs, it has a few just to tone it down a bit like Root of the Mountain and Ocean of Wounds. This provides great variety and keeps the listener coming back for me. Also, the album, like almost all black metal, has a very dark atmosphere around it. It has that signature feel, grit, and tone associated with black metal. However, the album's production is so well done that it is able to cut through the murkiness just enough so the album doesn't become inaudible and allow all parts of the band to be heard properly. Another high point in the album that I feel was often overlooked with Immortal is the epic nature of the songs. The lyrics are done quite well and parts in songs like Winterbane and Ocean of Wounds make the listener feel like as if he marching into battle, waiting to face death or glory. Or, he is on an epic journey, full of danger with many twists and turns. He can't talk about Blashyrhk anymore. So, he just went ahead and make songs about war and other aspects of winter. \n\nThe album ends in an unexpected way. Right after Endless, Riding on the Wind - a Judas Priest cover song - comes on, and while it's a cool enough song it's unusual to end an album with a cover song. have always hated when bands do this because I just don't see why you wouldn't end with your album with your own song. Luckily, the re-recording of the Immortal song, Nebular Ravens Winter, comes in and makes the album end on a perfect note. Why did he do this? Maybe to keep the song forever? Or, maybe he wanted to show to he is better? I really don't know but, it's quite good. In fact, it is probably better than the original piece. The production is better, Abbath sounds cooler, the drums are more hard hitting and it just sounds heavy, mainly due to the tone.\n\nI do have a few complaints with the album, it lacks the cleans that I love in Immortal. Winterbane and Ashes have the only cleans on the album. They are really badass to listen to and Abbath is great at making cleans but, I just want more myself. It has a lot to do with the atmosphere surrounding his cleans. They are evil, dark, yet beautiful at the same time. They are so complex in how they are played and the album needs some more of these. Also, as stated above, while I like the covers, I would never end with them. I feel like it takes away from the music and makes the album end on someone else's work. My last complaint is kind of a dumb one but, I miss Abbath's solos. I know they are always out of key and sound questionable at times, however, they fit the music so well and I really enjoy them.\n\nOn a concluding note, the album is literally just a continuation of what Immortal was to be. Abbath should hit home with all the old Immortal fans that will take the time to listen to this album. I hope he continues with he is doing and I cannot wait to see what is next.\n\n(Just for the mod, after heavy editing from the workshop and my friend, who is an English major, I feel like this is now satisfactory. Thanks for the help. Cheers)",
                    "date": "January 29th, 2016"
                },
                {
                    "title": "Between Three Bands - 77%",
                    "content": "I'm probably in the minority of folks who hoped against all hope that the eponymous Abbath solo album would be far more geared towards the stylistic choices of I's Between Two Worlds rather than Immortal itself. Not that I've got much of a problem with this duo's mainstay; beyond the drama generated within the 'brand' over the last few years, they're an ace group and I've enjoyed nearly every single full-length they've released dating back to when I had just gotten out of high school. But that I album was really a grower, to the extent that I'm far more likely to break that out for another spin than anything else Abbath has participated in throughout his career, including monsters like Sons of Nothern Darkness, Pure Holocaust and At the Heart of Winter. To that extent, I've had to come away from this s/t mildly disappointed, because while Abbath and King don't wholly ignore that transcendent, moody epic/heavy metal sound here, this is far more of a spiritual successor to All Shall Fall, Immortal's last, somewhat divisive album.\n\nNow, I happened to skew heavily towards a positive reaction to that, so this might have proven a win/win either way, but I came away with mixed feelings. Half the tracks here are great, the others just alright. It's about 50% inspired by Sons of Northern Darkness and that effort's simpler, more mighty songwriting structures; another 25% giving passing nods to the more extreme, older school wheelhouse the band used to dwell within, and that final quarter definitely captures the more shining, airy, windy heavy metal feel with the higher pitched chords, flashy leads and immersion. As you can imagine, this produces a pretty wide swath of dynamics, and indeed the tunes can range from blasted arctic gales to measured sojourns across the ice-fields. Abbath sticks largely to his snarled voice, which works well in conjunction with the chords and atmosphere but doesn't resonate with me nearly as much as that gritty Quorthon-like clean from Between Two Worlds. The drums are performed by Creature (aka Kevin of Benighted) with thunderous aplomb, at any pace necessary, with strong use of the toms and double bass rumblings suitable for the perceived Norse warfare inherent in all the band's ambiguous lyrics, and King's bass lines are at worst subdued beneath the rhythm guitar; at best grooving along with classic, infectious heavy metal pacing on tunes like \"Root of the Mountain\".\n\nThe rhythm guitars strongly resemble a hybrid of Sons of Northern Darkness and Between Two Worlds, with some higher range, less predictable choices of notation. Not a ton of tremolo picking used here, the emphasis is very often on solid chords and cleaner accompanying lines to give it that vast, folksy feel I so enjoyed on the I debut. There are a few riffs I would not expect, such as the opener of the album, which feels like a mesh of Chaos A.D. era Sepultura thrashing groove with some Voivod dissonance, but after a few minutes it all seems to fall in line and Abbath is trampling over well-trodden ground, making safer songwriting decisions that genuinely pan out into solid if rarely remarkable material. Leads are spurious and sensible, never too wanky or misplaced, and often functioning the greatest when they resolve to very simple melodic lines. Lyrics evoke the belligerent 'catch-all' wintry mythological violence and glory the band is lauded for, but not without entertaining imagery that any fan of their mid to late 90s material will wax nostalgic over.\n\nThe mix is really well balanced, permitting the ballast of the rhythm guitars to shine without obscuring any other component, drums delivering a Sleipnir canter. Gallop. Trot. Charge. Abbath's ugly but often monotonous snarl seated well above the fray with appropriate reverb sending some of his lines to bounce off the roiling storm clouds that the listener will conjure up internally. At least three tunes I thought were excellent...\"Root of the Mountain\", \"Winterbane\" (which sounds like it could have been a Northern Darkness outtake) and the intense \"Fenrir Hunts\", which was my fave mirror to the older Immortal on the record. But there were certainly a lot of give or take riffing sequences throughout the remainder of the material that I hesitate to call this truly great. I think it's more loyal to his alma mater's theater of sound than the Demonaz solo album March of the Norse, to be honest, but I liked the pacing and aesthetic of that more. Abbath is an effective entry into the band's overall canon, but I feel like these guys might be squandering their creative impulses on too many samey projects to the point it could get confusing for the uninitiated. There's a lot of crossover of ideas, so I wish they'd just rein it in to Immortal and I, legal issues be damned.\n\n-autothrall\nhttp://www.fromthedustreturned.com",
                    "date": "January 29th, 2016"
                }
            ],
            "songs": [
                {
                    "name": "To War!",
                    "length": "05:34",
                    "url": "https://www.metal-archives.com/release/ajax-view-lyrics/id/3680883",
                    "darklyrics": "\nSpeed demon spread thy shanks wide\r\nShower offense! Defile\r\nCitadel pure desire's vice\r\nDamnation nigh Behemoths feast\r\nOld bloodlines die -\r\nWarrior caste feed raging beast\r\nHear the roar of battle-horn. To War!\n\r\nDread Reavers rise from dismal mist\r\nGhouls emerge - Catalyst\r\nForm jagged, spike - studded fist\r\nLean years breed - a skeletal corps\r\nDeviant yield - Omnivore\r\nTide devours craven shore\r\nTo battlefield stream the swarm. To War!\n\r\nMephitic mob - torch the havens\r\nChew the ribs of temple-maidens\r\nBlackened babes - hung on high\r\nNourish the hawks circling sky\r\nTalons to flesh - a hook-beak strips\r\nLong pig to shreds - tongue from lips\r\nWild Reavers pledge - their guts to pour\r\nBlizzard kin raise the skulls.\n\r\nTalisman shield - the sword our prophesy\r\nGrail Quest - benighted destiny\r\nWar paths - must terminate in blood\r\nPit erupt - spray ochre upon the mud.\n\r\nPlague Weavers spread Y-pestis far\r\nThin armoured ranks\r\nMarauders close - Decimate guard\r\nHammer blade on anvil forge\r\nHel know our name\r\nWade knee deep - in sod of gore\r\nOnce more unto the breach. To War.\n\n",
                    "darklyrics_url": "http://www.darklyrics.com/lyrics/abbath/abbath.html#1"
                },
                {
                    "name": "Winterbane",
                    "length": "06:49",
                    "url": "https://www.metal-archives.com/release/ajax-view-lyrics/id/3680884",
                    "darklyrics": "\nCleanse steel in carnage - Unleash chthonic Darkness\r\nScud stochastic vortex - Blitz vicious bastards\r\nSheath blades in carcass - Disembowel tangled skein\r\nUpon ripe flesh we harvest - Human grain mortal pain\n\r\nReaper rides on genocides' arc of scythes.\n\r\nCombat casts the warrior - warfare marks the age\r\nStone to bronze to iron - steel is our rage!\r\nBlood soaked grimoires spell - Hel a million ways\r\nVellum spills the venom - a poison chalice sprays.\n\r\nGods of War! Exhort the hordes as battle roars.\r\nA Dragon dives Belching hives of serpent flies\n\r\nScribes skewer history - Truth dies in the telling\r\nScribes skewer history - Truth dies in the yelling of lies!\n\r\nAfford us our sins. Bloodlust our wings\r\nIn death's domain of Winterbane.\n\r\nDeath wept that grim day - gutting ghost from viscera\r\nFlaying soul from the clay - cleaving mind from terror.\r\nReavers rode roughshod - 'cross the skull-crushed plain\r\nLegions mass the grave - where spirits shriek insane.\n\r\nFire drakes dive. Burn ranks alive. Dead worlds collide.\n\r\nRavens glide. Swoop and pluck the Hero's eyes.\n\r\nScars carve the memory - truth lies in the cutting\r\nScars carve the memory - truth lies in the culling of lies\n\r\nSeraphim soar above the ichor\r\nThe sea of slain at Winterbane.\n\r\nWilderness will not claim the beast\r\nNor civilized state deny its feast\r\nNot gibberish of madman, hysteric chant of priest\r\nNor lovers' brutal sighs, lend the savage peace.\n\r\nA demon raised in flames must stride\r\nStricken trails in stark divide\r\nThe frozen waste of Winterbane\r\nTo face the monster still inside.\r\nDeep within its burning eyes\r\nA killer stirs, starts to rise...\r\nReavers ride the ice-crest tides\r\nThunderous hooves churn the skies.\n\n",
                    "darklyrics_url": "http://www.darklyrics.com/lyrics/abbath/abbath.html#2"
                },
                {
                    "name": "Ashes of the Damned",
                    "length": "03:51",
                    "url": "https://www.metal-archives.com/release/ajax-view-lyrics/id/3680885",
                    "darklyrics": "\nAshes of the Damned - bourne on pestilential winds\r\nZephyrs flay the sky - cinders bath in blaze\r\nScorch raw starry vault - Above the earth accursed\r\nCarnage beyond despair - souls seared in gaze.\r\nEmbers of warriors - fuel legends heroes bled\r\nSeidmen weep the tears Valkyries fear to shed.\n\r\nAshes of the Damned\n\r\nSerpent-tongue sick with thirst - in thy venom we immerse.\r\nNecrotic Lord Bless Our Chains - baptise heathen flesh in flames.\r\nBut free of all Rapture's stain. From ash The Damned will rise again!\n\r\nRats, spread deadly spore - bubonic swarm.\r\nClaws, of vermin rake - ancient graves.\r\nBelch, necrotic maw - kisses blistering.\r\nMelt, Death's face to yours - Decay with Grace.\n\r\nFrost, bite iron lung - demonic storm.\r\nSpit, last heathen words - against the hail.\r\nFlesh, raise heavy chains - curse the skies.\r\nSpark, suck lightening strike - the final nail.\n\r\nAshes of the Damned - bourne on pestilential winds\r\nZephyrs flay the sky - cinders bath in blaze\r\nScorch raw starry vault - Above the earth accursed\r\nCarnage beyond despair - souls seared in gaze.\n\n",
                    "darklyrics_url": "http://www.darklyrics.com/lyrics/abbath/abbath.html#3"
                },
                {
                    "name": "Ocean of Wounds",
                    "length": "04:44",
                    "url": "https://www.metal-archives.com/release/ajax-view-lyrics/id/3680886",
                    "darklyrics": "\nClub-foot cripple's withered stride\r\nDisturbs the dust of barren tide.\r\nLifetime spun from martial pride\r\nGraft of scars on calloused hide.\n\r\nWeathered vet of many campaigns\r\nKnuckles grip anew the reigns.\r\nCharger harnessed - standard raised.\r\nSombre stroke to crown aspire.\n\r\nDrown fears in void of infernal Styx.\r\nWarrior's doubt in terror cicatrix.\r\nDrown the sound of doom in cobalt depths.\r\nSubmerge grief in the Ocean of Wounds.\n\r\nIn hateful breeze the guillotine hum\r\nOf axe descent to nape of scum.\r\nWed to pain, to horror numb.\r\nCrimson world will soften the slum.\n\r\nShort cuts burn when u seek fire.\r\nBone-deep become the demon sired.\r\nStrong through trials, torments dire.\r\nSombre stroke to crown aspire.\n\r\nDrown fears in void of infernal Styx.\r\nWarrior's doubt in terror cicatrix.\r\nDrown the sound of doom in cobalt depths.\r\nSubmerge grief in the Ocean of Wounds.\n\n",
                    "darklyrics_url": "http://www.darklyrics.com/lyrics/abbath/abbath.html#4"
                },
                {
                    "name": "Count the Dead",
                    "length": "04:57",
                    "url": "https://www.metal-archives.com/release/ajax-view-lyrics/id/3680887",
                    "darklyrics": "\nGrimshard Lord of northern Reach\r\nHeed the dread Hel can teach.\r\nDespair in halls of burning keep\r\nTaste the tears kinfolk weep\r\nSee the twilight realm you rule\r\nLand aflame, flesh our fuel.\n\r\nInspire men at arms, the brave who have not fled.\r\nLead ire on final charge, until no soul is left\r\nTo Count the Dead.\n\r\nGreybeard swing your broken sword\r\nIn killing arcs' terminal stroke\r\nLet battle-cry rip from throat\r\nAs lungs fill with acrid smoke\r\nSwallow bile of livid fear\r\nOn which you choke so cavalier.\n\r\nInspire men at arms, the brave who have not fled.\r\nLead ire on final charge, until no soul is left\r\nTo Count the Dead.\n\r\nCataracts cloud your streaming eyes\r\nGlory fades in dying light.\r\nBanners bright drained of colour\r\nGrey in dusk of deadly night.\n\r\nOld Lion maimed draw your knife\r\nEnd your worthless life.\r\nKneel before the Raven Hordes\r\nOf Ice, Fire and Strife.\n\r\nLord Warden where's your flock?\r\nSons lie slain at your feet.\r\nDaughters shamed by reaver's cock\r\nYour champions butchered meat.\n\r\nGrimshard Lord of northern Reach\r\nHeed the dread Hel can teach.\r\nDespair in halls of burning keep\r\nTaste the tears kinfolk weep\r\nSee the twilight realm you rule\r\nLand aflame, flesh our fuel.\r\nUpon the carcass of the world\r\nCenotaph for the scourged.\n\r\nInspire men at arms - the brave who have not fled\r\nLead ire on final charge - until no soul is left\r\nTo Count the Dead.\n\n",
                    "darklyrics_url": "http://www.darklyrics.com/lyrics/abbath/abbath.html#5"
                },
                {
                    "name": "Fenrir Hunts",
                    "length": "04:38",
                    "url": "https://www.metal-archives.com/release/ajax-view-lyrics/id/3680888",
                    "darklyrics": "\nRank and file of Legions vile form their battle lines\r\nClad in armour black as night Northern Darkness sines\r\nBanners raised skin of slaves slap in Vanir's breeze\r\nSeidmen cut rune wards deep Hel thaws all shall freeze.\n\r\nRelease the flood a rampant tide of blood\r\nWill fill this black lagoon\r\nWarriors weened on gore and gruel must heed\r\nThe carrion call of doom.\n\r\nPack Master! Unleash the Reavers eager for rapine.\r\nEmerge from lair of ice and gneiss cave and ravine.\r\nVulpine scouts, winter-lean, scent meat on ripe spore\r\nA feast awaits the frenzy of rabid fang and claw.\n\r\nVolcanic shores bleed a gush of iron ore\r\nFrom ashes Death will bloom.\r\nHowl for Hel Voracious Dogs of War.\r\nFenrir hunts Snaps jaws of doom.\n\r\nSkills to hone, swords to whet to keen edge damascene.\r\nSpear tip to taper, arrow fletch, hammerhead to clean\r\nIn spleen.\n\r\nShield to boss, helm to crest, battle axe to grind\r\nWound to stitch, gut to void, Berzerker-rage to blind.\r\nSick mind.\n\r\nBeneath a shroud of bludgeoned sky\r\nWe tread the dust on corpse-strewn roads.\r\nHum laments of requiems\r\nHalf-remembered odes\r\nOf orphaned brats, weeping widows.\n\r\nWe march to crack of thunder Ragnarok in our eyes\r\nTo drumbeat of the Damned we salute your sacrifice\r\nWe march for love of slaughter drunk on wine of blades\r\nWe fight for eternal night until the End of Days\n\r\nRelease the flood a rampant tide of blood\r\nWill fill this black lagoon.\r\nWarriors weened on gore and gruel must heed\r\nThe carrion call.\n\r\nVolcanic shores bleed a gush of iron ore\r\nFrom ashes Death will bloom.\r\nHowl for Hell Voracious Dogs of War.\r\nFenrir hunts Snaps jaws of doom.\n\n",
                    "darklyrics_url": "http://www.darklyrics.com/lyrics/abbath/abbath.html#6"
                },
                {
                    "name": "Root of the Mountain",
                    "length": "05:39",
                    "url": "https://www.metal-archives.com/release/ajax-view-lyrics/id/3680889",
                    "darklyrics": "\nStooped now the wraith, more shadow than flesh.\r\nOnce mighty hews lie sunken in chest.\r\nSpectral hoar frost spat on breath.\r\nA pulse ebbs, yet, still Lord of Death.\r\nA silent tongue whispers tumours in head.\r\nBending will of wardogs led.\n\r\nTo glorious carnage\r\nArmies were fed\r\nLeech to thrombosis\r\nNations were bled.\n\r\nA world quailed in terror\r\nStricken with fear\r\nParents slew children\r\nAs juggernaut drew near.\n\r\nBeneath vast crush of crag\r\nEntombed in gut of molten slag\r\nAn Archon-King cursed to live\r\nAs regent in Abyss of eldritch Necropolis.\n\r\nStalking caverns'\r\nGargantuan scope -\r\nRevenant sits on his throne.\r\nEmperor infernal\r\nIn City of Bone\r\nAnd shattered stone.\n\r\nAt World's Edge a mighty range\r\nCuts through cloud impaling Heaven\r\nFollow fissures down - Behold:\r\nThe Root of the Mountain.\n\n",
                    "darklyrics_url": "http://www.darklyrics.com/lyrics/abbath/abbath.html#7"
                },
                {
                    "name": "Endless",
                    "length": "04:37",
                    "url": "https://www.metal-archives.com/release/ajax-view-lyrics/id/3680890",
                    "darklyrics": "\nPhoenix in a frozen flame\r\nTrapped in Arctic-Winter crypt\r\nScars of past have cast the chains\r\nFrom Book of Ages we are ripped\r\nRaven glide on Polar-winds\r\nHailstones sharp shards of glass\r\nBanish thoughts of lesser men\r\nIn the end flesh is grass.\n\r\nDivided we fall\r\nUnited we rule\r\nHybrid stand tall\r\nIgnite freak with fool.\n\r\nPhoenix soar as sunlight thaws\r\nGlacier and frigid earth\r\nShake the ice from fiery mane\r\nTorch the skies emblazon birth\r\nRaven dive through lightning strike\r\nWhip cirrus into swell\r\nPierced by deadly shrike\r\nSpirit flies, no man can fell.\n\r\nDivided we fall\r\nUnited we rule\r\nSteadfast we toil\r\nRebellion our tool\n\r\nDauntless Fearless Tireless Relentless.\n\r\nPhoenix rise and conquer Time\r\nTemper fate\r\nReclaim the zeitgeist in its prime\r\nRejuvenate\r\nRaven dive through lightning strike\r\nWhip cirrus into swell\r\nPierced by shrike\r\nSpirit flies, no man can fell.\n\r\nDivided we fall\r\nUnited we rule\r\nSteadfast we toil\r\nRebellion our tool\n\r\nDauntless Fearless Tireless Relentless.\n\n",
                    "darklyrics_url": "http://www.darklyrics.com/lyrics/abbath/abbath.html#8"
                },
                {
                    "name": "Riding on the Wind (Judas Priest cover)",
                    "length": "03:04",
                    "url": "https://www.metal-archives.com/release/ajax-view-lyrics/id/3729775"
                },
                {
                    "name": "Nebular Ravens Winter (Immortal cover)",
                    "length": "04:17",
                    "url": "https://www.metal-archives.com/release/ajax-view-lyrics/id/3729776"
                }
            ],
            "song_names": [
                "To War!",
                "Winterbane",
                "Ashes of the Damned",
                "Ocean of Wounds",
                "Count the Dead",
                "Fenrir Hunts",
                "Root of the Mountain",
                "Endless",
                "Riding on the Wind (Judas Priest cover)",
                "Nebular Ravens Winter (Immortal cover)"
            ]
        },
        {
            "name": "Outstrider",
            "type": "Full-length",
            "year": 2019,
            "review_num": 4,
            "review_avg": 87,
            "url": "https://www.metal-archives.com/albums/Abbath/Outstrider/766804",
            "reviews_url": "https://www.metal-archives.com/reviews/Abbath/Outstrider/766804/",
            "reviews": [
                {
                    "title": "Simpler and less experimental; somewhat generic and tame - 72%",
                    "content": "I'm not entirely sure on all the details of the Immortal split when Abbath starting to release their own music. Abbath's 2016 album was apparently supposed to be the next Immortal album before going solo. I can see that on the basis that it seems like a continuation of All Shall Fall but far more experimental and less traditional. I wasn't a fan of All Shall Fall; I found it rather boring when all was said and done. Abbath was a little more interesting but the ferocity and energy was lacking.\n\nOn this album, that is not the case. The album is high-energy with many traditional heavy metal and thrash elements infused. The tempo is steady and fairly fast. Part of that speed is from the thrashier riffs and drum sections. It's not all-too-often fast like black metal but more like speed metal. When the band is going full-blast it's really not that interesting, partly due to the style. Black speed metal using open chords is not conducive to unique song writing. It's neutering what you can do with speed metal. The slower songs are better here. The are some exceptions and those are my favorite, like \"Harvest Pyre\" and \"Land of Khem\". It's either ferocious OR interesting. I appreciated old Immortal because it's tough to write blisteringly aggressive music and still have something unique rather than just blasting with a chainsaw over and over.\n\nThe vocals are what you expect from Abbath, but more of the stsndard fare. \"Bridge of Spasm\" has an atypical opening from Abbath. Though I don't much care for the song and it's uber thrashy themes, \"The Artifex\" has a catchy vocal part in the chorus, along with \"Harvest Pyre\" they make for good listens in the vocal department. There's not that many \"hooks\" to go around but we're not really here for that.\n\nThe guitar production is really muddy. You can't blame it on the copious amount of fuzz considering old Immortal had heavy chainsaw buzz in it. Here there are multiple moments that could be great but sound like a wall of grime. Maybe it's also due to the extra open chords just blasting through and I'm looking for something that's not there... Solos are aplenty, my favorite being on \"The Artifex\". It has interesting parts and is quite lengthy for this day and age. Even the solos exude an aura of thrash. The feel of them are very old school.\n\nThe bass is extremely simple and almost boring. Fortunately, there are moments on certain songs where the guitar breaks and lets the bass be heard, simple as it is. The drums on \"Land of Khem\" have some neat tricks as well as \"Outstrider\". Overall they're fairly straight forward. The most interesting they get is when the guitar plays with time signatures a little bit, like on \"Harvest Pyre\" or one really interesting section in \"Scythewinder\" (the rest of that songs being a bore).\n\nAnd now, the inevitable paragraph. How does this compare to the rival album released by Immortal proper from this year. As you'll see by my other review, I liked \"Northern Chaos Gods\" more. The ferocity lacking here was in full force there, just as was the pleasing song writing. Abbath has had time to hone his chops, so Demonaz and Horgh are making up for lost time and they are furious. Abbath seems to be resting on his laurels a bit, by comparison. It's a shorter offering but will please long-time fans and probably gain a few more.\n\nFavorite tracks:\n-Harvest Pyre\n-Land of Khem\n-Bridge of Spasm?\n\nTechnical Skill: 69% Originality: 72% Song writing 67% Production: 42%",
                    "date": "December 14th, 2019"
                },
                {
                    "title": "Manifesting the original spirit of Quorthon. - 96%",
                    "content": "Much of what black metal is today, and most particularly the iconic Scandinavian sound that has enjoyed the largest degree of notoriety, owes its unique character to evolutionary strides originally made by Bathory in the mid-80s. Though the iconic 80s offerings of said Swedish trailblazing outfit were likely greeted as being just another thrash metal offshoot that was maybe a bit more low-fi and quirky than the death metal one that was brewing in Germany, America and Brazil; something very different was brewing that would explode into a very distinct sub-movement within metal that is still regarded as its most extreme expression in some quarters. Of the early adherents of the Scandinavian scene that developed in the early 90s and expanded upon the original strides, Immortal stood as being among the more conservative, but a better way to see it is them being the purest expression of Quorthon's original experiment taken to the next level. Following the split of Abbath with the rest of the Immortal fold, it's become unclear whether he or ex-bandmate Demonaz truly took the torch of Bathory with them, but Abbath's recent sophomore solo effort lends about as strong of credence to it being him as could have possibly been accomplished.\n\nWhile both this album and Immortal's latest offering Northern Chaos Gods possess the essence of Quorthon's original blackened signature sound, Outstrider stands apart by incorporating the latent traditional heavy metal stylings inherent in the primordial riffing approach of Bathory and The Return... in a more pronounced fashion, while also retaining the shred-happy guitar solos that were basically an obligatory part of any metal album in the 80s. Though Abbath's past guitar work on the latter day albums put out by Immortal would suggest that he is more than up to the task of accomplishing this, another six-string ax man in Ole Andr\u00e9 Farstad handles lead duties and makes quite a show of it, arguably presenting a more virtuosic version of Quorthon's original style and peppering it in small doses throughout the entire album. But even with all of the originalist elements firmly in place, this is still very much a modern black metal experience that has a polished production with thunderous drums and an atmospheric depth that sort of bridges the divide between Abbath's final outing with Immortal All Shall Fall and the somewhat more groovy and tuneful side project I's lone offering Between Two Worlds.\n\nBetween the exemplary musicianship on display here, the harrowing and frostbitten atmosphere, and Abbath showing a youthful vigor that sees his voice running through a number of differing sepulchral expressions. Just one listen to the swift thrashing mayhem of \"Land Of Khem\" and the shuffling blaster \"Scythewinder\" reveal a voice that is channeling a veritable legion of dark entities, each one naturally taking care to begin speaking after the next has finished. Along for the ride of chaotic storms of blackened rage are a few tidbits of Viking metal trimmings imported from the latter days of Bathory, including a haunting acoustic guitar intro to this band's heavily tuneful opener \"Calm In Ire (Of Hurricane)\", a title that's naturally a bit of a mouthful but a song that basically embodies all of the best elements of At The Heart Of Winter and Twilight Of The Gods. The title song \"Outstrider\" takes this mixture of acoustic guitar storytelling and epic, mid-paced Viking glory with a blackened helmsman screaming to the arctic wind to its logical conclusion and presents arguably the best compositional effort that Abbath has mustered since the close of the 1990s. As if the parallels to Bathory couldn't be any clearer, a wicked cover of \"Pace Till Death\" adorns this album's closing moments, presented in an even faster and more ferocious fashion than the original, with Abbath once again defying his own past accomplishments in the vocal department with a truly vile shriek that rivals what Hat brought to early Gorgoroth.\n\nTo state that this album is essentially listening for any self-respecting black metal fanatic would be the understatement of this soon to be concluded decade; undisputed classic that closes said decade on an utterly climactic note would be closer to an accurate representation of just how completely this album slays all who oppose it. The sheer amount of energy and intensity that went into creating this masterpiece is nothing short of astounding, and sadly it has been making the rounds on the internet that Abbath has been struggling pretty heavily with alcoholism, so here is to hoping that he weathers this storm and gets back to the studio at least a couple more times before hanging it up, because there is no telling what could be coming down the road if this album is any indication of Abbath's future ambitions. How Demonaz plans to top this, let alone anyone else, is going to be interesting to see.",
                    "date": "December 8th, 2019"
                },
                {
                    "title": "your move, Demonaz - 86%",
                    "content": "I\u2019ve always kind of felt that the Abbath/Immortal split ended up being beneficial for both sides. It was clear that the hook-laden arena rock stuff was mostly the doing of the former, whereas the remaining members wanted a bit more of a serious and intense thing. Now that they\u2019re separated, they can focus on their respective strengths, and it shows: Abbath\u2019s self-titled debut and Northern Chaos Gods are both stronger albums than All Shall Fall. If you asked me to pick a favorite between those two, though, with a gun to my head I\u2019d probably side with Immortal. I do appreciate the overt accessibility of Abbath and it\u2019s got some killer songs, but overall it does feel a bit more rushed and uneven than Northern Chaos Gods, which was a purposeful and carefully thought-out torrential downpour of frosty riffs n\u2019 blasts. Immortal may have won the first battle, but the war is far from over, and with Outstrider Abbath sounds pissed and determined to come out of the gate swinging. \n\nThat\u2019s the main thing you notice at first listen - Outstrider is harsh, thin and aggressive compared to the rich rumble and easygoing double-bass of the debut. Abbath has squeezed most of the croakiness out of his trademark croak in order to give this some extra bite, and sounds more like a conventional black metal vocalist than he ever has. That might be a turnoff for longtime fans, but don\u2019t worry, you can still tell it\u2019s him, there\u2019s just a bit more prickle in them than usual (could just be a production thing). The riffs feel like they\u2019re attacking you a bit more and tie into one another while doing so, whereas the self-titled debut had more of this \u201chey here\u2019s some cool riffs I\u2019ve been sitting on for a while\u201d vibe. Outstrider is an album written with focus, direction, and some attention given to the space in between the tracks. Even with the extra dollop of anger and determination here, though, this still retains most, if not all of the inherent catchiness of the riffing. Abbath has a damn good ear for hooks, always has, and it\u2019s basically impossible for him to write unmemorable riffs. The title track, \u201cHarvest Pyre\u201d and a couple of others have some signature moments that will appease any Abbath/Immortal fan, or anyone who likes catchy melodic black metal. \n\nWhile it\u2019s pretty clear who the brains and the driving force behind this band is, it would be unfair to downplay the contributions of the other musicians, particularly the drummer. Ukri Suvilehto is a young gun playing with some pretty big dogs for a 24-year-old, but god DAMN this dude has groove. He does this thing where he plays a catchy rock beat for the first verse, and then the second time that it comes in he plays the same beat with double-kick underneath it and oh my god it sounds absolutely delicious. The composition of the drumming in \u201cHarvest Pyre\u201d seriously gives me chills. It\u2019s not showoffy or anything, it\u2019s just exactly what it needs to be and has equal parts swagger and clinical precision. In short: this guy is good. Better than the last guy by far, and I sincerely hope he\u2019s made the lineup permanently. This dude was drumming live for Before the Dawn when he was fucking 18! The extra hits and fills he can fit into a riff that the last guy couldn\u2019t play a major role in Abbath stepping up the intensity on this album. \n\nIt\u2019s incredibly ironic, but it looks like Abbath improved by changing their sound to be more like Immortal. Going back to more conventional black metal as opposed to wiffly pop-black serves the weaker, less memorable tracks on the album much better. The standout singles are still the standout singles, and there\u2019s a couple of tracks that are clearly better than the others on Outstrider, in all fairness, but I prefer a backdrop of aggression to a backdrop of catchiness that\u2019s slightly less catchy than the catchiness you just heard. As far as the heavyweights are concerned, Abbath is leading the pack in 2019. Hopefully the dude makes good progress in his recovery so he can get back on the road soon.",
                    "date": "December 6th, 2019"
                },
                {
                    "title": "Loose and limber - 94%",
                    "content": "Not being an absolutely massive Immortal fan, I never bothered to check out Abbath\u2019s own debut album after he split from the mothership a few years ago. In fairness, I do like Immortal a great deal, but I\u2019m actually prejudiced against bands that are named after one of their members, except for King Diamond, which is just another part of the prejudice that I can\u2019t explain. However, I was a bit disappointed that no one had even bothered to write about the second Abbath \u201csolo\u201d album, particularly as it came out ages ago, in July. So I listened to it and thought about how I felt and - shame on you all! Because it\u2019s really fucking good!\n\nI feel like Abbath was always slightly undersold in the line-up of Immortal, having to be the mouth of the group while also clearly struggling to fit his buoyant personality into the restrictive codes of black metal behaviour. Away from the band\u2019s eternal kvlt name though, he may have had a chance to loosen up, and that\u2019s kind of how I\u2019d describe Outstrider - a loose black metal album that is also really quite tight. Of course I mean tight in musicianship and loose in feel, since the way that the band (and it is a band, with 4 members) rip into the songs seems limber and natural, seeming to decide the direction at an instant\u2019s notice, helped of course by a massive production job that makes all the noise of Sons of Northern Darkness with a touch more cleanness and immediate sparkle. The songs can be described in the same manner as well, rocketing out of the album with verve and character, sounding at once instantly catchy yet also complex and nuanced.\n\nI get the vibe of catchiness from the riffing, which often sounds familiar and hits the spot on almost every track, while the complexity of the album comes from a deviant sense of progression that allows guitar leads and structuring to fly from unusual angles. In essence, it\u2019s the sound of Immortal\u2019s classic heart played with and tricked up by a prevailing sense of fun and mischief. Take \u2018Land of Khem\u2019 as an example: Immortal would have built up the clean introduction and dwelt on the changes of riff, but Abbath just tosses out section after section with frivolous disregard for pomp, finishing the piece in perhaps half the time of his old band. As such, while the sound certainly screams Immortal at moments, the activity of the instrumentalists could be more closely compared to less revered and less reverent groups, such as Taake and even Aura Noir, who were always more interested in playing with the listener than many realized. To some extent, Abbath\u2019s previous solo endeavour (the diminutively named \u201cI\u201d) should be a comparison, especially with the heavy metal overtones on some songs.\n\nWhat impresses me most is how the balance of styles comes out so well in the end. For all that the stomp and swagger of \u2018Outstrider\u2019 epitomizes the crab-walking, face-pulling ethos of Abbath at his most confident, some cuts stick to even more intriguing targets. Both \u2018Bridge of Spasms\u2019 and \u2018Scythewinder\u2019 manage to be dissonant yet hooky and extreme yet simple, wiping out the idea that metal - and black metal in particular - needs to choose a path that takes in only half of those qualities. In terms of both riffs and solos, creativity clearly ran high between Abbath and new member Ole Andr\u00e9 Farstad, who has an ear for leads with an unexpected turn; however, it would be patently unfair to single out individual members when the final product lacks any obvious drawbacks. In fact, thinking over the quality of Abbath\u2019s second outing, I\u2019m not only disappointed but frankly staggered that no one else has written about Outstrider yet. This is the product of a vision truly unblinkered.",
                    "date": "December 3rd, 2019"
                }
            ],
            "songs": [
                {
                    "name": "Calm in Ire of Hurricane",
                    "length": "04:32",
                    "url": "https://www.metal-archives.com/release/ajax-view-lyrics/id/4879102",
                    "darklyrics": "\nPerish the dead mesh stripped from our bones\nStark is the carcass cursing our wake\n\nWhipped core corrupt, crack'd self destruct!\nShed our shell corrosion hatch in burst of shame\n\nA thousand lashes cuts us to our core\nWe find calm twist and burn dervishes spun whole\n\nSever the neck of bare throat stretched before us\nDrink from jugulars, asphyxiate thy mind\nSwallow lost spirit that pines for inhalation\nMute shrieking sirens rife with tongues to bind\n\nCrotch-deep, drenched in gut-floods' acid rush\nIn womb-burst of birth-scum, drown like rats in cage\nWe paw the ion bars as nailless fingers scrape for flaws\nScratched they erupt in gash of glans of necrophage\n\nCalm in ire of hurricane\n\nWhipped core corrupt, crack'd self destruct!\nShed our shell corrosion hatch in burst of shame\n\nSpitegeist reflects death's mnemonics's tool\nEcho-chamber pitched to hells subsonic howl\n\nIn twinkle of anemic vein\nCoughing like a rusty chain\nFate squats within a mangled skein\nExuding calm in ire of hurricane\n\n",
                    "darklyrics_url": "http://www.darklyrics.com/lyrics/abbath/outstrider.html#1"
                },
                {
                    "name": "Bridge of Spasms",
                    "length": "03:49",
                    "url": "https://www.metal-archives.com/release/ajax-view-lyrics/id/4879103",
                    "darklyrics": "\nWith fist on hilt I wade thru guilt towards the Bridge of Spasms\nA flailing limb cast across the yawning Maul of Chasms\nHooked to ledge at sanity's edge steel convict clamped in irons\nIt undulates squirms like bait hung 'bove pit of lions\n\nThat fickle whore Fate forced my gait to tread this skyward path\nOn skeletal thread blind man led by echoes of strangled laugh\nWith every step terrors swept fears like flies in rift of mind\nI crawled, cracked nails clawed the creaking boards of crooked spine\n\nTorpid Styx twist viscid fist through bowels of howling Deep\nMy demons spare not one nightmare ever rode plague-ridden sleep\n\nNailed to the mast! Flee pox of past!\nIgnore the sirens' shrieking hearts\nSail the flux! Ride upheavals!\nDive beyond immortal charts\nIn lee of Bridge of Spasms I split among the atoms\nIn lee of Bridge of Spasms I split among the atoms\n\nLike oroboros I swallow tale like oroboros I swallow tale\n\nA Raw nerve stretches ganglion curve till ventricles erupt\nI flow like blood through floating vein's arterial aqueduct\nCrest the arch, gaze aghast, upon Oblique of Great Divide\nIt mirrors morass, life-spans' collapse, loop of ego's pride\n\n",
                    "darklyrics_url": "http://www.darklyrics.com/lyrics/abbath/outstrider.html#2"
                },
                {
                    "name": "The Artifex",
                    "length": "04:09",
                    "url": "https://www.metal-archives.com/release/ajax-view-lyrics/id/4879104",
                    "darklyrics": "\nReclined in swathe of bedlam's grimoires\nSheathes of ancient vellum cradle skull\nSigils scour sallow skin, copper veins\nDrip gnosis, draw mind from mortal lull\n\nI pluck the stitches, stun the senses\nMilk the pain I graze\nI storm the portals of dead immortals\nTrapped in yesterdaze\nI dive to new depths, plunder sunk wrecks\nIn culp of fetid drain\nI seek the artifex, disenchant hex\nTo lift this curse of Cain!\n\nArtifex absorb a corpus\nAlchemy in limbic vortex\nArchetype bequeath a gene\nTo murder Eden, dismember dream\n\nBeyond arc of reaper's lethal grace\nThe shade of Cain shrives guilt in mud\nAnd golems raised all display his slain\nBrother's bludgeoned face\n\n",
                    "darklyrics_url": "http://www.darklyrics.com/lyrics/abbath/outstrider.html#3"
                },
                {
                    "name": "Harvest Pyre",
                    "length": "04:12",
                    "url": "https://www.metal-archives.com/release/ajax-view-lyrics/id/4879105",
                    "darklyrics": "\nI am the ruin of all a squint can dim survey\nI am the dearth of hopes' dystopic cowl dismay\nI cast the baubles through rapine my fortune ill-acquired\nUpon the flames rent the night deny the trinkets vice desired\n\nI squander riches lay the bitches lust a jaded spray\nI dream of nightmares conjure monsters sip decay\nFrom breast of goddess milk the darkness blood a dulling wine\nI angle sideways path a blind maze defy the scythe of time\n\nTap the jugular bleed the vampire\nTar the slime pit surf quagmire\nHeal cadaver harvest pyre\n\nRaw Wound!\n\nI trawled the aether sweating reefer\nSole belief I'm beneath her\nGlow decrease her in abyss deep\nI unsheath her like a reaper\n\nTap the jugular bleed the vampire\nTar the slime pit surf quagmire\nHeal cadaver harvest pyre\n\nReap Ripe Raw Wound!\n\n",
                    "darklyrics_url": "http://www.darklyrics.com/lyrics/abbath/outstrider.html#4"
                },
                {
                    "name": "Land of Khem",
                    "length": "04:08",
                    "url": "https://www.metal-archives.com/release/ajax-view-lyrics/id/4879106",
                    "darklyrics": "\nThrough blasted waste in land of Khem\nBleak gods cough dark rivers of phlegm\nVile priests excrete their masters' dreams\nTo writhe in minds where madness breeds\nThe monsters upon which art must fester\nBeauty's beast reaps sweet investure\nThe grinning skull cut from finest gem\nA void divides in land of Khem\n\nWe seek the gods concealed\nWithin wounds never healed\nIn sanity's cracks where trauma treads\nThe twisting stretch inside our heads\n\nWe seek the heart beating still\nWithin the flesh of \u00fcber-kill\nIn shadows black with blood of druid\nIn rage constrained where time is fluid\n\nWe smoke an abyss in land of Khem\nCarve crystal myth in neural stem\nDrip eclipse in cleft of bliss\nAgaric flight of nemecyst\nIn towers of ice all flesh will melt\nBefore the throne Behemoth knelt\nIn fetid flux let fate condemn\nOur frozen ghosts in land of Khem\n\n",
                    "darklyrics_url": "http://www.darklyrics.com/lyrics/abbath/outstrider.html#5"
                },
                {
                    "name": "Outstrider",
                    "length": "05:39",
                    "url": "https://www.metal-archives.com/release/ajax-view-lyrics/id/4879107",
                    "darklyrics": "\nWar gods steadfast by my side\nWake of entrails stream behind\nWhere Ordnung rules I divide\nNo curse or threat will break my stride\n\nCerberus snaps at my heels\nChased outta Hades' blighted fields\nRebel don't beg freak never yields\nWhat Mammon won't give the outlaw steals\n\nEons do not age my frame\nImmutable as pouring rain\nScars evolve but never change\nA mind removed from all but rage\n\nKeep your chains\nYour barricades\nKeep your cage\nWorld ablaze\n\nWanted scum in hell banished bedlam banned\nBloodied, broke, unbowed death denies me now\n\nCharybdis guards the threshold where sanity unfolds\nThe curse of Behemoth mutates me in the shadows\nLife despised me then death denies me now\n\nFrom womb I burst, sharp of claw\nShipwrecked my life and swam for shore\nFrom red-dyed sea I struck the beach\nBled my enemies dry my knife a leech\n\nArc of reaper's scythe\nSeraphim's demise\nChaos deviant thrive\nNeither dead or alive\n\nToo debauched for hell\nScorned by heaven's crown\nHeretics rebel\nDeath denies me now\n\n",
                    "darklyrics_url": "http://www.darklyrics.com/lyrics/abbath/outstrider.html#6"
                },
                {
                    "name": "Scythewinder",
                    "length": "04:17",
                    "url": "https://www.metal-archives.com/release/ajax-view-lyrics/id/4879108",
                    "darklyrics": "\nTear the veins from ivory limb\nSmooth as shards of porcelain\nSlip between the talons\nRaking guts across the coals\nClamp teeth 'pon burnished knuckles\nBite down hard! Don't let go!\n\nThey owe you what you are!\nPay in blood for every scar!\nBathe in spray of \u00fcberflow\nIn Maestrobator's afterblow\n\nBind your wounds with crimson wires\nKnot your bone quench desires\nThey owe you each last drop!\nOf ejaculate crotch shot!\nThe damned will dance on every grave\nChastity shall misbehave\n\nSlip between the talons\nRaking guts across the coals\nClamp teeth 'pon burnished knuckles\nBite down hard! Don't let go!\n\nLaterigrade's the way to grow\nClaim the stage\u2014the realm I know\nStriving high\u2014swooping low\nStride out wide enslave the show!\n\n",
                    "darklyrics_url": "http://www.darklyrics.com/lyrics/abbath/outstrider.html#7"
                },
                {
                    "name": "Hecate",
                    "length": "04:25",
                    "url": "https://www.metal-archives.com/release/ajax-view-lyrics/id/4879109",
                    "darklyrics": "\nOchre dust coats a thousand paths\nArachnid web of twisting guts\nUncoil in hub flayed to shreds\nShriveled heart torn from withered breast\n\nHecate awaits where crossroads split\nLike entrails burst from belly slit\n\nIn nexus stark a widow's nest\nSilent as stone, still as death\nDeep in shadows cast by gallows\nCrown a shroud of crows and arrows\n\nCurses drip off swollen tongue\nExhaling gasp of blistered lung\nNight's bride sighs a gift of scythes\nDevours doubt to feed the hives\n\nBeneath the loll of broken necks\nCracked jaws cackle last regrets\nShe squats in clot of putrid copse\nDisease breathes a kiss which rots\n\n\n\n\n",
                    "darklyrics_url": "http://www.darklyrics.com/lyrics/abbath/outstrider.html#8"
                }
            ],
            "song_names": [
                "Calm in Ire of Hurricane",
                "Bridge of Spasms",
                "The Artifex",
                "Harvest Pyre",
                "Land of Khem",
                "Outstrider",
                "Scythewinder",
                "Hecate"
            ]
        }
    ],
    "album_names": [
        "Abbath",
        "Outstrider"
    ],
    "info": {
        "Country of origin": "Norway",
        "Location": "Bergen, Vestland",
        "Status": "Active",
        "Formed in": "2015",
        "Genre": "Black Metal",
        "Lyrical themes": "War, Winter",
        "Current label": "Season of Mist",
        "Years active": "\n2015-present "
    }
}