{
    "name": "Abominable Putridity",
    "id": "43778",
    "url": "https://www.metal-archives.com/bands/Abominable+Putridity/43778",
    "albums": [
        {
            "name": "In the End of Human Existence",
            "type": "Full-length",
            "year": 2007,
            "review_num": 12,
            "review_avg": 42,
            "url": "https://www.metal-archives.com/albums/Abominable_Putridity/In_the_End_of_Human_Existence/170918",
            "reviews_url": "https://www.metal-archives.com/reviews/Abominable_Putridity/In_the_End_of_Human_Existence/170918/",
            "reviews": [
                {
                    "title": "The bad = The good - 95%",
                    "content": "This album may as well be just another slamming brutal death metal album, but it's sure as hell overlooked. The more you listen the more and more you'll grow to love this. This album is truly a masterpiece and it may take a while for some to realize that.\n\nYou're either reading this review because you like this band and you're just checking out the reviews, or you hate slam death metal and you clicked on this because you're wondering why the hell I'm giving it such a high score. If you hate slam brutal death, that most likely means you haven't heard enough, or just haven't found the right band yet, or you just straight up hate it.\n\nIt seems that alot of people on this site hate this album, most are probably uneducated on the genre or just simply hate it, whatever. I understand why people hate this album even if they're a slam/bdm fan or not, I get it. The vocals are constant with no structure, the drums sound weird, the guitars are eh, the songs are lame, whatever. Yes, I fully understand that and agree that it isn't exactly \"perfect\"; but the reasons why people dislike this album is the same reason why I absolutely love it. I'm one of those slam/bdm fans that like their shit nasty, guttural, and heavy. And well,,, this album displays and embodies that perfectly.\n\nI love how \"first effort\" and \"un-perfect\" and raw this album is, I love it a lot. I love how everything sounds. When I started getting more into this band and listened to this album I didn't really get why it got so much crap, I thought it was pretty solid and great for the genre it is. But after my first few other listens I started to understand why it's so disliked. That was a few weeks ago, but recently this past weekend I've been jamming this band a lot. I listened to this album about 5 times in just 3 days, it got stuck in my head and I just couldn't seem to get enough. In just three fast days this has became one of my favorites in slam brutal death metal, and no; I don't think I'll ever stop feeling the way I do about it right now.\n\nI know its ironic how I'm talking about this album isn't exactly perfect but I'm also saying it is at the same time. People who know this album definitely understand what I'm talking about. Anyways, I really do love how everything on this album is. The drums (I think) are triggered, the bass drum doesn't sound pure at all, which is a slight bother but at the same time it isn't at all, I don't know exactly how to explain this. The kick drum has a sticky note type sound; for example imagine you have a sticky note and you're ripping the sticky area back and forth off a surface, that's how the kick drum sounds. The snare has a cool sound too, sounds a slight of electronic but it's also solid and pure? I don't know, but what I do know is that I enjoy the drums here. The drums just fit really good on this album. It'll take time for sure to get used to how it sounds, but eventually you'll love it. Some bands have these aspects on their albums but sounds like absolute shit, AP does it right.\n\nThe guitars are great. Deep, heavy, slamming, perfect. Nothing much to explain for the guitars; they're just perfect and ideal, simple as that. Flawless guitar sound for some good classic slamming death. The vocals are probably my favorite aspect of this album. Vladmir's vocals are nasty, guttural as can be, juicy, gurgling, disgusting. Absolutely perfect! This is what I love and strive to look for in my slamming brutal death metal. I like my music heavy and sick, and the vocals on here strives for just that! I couldn't be more pleased! God tier vocals. Vocal structure doesn't really matter to me on albums like this, as long as they're raw and brutal.\n\nAll the songs on this album are great. One after another all very very good. (Aside from the vocals, lol), the songs have good structure and they breathe pretty fluently. The guitars play in their own slamming pattern while the drums follow along, similar to a dance beat or a rap beat. Nothing more satisfying than symmetric instruments on a slamming death album, so good. This album has 0 bad songs, and the interlude inbetween is perfect, adds more greatness to the album. My favorite song off the album and favorite AP song in general is probably Intracranial Parasite, that song opens up with a great snare flam followed by a ton of groovy and satisfying ear-gasm slams. As well as every song being good, this album has a groovy feel too, groovy as hell slams, so damn good. As I've listened more and more to this, the more and more I couldn't get enough. I love this record. It's incredibly catchy and super super fun.\n\nAs I said in the beginning, this album is severely overlooked and overhated. I do get why it's hated, but that's why it's so good. It's disgustingly perfect in all aspects. Most people like The Anomalies of Artificial Origin better, but in all honesty I prefer this anyday. Dont get me wrong, The Anomalies of Artificial Origin is amazing and a great album, but I like my slamming death heavy and disgusting. And this album is just that. Along with Cerebral Incubation's debut Asphyxiating on Excrement, this and that album are some of the sickest and most greatest albums in the genre.\n\nIn The End of Human Existence is an amazing and ideal slamming brutal death metal album, and only some people are able to realize that. It aint bad at all, let it grow on you and if you really dont like it, then oh well. All I know is that this is for sure a new favorite of mine and forever a banger. Super fun album that'll get you moving with energy and good vibes. Pure greatness.\n\n\nAll the songs are good, but these are the best/standout tracks:\n\nBest Songs: Intracranial Parasite, Entrails Full of Vermin, Throat Fisting Abortion, Victims Stuffed with Nails.",
                    "date": "February 4th, 2020"
                },
                {
                    "title": "This Album Blows - 10%",
                    "content": "This album blows. This album blows a lot. This album uses the same beat with the same rhythm throughout. It's so boring it put my granny asleep. If you can make it through the entire album I applaud you. The run time of this piece of drivel is felt so hard. Which might have been the goal, because it plays as if Satan himself has forced you into putting this album on once again. Although the more logical part of me knows that this band was at least halfway attempting to put out an enjoyable record. If Satan happens to give you a choice between listening to this shitshow, or literally anything else, choose the latter. \n\nThe entire disc has the same vocal sound to it and what is presented is rough at best. There are absolutely no variations in sound on the entire album. It is one droning note. However, it is not as if this band has nothing to offer vocally, their album  The Anomalies Of Artificial Origin  has much-improved vocals that have rhythm and inflection. None of that talent was seen on this record in the slightest. On this shit piece, the vocals we are subjected too has an inhuman sound. Which sometimes is a good thing, but here is not. This album's vocals like one long consecutive fart from a prolapsed anus. It is painful to get through even though this album is only agonizing 26 minutes. \n\nFor you to even have a chance for you to understand what this dude (\"Vladimir\" as he would like to be called) is putting down, you must have the booklet that came from the failure of a record and study it like you would an ochem 3 textbook. This Vladimir dude has absolutely no enunciation. He just drools out whatever diarrhea comes to the front of his cortex I mean, what kind of lyrics are these anyways? \n\n Wires drilled into my head\nTubes inserted in my neck\nToxins pumped into my veins\nThis treatment's inhumane \n\nWhat the fuck is any of that supposed to mean anyway? No shit that treatment would be so inhumane. So is this album. This album makes you feel as described. Vladimir is just literally shiting out what ever \"metal\" thing he can think of. The dude might as well be reading a children's book because whatever tumbles out of his mouth sounds like it should have come out of the other end. \n\nThe drummer consistently sounds off-beat with the guitars. It sounds like he is doing his own album and the rest of the band has to follow whatever he puts down. In addition, it sounds as if the dude is only working with three drums. He is so incredibly untalented and sounds like he picked up his first drum sticks in Guitar Center before waltzing to the recording studio. His work is so bland and he can't even do the most basic role of a drummer, to keep the beat. Let alone add anything interesting to listen to behind the guitars. Speaking of guitars, the guitars are uninteresting at best. He sounds as if he only uses 5 frets on his guitar. Solos are nonexistent on this album. Realizing that solos are not a staple of the genre is one thing, however, there is nothing on this piece to add interest to riffs or break up the album. Speaking of the riffs, it appears as if they only wrote one for the entire album. These dudes thought they could actually just cheese this whole thing out without you noticing. Did I mention this thing is only 26 minutes already? These guys couldn't even find the length of an episode of  The Office  of  Abominable Putridity  branded metal to shit out. The entire record has three power chords and leaves the listener wanting to shut the damn racket off. \n\nThe only redeeming qualities of this album are the theatrical sound clips that pepper the album. These are clearly stock, however, and are bought from some studio. It's impossible these guys had any say as to what these bit were. Even the label realized these guys had nothing to actually say and made an executive decision to add these. Then, after we are treated with these bits, its back to the same stuff that litters the entire disappointment\n\nGive this album a listen, and then listen to  The Anomalies Of Artificial Origin, you'll understand then why this album clearly sounds like a first effort.",
                    "date": "January 16th, 2020"
                },
                {
                    "title": "Interesting Sound For a Slam Album - 23%",
                    "content": "Russian brutal death metal band Abominable Putridity is one of my favorite bands besides Ingested, Analepsy, Crepitation, and Epicardiectomy, but this album they released nearly 10 years ago is just boring to me.\n\nThe songs sound very similar to each other and some of the song lengths are almost the same, as well. The sound hurts my ears most of the time because of the way the guitars were tuned and modified and the vocals are too weak. Also, the vocals seem to be drowned out by the guitars and the drums are barely even present. The only song I can tolerate is \"Blindfold Surgery\", but it doesn't save the album.\n\nA lot of the songs seem instrumental, too. \"Victims Stuffed With Nails\" for instance, is mainly just the band jamming out and whenever I listen to it, I can barely, if at all, hear Vladimir over everything else. Another thing is that the song titles are weird and sound weak and amateurish. One of the songs I can't listen to without feeling a bit queasy is \"Dissected From Within.\" It's nothing more than the sound of squishing flesh and organs and other disgusting shit.\n\nThe lyrics to the songs are also weak, too. \"Blindfold Surgery\" has some pretty cheesy ones in it and you can barely make out exactly what Vladimir is saying. In fact, the vocals on the album seem to blend in with the guitars, bass and drums! You have to have dog hearing to hear the vocals that are hidden inside!\n\nThis album is good at least for effort, but the mixing is indeed an abominable putridity. I've heard much better albums than this in slamming death metal, but this album should be shelved and forgotten by any and all Abominable Putridity fans.\n\nRating: 23%.",
                    "date": "September 12th, 2016"
                },
                {
                    "title": "A mixed bag - 59%",
                    "content": "I am a huge fan of Abominable Putridity's The Anomalies of Artificial Origin, partly because it is such a huge improvement and leap from In the End of Human Existence.This album has a couple pluses, but some very cringy areas which hinder it and don't give it a great name.\n\nFirst off, the vocals. They are very boring and monotonous, and I understand this is slam, but some vocalists either use patterns and techniques, or don't get very boring. The vocals here are a drag to listen to but at the same time still very low and brutal. If this guy had maybe two other ranges to choose from, the music would be much more bearable, especially since the instrumentals aren't too bad.\n\nNext is the guitars, which sound very typical for slam. They mostly just chug and use slam riffs, as well as a few tremolo like parts. It isn't amazing or outstanding, but it's not bad. There's just nothing special about it. It's slam, so of course it is meant to sound brutal, which it does, but it could be better. One thing I do love, is the guitar tone. It sounds very gritty, dirty, and badass. Perfect for a slam album.\n\nThe drumming I'd say is my favorite part. For a good amount of the album, he doesn't do too much but there are a couple of very sick blast beats this guy pulls off and some nice patterning. I think it is clear that he is a talented drummer, but it is not shown well enough on this album. Luckily he goes to his full capabilities and shows how fucking amazing he truly is on TAOAA.\n\nThe bass is only heard on a couple breif pauses right before some of the slams on the songs Entrails Full of Vermin, Skin Removal, and Throat Fisting Abortion. It is barely audible, but when it is heard, I really love the tone on it. It sounds very clean and not distorted, something you wouldn't expect from a slam band. Each song sounds very much the same, mainly because of the vocals, but I think the instruments themselves have the same issue. The interlude, Dissected From Within is a very disturbing sample of someone's guts literally getting ripped out, which actually helps add more emotion and mood to the album. This album is pretty much your average slam record, with a couple parts which are decent but for the most part need improvement. Definitely not a great album, but it does have a few satisfying parts which have lots of potential.",
                    "date": "October 7th, 2015"
                },
                {
                    "title": "What's the Cyrillic for 'zombie jock apocalypse'? - 50%",
                    "content": "So, as I was planning to roll out my series of mosh-oriented workout videos, painstakingly transferred to the good old VHS format, I was contacted by an international patent organization that the idea had already been snapped up by a group of Moscovians working under the corporate handle of Abominable Putridity. Angered at the news, I nonetheless sought out their first film, In the End of Human Existence, to get a closer look at the competition. Suffice to say, there's very little chance I'll be breaking into this market any time soon, because these Russians seem to have a knack for knuckle sandwich metal that affirms the buzz surrounding them. My only hope is that internal squabbling or poor sales might tear them apart, that I might later sweep in like a vulture of brocore fitness and stake my claim on this emergent trend in entertainment...\n\nAbominable Putridity, at least on this debut, provides a definitive blueprint for brutal slam death techniques, albeit a generic one that's about as interesting as arranging vocabulary blocks in kindergarten. Though the production levels are nothing to scoff at, and the musicianship is about as taut as you'd expect, there are simply no ideas here which haven't been lifted off about 15 years worth of brutal death breakdowns, and then rendered down to the simple principle of palm muted belligerence entirely devoid of melody or truly interesting chord progressions. Take a few Suffocation, Cannibal Corpse or Earth Crisis chugs, and then base about 23 minutes of music around just these. That's not to imply that the Russians are necessarily bad at carving out their niche on this debut, it's just that there are too few unexpected dressings, glimmers of hope or individual songs that distinguish themselves from one another (with one exception). In the End of Human Existence is damn fucking consistent, I'll grant it that, but in this case I'm not using that adjective in a strictly complementary sense...because musically this is as memorable as tying your shoelaces.\n\nThe primary concern is the riffing configurations, which are little more than the same half-dozen chords or notes re-arranged into similar, bouncing structures that creep along at half-step intervals on the fretboard. Once in a blue moon they'll break out some wilder, open chords, or even a small handful of more clinical harmonic patterns to the notation, but the lion's share of the material here is moving at a mid-paced groove and then occasionally lapsing into some slower chug, very often embellished with the same end-phrase squealing that has become so uninspired and drone-like to the genre. It's not that Abominal Putridity do not encourage some small degree of variation, wherein plodding, neanderthal numbers like \"Entrails Full of Vermin\" are marginally contrasted against the roughneck tank-tread rumble of \"Victims Stuffed with Nails\", but the rhythmic dynamism is just not broad enough to fill even a short album like this.\n\nThere is next to nothing in terms of atmospheric flourish, and I can only imagine, for example, just how much a little of that immediate, wondrous industrial resonance of the titular outro track would have improved the central songwriting if it had been induced to several of the bridges. Or what some eerie leads or melodies might have accomplished above the churning, fist-balling flesh of the rhythm guitars. The bass is clearly felt through the recording, but it never does anything besides cling to the guitar patterns...even a few fifths or individualistic runs could have dramatically upped the ante. Drums are mixed with an almost mechanical din to them, but otherwise they offer the proper balance of muscular double-bass rolls and grooves, and heavily favor the kicks and toms to the weaker cymbal strikes. The vocals are an ominous frog guttural which, to its credit, never go so far over the top that they reduce the material to silliness; in fact, they fit the notation like a cock to a condom, but despite their broad and clamorous depth, their bouncing, often hip hopping syllabic are decidely monotonous beyond just a few lines.\n\nI enjoyed a few of the minor aesthetics here, like the band logo, John Zig's great zombie apocalype artwork, the ghoulish interlude \"Dissected from Within\", and the aforementioned industrial/ambient closer, but despite its brevity, In the End of Human Existence is a slog to experience in more than brief spurts. The song titles and themes are little more than paraphrased from many of the group's forebears, and the musical structure is all too samey without providing intense or interesting riff progressions so the listener can ignore that fact. In truth, there are a handful of bands out there like Kraanium or Ingested who have succeeded in much the same base formula, so it's not impossible to pull off; but both seem superior at putting the notes together. I can't say I really developed much of a hate-on for the Russians' debut. It's not as if the band is incompetent. Meathead metal mission accomplished. But considering the level of hype once surrounding it (at least in this particular niche of a niche), I expected much more than this. Time to return some videotapes.\n\n-autothrall\nhttp://www.fromthedustreturned.com",
                    "date": "January 2nd, 2013"
                },
                {
                    "title": "Inscrutable and remote slam, but worth the effort - 70%",
                    "content": "Both full Abominable Putridity full lengths are cool, though they are very, very different. I have learned to favor this earlier release over their newer, significantly more technical stuff. The mood of In the End of Human Existence is rich and the logic is remote.\n\nThis debut LP, which is repeatedly shat upon on this site, has many hidden charms and takes some real effort to appreciate. It is very controlled music and worth spending the time to understand, though it\u2019s easy to see how people could listen a couple of times and write it off as boring. \n\nThese chugging slamming death metal songs lurch and shift, fluidly, but inscrutably, with what seems like little regard for entertainment or the rock foundation of metal. But this is clearly the design of its authors, not a flaw. There is so much muted chugging and rhythmic shifting that whenever a slightly catchy riff or a sustained chord appears, it feels like a luxurious anomaly compared to its bleak, relentless surroundings. A lot of these tunes yield one really memorable hook, such as those heard in the concluding portions of album highlights, \u201cBlindfold Surgery\u201d and \u201cSphacelated Nerves,\u201d either of which are perfect examples of the slamming death metal aesthetic, though they are not as accessible as most of the bands I dig in this style.\n\nMy appreciation of Anomalies of an Artifical Origin remains containable, but the obscure logic, dark mood and slow power of In the End of Human Existence makes a more lasting impression to me and likley to people who are willing to do some work to understand it. It has a serious-and perhaps unknowable--purpose and is in some ways is a death metal equivalent of something like Mayhem superb Wolf's Lair Abyss in that it seems wholly uninterested in rock or fun or whether you like it or not. It is the result of another type of thought process.\n\nPatient fans of death metal should investigate this well-recorded and obtuse effort. Just don\u2019t it expect it to grab you straight away.",
                    "date": "December 30th, 2012"
                },
                {
                    "title": "It'd Be Hard to Create a More Boring Slam Album - 32%",
                    "content": "It amazes everyone I know, even myself, that I dislike this band. I mean, this is supposed to be the pinnacle of slam death metal! The be-all, end-all to the genre! Puts Cephalotripsy and Devourment to shame and slams the hardest and took my virginity and yadda yadda blah blah shut the fuck up. I'm not sure who exactly is this band's target audience, but if I were to take a wild guess, I'd say it's the casual fans of slam death, the ones who listen to it for the heaviness instead of the riffs. If they get their rocks off to this sort of stuff, all the power to them, but this is not now, and probably never will be my cup of tea.\n\nNow keep in mind I'm not someone who requests that each band I listen to mix 47 genres together, lest I write it off as \"trite and unoriginal\". But Jesus Christ, you'd be hard-pressed to find a more generic band than Abominable Putridity. Slam bands aren't exactly known for their originality, and I can understand that, but most make at least some effort to distinguish themselves from the crowd in some way, be that intentional through some weird influences, or unintentional by playing your music with the rawest, most amateurish production job ever. This band has nothing going for it in terms of memorability - in fact, this is probably the band where every negative stereotype about slam death metal went and piled itself up into a ball that accumulated since 1999, over eight years, and finally manifested itself in the form of one of the most atrocious albums ever. (I know that atrocity is something I usually praise in a review, but there's nothing to get behind this band - they blow their entire act at face value and I'm 90% sure there's nothing of Enmity-esque value to be gathered from this.) \n\nThe production is extremely typical slam-esque stuff: bassy, flat, and generally boring - imagine Cephalotripsy without their treble and you've got the picture. For the most part, slams on this album are extremely repetitive Molesting the Decapitated rejects that have a 16th-note triplet thrown somewhere in the middle of an 8th-note measure. Sometimes these \"slams\" (read: BREAKDOWNS) even resort to fast, 32nd-note chugs that don't do much but remove the essential sense of fading from a slam note that makes it catchy; anyone who's listened to Suicide Silence knows how well these sorts of \"slams\" work as a rhythmic element. The blast beats on the album are a bit more tolerable than the rest of the album and remind me of bands like Mortician and Torsofuck, but are still generally boring since the guitarists don't really accommodate for the new sense of speed (their modus operandi during a blast beat, instead of \"play a more spastic, insane riff coupled with a few pinch harmonics\", is \"play the riff we were playing moments beforehand at double-tempo\"), and as a result they seem to waste the opportunity. The drums aren't doing anything interesting stylistically, but they do sound annoyingly mechanical, not to mention they echo throughout the production job whereas everything else is muted like a brick slamming on a table.\n\nThe vocals are the kind I really can't stand in brutal death - while I'm all for guttural vocals being as deep as possible, there is a certain point where the vocalist is sacrificing the deep pitch and guttural sound for the quality that makes vocals fun to listen to - originality and the individual touch caused by the vocalist's voice. All natural parts of the this man's voice are stripped away, and unlike Cephalotripsy or Enmity, the result is not outlandish enough to keep me intrigued - it's simply a dry, deep gurgle that repeats itself, sans syllables or tone, for the entire length of the album.\n\nIf it makes you feel better, tell me I've reached my brutality threshold. I can't handle stuff this heavy, and in fact I'll change my mind three months from now and give these guys a 100% review! Though that's occurred in the past, I personally don't see that happening this time: this is everything I hate about slam. The bland, almost mechanical predictability and the monotone vocals throw in the towel for me, and the general lack of emotion, melody and originality certainly don't improve my feelings about the band. Avoid this band - your time would be better spent listening to Cephalotripsy, Cerebral Incubation or pretty much any other slam band but this one.",
                    "date": "September 21st, 2011"
                },
                {
                    "title": "SLAMMYSLAMMY SLAMSLAM - 28%",
                    "content": "You know those albums where you listen to it for the first time and for a few minutes you think \"Yeah, this is pretty cool, I like this!\" but then after about 5 minutes you get bored and think \"Well, this is bad.\" This is one of those albums: it's fun for a few minutes of mindless brutality, but after that you realise that this is really quite bad and is incredibly boring.\n\nAbominable Putridity are a band that are not interested in any sort of song diversity and are happy to play an entire album of songs at pretty much the same speed and with nothing differentiating them apart from maybe a slightly different slam section (and there are lots and lots of those on this album) or perhaps a boring, shitty sample. The instrumental work is pretty terrible if i'm honest, as the guitarists just chug away without really doing anything interesting, the bassist does fuck all as far as I can tell and the drummer plays standard grinding parts and some run-of-the-mill slamming parts. It's all incredibly uninspiring, and I don't think there was more than 1 or 2 riffs on the entire album which managed to catch my attention at all, and i'm a sucker for anything catchy (within reason of course - Brokencyde are catchy but hooooly shit are they bad). I suppose they can all play reasonably well in time, but that's probably all I can say in favour of the musicians.\n\nThe vocalist on the other hand, really has no redeeming features. He doesn't alter his vocals one bit, apart from the occasional change in tone and even then he just carries on incessant, droning gurgle which is just so boring! It just makes the music drag on for ages, and I suspect that if he wasn't here and there was a good vocalist in his place (something which is being explored with the new replacement vocalist/s (who is it now, I swear it was Big Chocolate but now it's someone else?)) then this album would actually be somewhat tolerable and reasonably enjoyable.\n\nAs it is, this is just very, very boring. For about 30 seconds of Entrails Full of Vermin (I skipped the first track with the boring sample) it feels as if this is going to be an incredibly heavy, bludgeoning slam album but it soon descends into banality. Despite this it does have a few enjoyable moments, and is not just a complete waste of time: the aforementioned Entrails Full of Vermin is probably the best song here as the opening is ok, and there are a few other sections where there's a slightly exciting breakdown or something of that sort. Apart from those precious few moments there is little here worth your time. Sure the production is good, but when the music is just a pointless chugfest with a bunch of breakdowns and some idiot gurgling incessantly over the top of it then the production doesn't really add anything to the experience.\n\nOverall I can't really recommend this album to anyone except the most diehard slam fans (I've seen people rave about this shit on other sites, how can this be that exciting?). I'd say that if you wanted some mindless (incredibly mindless), well-produced music to gently slap some children to (this doesn't even make me want to beat them to a bloody pulp with my fists like a good slam album should) then listen to Entrails Full Of Vermin or... well really any other song here to be honest, as they all sound very similar.",
                    "date": "March 11th, 2011"
                },
                {
                    "title": "HEAVY!!!... but shitty - 30%",
                    "content": "Abominable Putridity are a clone slam death band with simple palm muted riffs, intensely low gargled vocals, blast beats, and musical technicality akin to something I could write (which isn\u2019t that good). But they\u2019re really fun to listen to drunk! I\u2019m a big fan of slam death as a subgenre. Kataklysm, Skinless, Dying Fetus, and Devourment are all favourite bands of mine. While these bands mix heavy slamming riffs into their music, Abominable Putridity mix music into their heavy slamming riffs, so to speak. \n\nAbominable Putridity is the band to listen to when all you\u2019re looking for is good, slow, head banging fun. This is all they\u2019re really good for, and why I listen to them when I drink. Let\u2019s face the facts. Everybody loves a good heavy breakdown. But when your breakdowns have breakdowns, and those have breakdowns, it gets pretty boring, pretty fast. The riffs which aren\u2019t breakdowns are actually really catchy and almost memorable at times. They\u2019re slightly faster and keep the songs from becoming an endless void of constant chugging. The problem is that they aren\u2019t used as much and the songs ultimately DO end up being mindless chug sessions. It\u2019s very difficult to determine one song from the next. If you played me a song from this album, I probably couldn\u2019t tell you the name of it just by listening to it. The middle track Dissected From Within is just 1 minute of gory sounds which literally sounds like someone being dissected from within, which is important because if it weren\u2019t for this song you probably wouldn\u2019t be able to tell where in the album you were. Drumming is pretty standard with lots of double kick and little technicality and basically just keeps the heavy beats going. The vocals are similar to (Insert slam death band here) and are indecipherable, which is to be expected. By the end of the album it\u2019s almost unbearable to keep listening. You\u2019ll have slammed more than most people will in an entire year. \n\nLike I said before, these guys are good for their slams, which come about every ten seconds. This album just might be the epitome of slam death metal, which isn\u2019t necessarily a good thing. So if you have a bottle of hard liquor and an aching for head banging, then you should check this out. Otherwise, listen to a band with talent.",
                    "date": "April 9th, 2010"
                },
                {
                    "title": "Slam death metal sucks. - 0%",
                    "content": "There is absolutly nothing this album does right. There is also absolutly nothing this album contains that is not a stereotype of the slam death metal scene. Starting with a stupid sounding sample, the album then turns into your average slam fest with at least one slam every 10-20 seconds. Even worse, it's all the same slams with hardly any variation in pattern. Then there are the stereotypical \"grind\" parts where the drummer blasts away and the guitarist plays pseudoriffs. \n\nThe vocalist, known only as Vladimir, lowers the bar for slam vocalists by about 30 notchs. This man is a disgrace to metal, and makes Mike Majewski look like Frank Sinatra. All he's doing is fucking exhale gurgling, which is extremly easy once you learn how to do it. Even worse, he NEVER varies tone, and for god's sake there aren't even any lyrics to this shit. If there are, PROVE IT. Give me some example that this jerk has any talent whatsoever.\n\nThe guitarist is possibly the worst guitarist of slam as well. This man has two modes, slam riff mode and grind mode. There are is nothing else here. There aren't even real riffs on this shit, it's just the same slam in slightly varied patterns, let alone any solos. He only goes to the 3rd or 4th fret. I think this guy's one of the worst guitarists I've ever seen (although he looks great compared to the dude from Emmure or Waking the Cadaver).\n\nThe bassist is only here to make the music more brutal. There is a 2 or 3 second place in \"Skin Removal\", and a maybe 5 or 6 second part in \"Throat Fisting Abortion\" where he plays, but that's it. Other than that all he does is follow the guitar. Pathetic.\n\nThe drummer is so un-talented I won't even bring him up.\n\nOn the entire album the only thing I remember is the pointless sample-only \"Dissected From Within\". The small details I gave I had to relisten 4 or 5 times to catch. That's how much this album blends together. There is absolutly nothing this album deserves exept to be used as a drink coaster.\n\nI just don't get it. Why would someone pay money for 26 minutes of this when you can get Suffocation's \"Pierced From Within\" or Carcass's \"Symphonies of Sickness\", two albums which are equally as heavy yet far longer and far more technical and, for god's sake, those bands have LYRICS. No band in the world is this bad (exept for maybe Avenged Sevenfold, who I have devoted my life to hating). Not even Waking the Cadaver. At least that's funny. This is just...stupid.",
                    "date": "October 25th, 2009"
                },
                {
                    "title": "As good As Slamming Brutal Death Metal Gets! - 100%",
                    "content": "I've had this album for a few years now and let me say, Slam death metal doesn't get much better than this. This is a genre defining album-an album so amazing and so good at being slam death metal that it sets the standard! Up there with Devourment's Butcher the weak and Cephalotripsy's Uterovaginal Insertion of Extirpated Anomalies it takes slamming to a higher level.\n\nThere is really nothing I can find wrong with the album. \n\nThe production is top notch for slam death. I can hear everything perfectly. THe levels are great and nothing takes over. Also, this album sounds so fucking thick and low its subterranean. It sounds like you are listening to it underwater, at the bottom of the ocean or something awesome like that. THe guitar is super thick and the bass is twice as thick as that. The drums sound a tiny bit thin and electronic because of the decision to trigger all the drums i suppose. However in their case the sounds which might sound crappy alone, really compliment the other tracks. They are easy to hear and don't intere with other tracks when playing fast which is something a lot of BDM and Slam albums can't say.\n\nVocals are top of the industry. Again, subterranaen is all I can say!!! They are very wet sounding and extremely guttural. Sounds like a demoic lizard man at somepoints, a toilet flushy every once in a while, water moving through or being drained out pipe, a bull frog occasionaly, a tub draining and sometimes a frog being flush down a toilet. Simply epic!! The epitome of great vocals!!!! If there was a how to do sick death metal vocals 101 course this guy would be in it.\n\nAs far as riffing goes, this album has some extremely well played and even more brutal slams. Very precise, much more so than most slam bands. Fairly technical slamming parts. In between slamms there are some good brutal fast riffs or conecting mid paced riffs. Again, everything here is super low. I wonder what tuning these guys play in? I have never tried to figure it out and maybe i don't wanna know. \n\n\nDrummer is very skilled. Super tight. He has a great variety of breakdown/slam beats. He is very well syncopated. The few places where breakdowns are replaced by blast beats he also performs very well. He employs a diversity of different blast beast and does so tastefully so that the songs flow well.\n\nAll in All this is as good as a slam death metal album, or album of any genre can get!!!",
                    "date": "October 25th, 2009"
                },
                {
                    "title": "Abominable Stupidity - 3%",
                    "content": "When I first came across this band, I thought I had discovered a new level of heaviness. But as I quickly realized, this is actually the stupidest, most boring piece of shit I've heard in my entire life. Aside from sporadic blast beats, the entire CD is an incoherent mess of \"breakdown\" riffs. One after another the chunky, triplet filled grooves are forced down your throat in seemingly random order as the vocalist growls at the same pitch for 20 minutes.\n\nNone of the songs have any structure or flow, just \"brutal\" riffs which alternate between several basic templates. While any of these grooves might sound crushingly heavy at the climax of a coherent song, Abominable Putridity doesn't build tension or take their songs anywhere. The result of an entire CD crammed full of oversimplified grooves is that the rhythms loose all of their heaviness and get quite irritating.\n\nAlthough \"In the End of Human Existence\" has pretty good sound quality, competent instrumentation, and tons of heavy riffs, there isn't any musicianship. Despite fulfilling the technical and aesthetic requirements of brutal death metal, this band is so lacking in feeling that they aren't even fun to listen to in the way that a lot of generic, \"clone\" death metal is. Really, this CD represents a new level of unoriginality and mindlessness that will either put you to sleep or piss you off. Anyone who considers death metal an art will probably find Abominable Putridity offensively stupid - while there's no end to \"brutal\" riffing, there really aren't any songs here.",
                    "date": "April 7th, 2009"
                }
            ],
            "songs": [
                {
                    "name": "Intracranial Parasite",
                    "length": "03:10",
                    "url": null
                },
                {
                    "name": "Entrails Full of Vermin",
                    "length": "02:45",
                    "url": null
                },
                {
                    "name": "Blindfold Surgery",
                    "length": "02:51",
                    "url": "https://www.metal-archives.com/release/ajax-view-lyrics/id/1215158"
                },
                {
                    "name": "Skin Removal",
                    "length": "02:50",
                    "url": null
                },
                {
                    "name": "Dissected from Within",
                    "length": "00:55",
                    "url": "https://www.metal-archives.com/release/ajax-view-lyrics/id/1215160"
                },
                {
                    "name": "Throat Fisting Abortion",
                    "length": "03:41",
                    "url": null
                },
                {
                    "name": "Intestinal Putrefaction",
                    "length": "02:33",
                    "url": null
                },
                {
                    "name": "Victims Stuffed with Nails",
                    "length": "02:45",
                    "url": null
                },
                {
                    "name": "Sphacelated Nerves",
                    "length": "02:51",
                    "url": null
                },
                {
                    "name": "In the End of Human Existence",
                    "length": "01:40",
                    "url": "https://www.metal-archives.com/release/ajax-view-lyrics/id/1215165"
                }
            ],
            "song_names": [
                "Intracranial Parasite",
                "Entrails Full of Vermin",
                "Blindfold Surgery",
                "Skin Removal",
                "Dissected from Within",
                "Throat Fisting Abortion",
                "Intestinal Putrefaction",
                "Victims Stuffed with Nails",
                "Sphacelated Nerves",
                "In the End of Human Existence"
            ]
        },
        {
            "name": "The Anomalies of Artificial Origin",
            "type": "Full-length",
            "year": 2012,
            "review_num": 12,
            "review_avg": 82,
            "url": "https://www.metal-archives.com/albums/Abominable_Putridity/The_Anomalies_of_Artificial_Origin/328838",
            "reviews_url": "https://www.metal-archives.com/reviews/Abominable_Putridity/The_Anomalies_of_Artificial_Origin/328838/",
            "reviews": [
                {
                    "title": "Slam death reaches new heights - 75%",
                    "content": "On the rare occasions I find myself needing to explain slam death to someone, I often describe it as death metal for cavemen. While this description is a bit pejorative, even diehard slam fans likely wouldn't dispute it. In fact, they might even say that's what they like about the genre. With its emphasis on slow, crushing riffs, simplistic grooving nature, and general evasion of flashy, intricate playing, can you really say it doesn't sound like death metal taken back to some kind of stone age musical precursor? Well, Abominable Putridity's The Anomalies of Artificial Origin is the biggest step toward proving me wrong I've ever come across. While the album never veers too far from slam's standard playbook, there are plenty of deviations that add a bit of flavor, mainly taking the form of arpeggiated sequences and riffing of a more intricate and technical nature. These infusions of tech death trickery aren't quite enough to overcome the album's samey nature and lack of memorability, but they do give it a leg up on every other full-length slam album I've ever heard.\n\nAbominable Putridity, despite a boring-ass name (don\u2019t tell me Loathsome Decay and Abhorrent Rot were both already taken), delivers a fun, revved-up interpretation of slam death on The Anomalies of Artificial Origin. Despite its faithfulness to the slam format, though, The Anomalies of Artificial Origin should actually be capable of roping in people who aren't terribly interested in this divisive microgenre because it frequently incorporates more technical material. Album opener 'Remnants of the Tortured' has a few brief, well-placed arpeggios juxtaposed with faster drumming that sound great. 'A Massacre in the North' boasts some satisfying and downright menacing tremolos and 'A Burial for the Abandoned' has some dazzling leads, including a few soaring flourishes that sound harmonized, though only one guitarist is credited. This album\u2019s more technical nature, however, mainly comes from a dependence on riffs that sound like tech death progressions. They aren\u2019t as complicated as your average Brain Drill riff, but they\u2019re a step up in terms of complexity for a slam band. Fans of traditional slam death need not worry about being left out in the cold, though, because there are still plenty of the bulldozer slams you crave. \n\nWhile guitarist Sergey Balayan's arpeggiated sequences and drummer Alex Kubiashvili's abrupt tempo shifts and frequent incorporation of higher tempos (and even blast beats) don't make this album any catchier or help a listener tell one song from another, they do give listeners less interested in simplistic, palm-muted slams a respite from them. Twenty-five minutes of that shit would have been too much, but juxtaposing slow, basic riffs with snippets of a more technical nature goes a long way. \n\nSpeaking of ways, American frontman Matti Way's vocals are impressively brutal. People leaving comments on the Youtube video \u2018Abominable Putridity \u2013 The Anomalies of Artificial Origin (2012) {Full-Album}\u2019(sic) love to joke about how he sounds like the monster on this album's cover and there's no better comparison any reviewer could make. His growls are about as deep and guttural as a human vocalist can get but unfortunately they lack variety, texture, and emotion. His performance is simply a display of how low he can go. It isn't forceful and doesn't roar with life. Instead, he stays at the exact same spot in the mix the entire time, never letting loose any wild bellows or powerful shrieks. The instrumentalists frequently add a bit of spice to the music with some tricks imported from tech death but Way isn\u2019t nearly as creative. He just stays in that uber-low gurgling tone at all times, which robs his performance of much-needed urgency. Oh, well. At least his squeals aren't painful for the listener. \n\nDespite Abominable Putridity's exploration of tech death characteristics, The Anomalies of Artificial Origin is still crippled by a monotonous flavor. The band never quite manages to write catchy material or riffs that stand apart from each other. Even the less typical elements of the album's sound, like arpeggios, run together and lack distinction but the band's incorporation of more technical licks provides AoAO with just enough spice to remain interesting while staying true to slam's simplistic, brutish nature.",
                    "date": "October 30th, 2019"
                },
                {
                    "title": "Brutality Level - Russian - 95%",
                    "content": "Okay, not exactly sure how I first stumbled upon these guys. I think I was stoned and was listening to Analepsy, and this came up in the suggested bands so I decided to check it out. First thing I noticed: the intro is from Dead Space! That alone won these guys a lot of bonus points right off the bat. And when \"Remnants of the Tortured\" actually kicked in, I was like HOLY SHIT this is good. I then started checking these guys out online, where they were from, when was this released, etc. And what do I see? Fucking Disgorge Matti is on vocals. Oh fuck yes.\n\nI\u2019ve been living with this album now for a good while and it is absolutely fucking skull crushing. It\u2019s just way too good, and usually I\u2019m not even a slam type of person. But this album is not all about slams or that crap, it\u2019s actually just a very solid death metal record. Sharp riffs with just enough technicality, creative and powerful drumming, and absolutely insane vocals from Matti, who pretty much sounds like the demon that's on the album cover.\n\nI don\u2019t know what more to add, it\u2019s just so good. It\u2019s so much fun to listen to, and its all composed and put together in a way that just makes it easy to listen to and enjoy. All that said though, its brutal as fuck. And I\u2019m not kidding when I say that. I mean, I wasn\u2019t really surprised when I found out these guys were Russian, because Russians are fucking crazy. Leave it to them to kick things up a few notches. \n\nI just can\u2019t get over how fucking good this is. It grinds, it blasts, it slams and for the style they play, it\u2019s just perfect. I\u2019ve heard very few bands do it as good as this. The production too, is stellar. Everything is clear and loud as fuck. Feels like with every song you\u2019re taking a sledgehammer to the chest. \n\nGo get this.",
                    "date": "December 22nd, 2017"
                },
                {
                    "title": "A VAST Improvement Over the Debut - 90%",
                    "content": "These Russians just kick ass! I have this album shirt for a reason! If you are a fan of this band, you would know how AWFUL the debut was. I even reviewed it in September last year and explained why it was so horrible. This album, which came out 5 years after, was a HUGE improvement over the debut's sound. Who honestly liked In the End of Human Existence? If you do, The Anomalies of Artificial Origin will COMPLETELY blow it out of the water!\n\nThe change in sound is an IMMEDIATE one that's easy to spot. The debut tried to incorporate a slam sound, and failed miserably at it. This is more like brutal death metal, and rightfully so. The opening track, \"Remnants of the Tortured\", uses a sound clip (what a surprise; hundreds of other bands have done that before, especially in brutal death metal) from a video game, I found out. It certainly fits the album cover, which is a creature of artificial origin (no pun intended) breaking out of its bacta tank-like containment while killing scientists in the process. The guitars are extremely catchy, as well.\n\nThe vocals are much more brutal, thanks to Matti Way, who replaced Vladimir and his slam vocals that ruined the debut. It's also one of the growling styles that is somewhat easy to understand, like Cannibal Corpse, Jungle Rot, Ingested, or Aborted. Whether or not you like vocals in death metal that can be understood, that's up to you. Personally, I like a broad mix of understandable and indiscernible vocals, and this band is a good balance of the two.\n\nThe bass is there, just needs a bit more audibility. The drums are really good, too. I find myself air drumming sometimes with \"Remnants of the Tortured\", \"Lack of Oxygen\", \"Letting them Fall\", and \"A Massacre in the North\" simply because the drums are so good! However, the title track isn't as good. A lot of albums have a title track that either makes the album great, such as \"Master of Puppets\" by Metallica or \"Holy War\" by Thy Art Is Murder, but this unfortunately isn't one of them. The title track seems a bit...vague.\n\nOverall, The Anomalies of Artificial Origin is FAR superior to the 2007 disaster, and it's a brutal death metal classic now. Well, it should be!\n\nRating:\n9/10\n90/100",
                    "date": "March 17th, 2017"
                },
                {
                    "title": "Artificial Origin - 51%",
                    "content": "\u201cThe Anomalies of Artificial Origin\u201d has the reputation of a masterpiece in its own niche, I think. The whole \u2018slam death metal\u2019 thing I never understood, but I\u2019m not one to judge. I mean, I knew a guy once who had a thing for buttholes. Not my cup of tea, but hey, do your thing. I guess \u201cThe Anomalies of Artificial Origins\u201d makes sense at its best and leaves me feeling a familiar brand of disappointment if I\u2019m donning the shit-covered glasses. There are things to admire judging Abominable Putridity at face value. There is competency and care placed in the brutal death metal spine of this alleged masterwork, sure, and a number of these riffs skewer one from eye to ear. The only problem holding it back, and it\u2019s more than just a minor nuisance, is that slam death metal, from its inception, has been more voguish than substantial. \n\nI\u2019m not trying to incite an e-riot by pushing the whole sub-genre off a cliff, but it is true. The sound has an identity based on quick gratification, not actual quality. A group like Waking the Cadaver was all the rage at some point in time, but now they\u2019ve mostly fizzled out of relevancy. Abominable Putridity may be the genetically superior version of what the world knows from this vocation, perhaps its Zeus, though Hephaestus may look like the king of kings when implementing standards is secondary to style. These are the issues raised throughout \u201cThe Anomalies of Artificial Origin\u201d that are left untouched: What does this bring to slam death metal? What makes Abominable Putridity significant? Why should we care? \n\nAbominable Putridity sticks to what it knows and what we expect. The soil of death metal riffs and motifs are supplemented by guttural vocal oinking and abrupt drop-offs in pace that crash into breakdowns with the grace of a teenager learning how to drive. The riffs, sequences and themes akin to modern brutal/technical death metal guitar work are done above the herd standard, and actually manage to convey the intended ferocity quite well. The pacing forms that launch these tracks into clunky drop-offs, however, are constant measures and the driving force behind the whole record. The sudden jerking around, especially when the album begins to pace itself, throws everything off. Breakdowns and their likeness in this setting are amateurish, simple tools to eliminate the trickier stuff, like nuance. \n\nAll eight tracks are stuffed up in the same way; little happens outside the lines. Abominable Putridity is a group of impressive technical chops with fine foundational elements of brutal death metal, other than the laughable puking vocals. Whatever momentum they gain is sidelined when the breakdowns and chugs send the album into spasms of awkward pace. The fact remains that if Abominable Putridity and this style were to find themselves fleshed out and pumped up, then perhaps the notion of elevating the record to a higher status might make sense. Truth be told, the alleged best of its kind is just a skip above the baseline. \n\nThis review was written for: www.Thrashpit.com",
                    "date": "May 31st, 2016"
                },
                {
                    "title": "Slam-Death Masterpiece. - 96%",
                    "content": "Rebounding with their sophomore release, this album makes everything on their debut absolutely irrelevant. \"In the End of Human Existence\" suffered from unoriginal slam inhales, poor production, and terrible structure with each song being slam after slam, making it nearly impossible to even tell them apart. By the first track, \"Remnants of the Tortured\", you can feel this is a vastly different release. The guitar tone is absolutely massive, and while there are no audible bass doodles or breaks in songs where the bass can be heard clearly, this is no problem because the bassist creates a solid foundation for the pummeling slams and riffing being played. The riffing is spectacular, and is reminiscent of Pathology, with a buzzy and disgusting guitar tone. \"A Massacre In The North\" and \"Burial For The Abandoned\" are tracks that display the catchiness this album offers perfectly, both having gigantic and brutal mid-song breakdowns.\n\nEx-Disgorge and Pathology vocalist Matti Way destroys on this album. He has a unique inhale sound, with his lispy, grunting vocals completely regurgitating throughout. He is a complete three sixty from the previous vocalist, who was very boring and kept one inhale sound the entire debut album. He is the perfect compliment for the brutal ferocity that the rest of the band lays down. The drummer is very solid, and has a snare that sounds like a cannon. Part of what accent the slams are the interesting double bass patterns the drummer chooses to use in his breakdowns. His double bass sound is a bit clicky, but it's not super high in the mix so it doesn't sound bad. What really makes this album stand out is that in a matter of seconds it can go from being brutal as hell, before being thrown straight into a really cool arpeggiated technical riff, and then smashed on the pavement again with more unstoppable and punishing slams. The sweeping is not a super common occurrence, but it creates a \"holy shit\" moment when it happens. It is very well timed, and not overused at all. \n\nThis album is relentless. It is merciless and slamming brutality. It takes you, shreds you through a meat grinder, and spits you out in a thousand pieces. This is the best slam death has to offer, and while the genre can get tedious, this album is proof interesting things can be done with the genre. When someone tells you slam has no talent, throw on this album, and watch their jaw drop in utter disbelief.",
                    "date": "August 26th, 2015"
                },
                {
                    "title": "Surpasses all boundaries of slam - 96%",
                    "content": "Abominable Putridity used to be one of every other slam band around. Didn't stand out much, sounded just like any slam band, and didn't make it that far. Now, with this release, I would like to say that this band is anything but shit. Pure ingeniousness went into this album, and that's purely what it is. I did like the previous album, but this is no doubt WAY more improved.\n\nFirst off, the vocals. They couldn't have found a better vocalist. Matti Way does an absolutely solid job handling vocal duties. He has a lot of skills in his screams, and also has a variation of different sounding vocals which also make them much more bearable. Of any slam band, I've never heard more diverse vocals from a group. The guitars are are fucking excellent here. Some very good riffs. It's not just the same monotonous shit being repeated. These are very diverse, and very well composed guitar parts. Very melodic while still maintaining their signature slam style. The drumming is amazing, to say the least. Extremely fast, precise, and consistent. They also made it fit with the guitar parts very well. Each instrument flows excellently with one another. Unfortunately, as you may have already assumed, there is no bass to speak of which disappoints me because I definitely think the bassist is just as capable as the guitarists and his talent could be heard had it been made hearable in the production.\n\nNow for the production. Wow, just wow. One of the best produced albums I've ever heard, and that is an understatement. Everything sounds excellent. Certainly way better than most other slam death metal album productions. It's also mixed pretty well so you can hear most everything equally, save for the bass. But why this album is so good is because it's more than just slam. It stands out so much more than any other slam I've ever heard. In conclusion, if you want to hear a top notch, creative, and well produced album, then this is no doubt your solution. Please, and I mean PLEASE, get this album.",
                    "date": "October 1st, 2014"
                },
                {
                    "title": "One of the most important brutal death albums yet - 95%",
                    "content": "Whilst brutal death metal has been around for a seemingly amount of time, only in the last few years has it really increased in size of bands and releases, especially due to the surge in slam bands. Whilst many repeat what's already been done and Abominable Putridity have crafted a masterpiece in brutal death. Weighing in at 25 minutes this album is shorter than most albums in the genre, but it short length is definitely made up in it's brutality and exciting song writing. The music itself is very complex for slam turning not just slow to fast, it often changes rhythms in terms of triples and shows to be very advanced in song writing there is no linear A-B-A-B song structures here, just a mess of chugs in creative rhythms followed by blasts. No section is ever drawn out and it never feels repetitive.\n\nThe first thoughts that come to mind when the music actually starts are when the heavily triggered/sampled drums rattle in at ungodly speeds. Whilst many bands are criticized for their use of samples in drums, I applaud it the heaviness and thunder it creates is phenomenal and the vocals are unmatched by many bands the range and the creativity is impressive. The guitars are never usually too noticeable in this genre but they fit very well in this album, well recorded and the riffs compliment the drums and the vocals nicely. The technicality is also impressive whilst there are simple chugs, included are also fast sweeps and riff-ing to a quality of many technical death metal bands. Slam is a genre often criticized for it's simplicity, it's the genre metal heads often hate for this. But Abominable Putridity perform to such a standard that is on par with respected bands such as Dying Fetus, Nile or Cattle Decapitation. This is why I applaud this album and rate it so highly, it's not only raised the bar for slamming brutal death metal, it's encouraged a whole heap of new bands to create as brutal albums to be the relevant on the scene, many of these bands signed to the bands label Inherited Suffering records.\n\nOverall I'd definitely recommend to anyone who likes death metal, as it's only been out a year and has been so influential, think of what it will do in years to come...",
                    "date": "September 9th, 2013"
                },
                {
                    "title": "Of Nightmares and Gene Splicing. - 71%",
                    "content": "I consider myself a reasonably patriotic American when it comes to a lot of things, but one exception I tend to make is for brutal death metal. Perhaps it's my general aversion to bands with either slam or deathcore influences, but most of what makes waves in this style on my side of the Atlantic tends to get the cold shoulder. Abominable Putridity doesn't necessarily grab my attention with their incredibly generic name, but the hype surrounding this album with its inclusion of well-respected American phlegm-gargler Matti Way definitely proved to peek my curiosity, not to mention talk of a somewhat more varied approach to this style that moves away from the redundancy of American brutality withouth technicality of late.\n\nThe \"Resident Evil\" inspired album art definitely showcases an album that doesn't obsess solely on gore and violence for its own sake, and the contents provide a rather intricate mixture of Suffocation influenced brutality and noodling with a lyrical approach that rests somewhere between the scientific ponderances of Wormed (within a horror/sci-fi context of course) and the general violece of Jungle Rot and Cannibal Corpse. Production wise, this listens pretty close to the clarity and nastiness of Suffocation's later 90s output with a slightly more mechanized character, helped along quite a bit by a riff set that's a tad bit more formulaic, but still far busier than the usual drudgery associated with this style lately. In actuality, this bears a pretty strong resemblance to the most recent output of Dying Fetus, complete with the suddenly lead sweeps and scale runs that are frequent enough to spice things up, but noticeably not as indulgent as Arsis' \"We Are The Nightmare\".\n\nWhile definitely a cut above the rest, there are some residual genre problems that \"The Anomalies Of Artificial Origin\" suffers from. The slow breakdown sections are primarily where this album suffers a bit, bringing in a very lazy and repetitive groove character that definitely points to the American slam influences that likely hurt this band on their poorly received debut \"In The End Of Human Existence\". On the opposite side of the spectrum is a very predictable assortment of blast beats and machine gun drumming that sounds overtly mechanical. Thankfully this album does not suffer from the annoying, popping, picolo snare drum sound that made Waking The Cadaver's debut one of the worst abominations to every surface beneath the death metal umbrella.\n\nBut at the end of the day, this album stands as arguably one of the most massive improvements upon an otherwise stale and over-crowded style that has seen far better times. Abominable Putridity would definitely do well by keeping Matti Way in the fold despite the long plane rides that it entails, as his signature bottom heavy belches carry this album quite well, but they would do better by expanding upon what they've accomplished here by scaling back the breakdowns a bit more and perhaps incorporating some other faster stylistic devices along the lines of what Suffocation would do in a similar capacity and maybe a bit more technical elements. Then again, my enjoyment of this style largely rests on it being mixed with things that are generally not a part of its normal practices, but if you buy one brutal/slam influenced album from 2012, this is definitely one to consider.",
                    "date": "July 22nd, 2013"
                },
                {
                    "title": "A Brutal Fucking Masterpieice - 87%",
                    "content": "Much unlike the samples it uses, this album's brutal beginnings grip you by the balls and never let go. For a good part of the album, this band uses a pretty standard brutal death metal combination of alternating 32nd note and triplet blast beats, somewhat syncopated bass and guitar riffing combined with a very unique style of vocals compared to other bands I've listened to lately. This band also very effectively employs tempo changes (I don't count breakdowns as true tempo changes seeing as they're more or less obligatory in brutal death metal). \n\nLet's start with the vocals. From the very beginning, I noted that this vocalist has a distinctly frostier quality to his vocals. That's not to say they're any less brutal than others \u00e0 la Kraanium or Dying Fetus, but the vocalist is able to present vocals that sound a lot like the sound of the suction devices a dentist would use. He of course can revert to standard brutal death growling and screaming, but only does so sparingly which makes for some good variety which is quite frankly absent in the vast, vast majority of brutal death metal. The vocalist also layers different patterns which helps create an interesting melody/counter melody effect (or even fugues in some cases).\n\nThe drums do their job to provide a good canvas onto which the guitarist, vocalist, and bassist can paint their brutal, sanguine masterpiece. All in all, there was nothing innovative about the way the drums were played, but they were, needless to say, very well-executed. There's nothing wrong with adhering to an existing style so long as it doesn't nakedly rip off the work of another band. \n\nThe basses and guitars use pretty standard riffs that play off of the drum's intensity with occasionally frantic riffs, and also very block-like and regimented grooves. They also make good use of syncopation and tempo changes to keep the music interesting throughout the album. I can't tell you how many brutal death metal bands I've listened to that just drone on with the same few patterns and think that wearing a slave mask on stage will mask how banal and unimaginative their music is. Abominable Putridity, thankfully keeps it fresh. \n\nAll in all, my only grievances were the album's length and the Dead Space samples included at the beginning. Even by brutal death metal standards, it was a bit short, and this is simply a matter of opinion, but I don't think the Dead Space samples really suited their aesthetic because of the music's assaulting brutality isn't much like Dead Space's edge-of-your-seat suspense. But regardless, this was a good album and I'd highly recommend it to any brutal death metal fan.",
                    "date": "April 24th, 2013"
                },
                {
                    "title": "Nothin' artificial about this boot in your ass - 68%",
                    "content": "Five years might not seem like a long period against the grand sum of 'human existence', but in the development of a band's songwriting skill and technical ability it can prove an eternity. Russians Abominable Putridity enforce this sentiment by putting their time to good use, and releasing a sophomore which loses absolutely none of the belligerent, bone-breaking ballast of its predecessor, while simultaneously adding a lot of variation and further brutal/tech death metal concessions to the riffing matrix that simply make for a more enjoyable, pummeling experience in the end. In short: In the End of Human Existence might have sufficed for a few 14 year-olds venting their anger in the pit on a Friday night at an all-ages gig, but there is something in The Anomalies of Artificial Origin for the rest of us too, and through this transition they don't seem to have alienated anyone but the most nitpicking neanderthals out to troll the universe.\n\nNote: this is not an exponential 'progression', it simply capitalizes on any plausible strengths of the Russians' mosh-first foundation by threading in a more exciting frenzy of distractions that in turn help the grooves to really smack down the listener once they arrive. Tremolo runs, arpeggio fits and blast beats are surely not novel to brutal death metal, but for Abominable Putridity they assist in dispersing the monotonous thuggery of the near constant breakdowns. Which you'll hear PLENTY of, mind you, in their usual procession of mid-paced palm-muted patterns that refrain and then slow to a brawl-worthy crawl; but even here the notes selected are just a fraction more interesting in rolling behemoths like \"A Burial for the Abandoned\" and the kinetic, constantly engaging title track which hints at smatterings of everything from Deicide and Cannibal Corpse style riff cycles to spasms of Decapitated or Necrophagist. The individual riffs aren't really all that special, granted, but where the debut was a whole lot of 'miss', you're at least getting a handful of hits this time out.\n\nThe mix of the album is slightly more polished than the debut, suitable for the increased use of brief flurries of leads; but I felt that the crunch of the guitars was quite comparable. The drums are better balanced against themselves, but probably a little lighter in contrast to the guitar than on the debut. The bassist does still plug along beneath the guitar for most of the 26 minute play-length, but the increased presence of dual harmony or lead runs ensure that he gets a lot more chance for his fills to really pop out along the undertow. Once clear area of improvement is in the use of American Matti Way (Pathology, Cinerary, etc) to perform the vocals here. He does his best to remain loyal to the prior front man, but he's got this inherent flexibility to his timbre which is ultimately more dynamic across the chortling rasps, gurgles and sustained depths of guttural spew. The man isn't just emulating some abandoned, static toilet bowl; people actually come along to use this thing, leave a few friends off and then flush after themselves through Way's shifting intonations.\n\nAll in all, is The Anomalies of Artificial Origins a 'good' album? That I can't say for certainty, since only a few of the songs like \"Wormhole Inversion\", \"A Massacre in the North\", or the title cut felt inspiring enough to want to keep revisiting them. I would be unlikely to break this out over hundreds of other brutal or tech death metal efforts unless I was truly in the mood for something baseline, polished and MMA-trained. The lyrics are pretty well written but all over the place, from specific scenes of torture and mortality to broader examinations of civilization, science and religion, congealed into a sci-fi crust. Ultimately, though, it kicks the tits off the debut, and those in the mood for some slam which takes itself seriously enough not to string you along with the monotonous, stifling armpit stench of unwashed ennui could do far worse than check this out. Others who prefer a pure 90s pounding in the vein of mid-era Suffocation, sans any further innovation might also dig it.\n\n-autothrall\nhttp://www.fromthedustreturned.com",
                    "date": "January 2nd, 2013"
                },
                {
                    "title": "Amazing production, decent bit of tech riffs - 69%",
                    "content": "I originally thought, wow, what a crock of shit, people still play slam? But slowly it dawned on me there were good riffs here and a nice dose of technicality and turn-arounds. If I leave aside my predisposition to stigmatize (rightfully so) almost all slam as talentless ballsack, I find there actually is worthwhile music here. And the production is just so heavy. Like metal apparatus being driven into your skull, like being run over by a steamroller, like a chainsaw to your auditory canal. Spot on production; super heavy, not overly clean and not at all unbalanced or unclear.\n\nThe whole album kind of goes back and forth between riffs that are good for being slam (not necessarily saying much) and some technical-type riffs. Slam riff, technical riff, slam riff, slower slam riff, technical riff...kind of interesting except, y'know, still 50% slam riffs. Again though, the slam riffs have enough interesting drums and guitar licks hidden in them that most of them end up being legitimate riffs.\n\nThe vocals are low pig squeals, far and away one of my least favorite types of vocals, but I can look past it here. Despite the notion that harsh vocals make the lyrics impossible to make out, I can normally make out a good amount of words - not happening here. It's not even that you can't understand a word, it's that it doesn't sound like words are being spoken, but just animalistic noise. \n\nThere's actually some interesting lyrics and themes going on here. Space exploration, Egyptian gods, alien creators and a mention of time travel - you know, in addition to the death and gore stuff. Kind of corny, but at least they added something a little different for their genre. \n\nPros: Flawless production. Truly heavy as fuck. Nice technical riffs here and there.\n\nCons: Silly vocals and lots of slam riffs. Not doing anything new by any means.\n\nIf you happen to like slam, this is good for slam, and if you want something to throw on that is just plain produced as well as an album could be produced for death metal, it might be worth a listen.",
                    "date": "November 10th, 2012"
                },
                {
                    "title": "Complete U turn - 90%",
                    "content": "After the abysmal debut that was \"In the End of Human Existence\" their vocalist departed and Abominable Putridity set out to find a new vocalist. After recruiting and losing Big Chocolate of Disfiguring The Goddess fame, Matti Way of Disgorge/Pathology fame took the role. It seems after bringing in brutal death metal royalty the band suddenly gained the ability to write and play good slam!\n\nThis is still much of the same chuggy thuggy slam found on the debut, but there have been many improvements that make this album for more listenable and enjoyable. For a start, Matti Way's signature low growl is far more entertaining than the dull Wayne Knupp plagiarism found on the first album. The slams aren't particularly varied, but they're very heavy and don't become painfully slow to the point you feel yourself getting dumber as you listen. The guitarists also throw in a few quick bursts of Origin-esque sweeping patterns, just to keep things interesting. The drummer plays a range of blast beats and technical fills. The bass is also quite audible and provides an extra layer of heaviness to the slams\n\nThe production is clear, but not overproduced. Everything is in the mix perfectly. Most notably the drums don't sound like a laptop keyboard and the snare doesn't sound like a tennis ball in a paint can, as one would expect the drums on a slam album to.\n\nAlso, that album art is fucking brilliant! Finally a band have broken the trend of butchered prostitutes, misogynistic torture and/or a small army of rotting zombies adorning your album cover. The intro to the album has sounds that seem to depict the sound of what is going on the album art. This huge man-made creature breaking free from his prison and massacring those who created it.\n\nOverall, this is just a huge improvement from the piece of shit they put out 5 years ago. Fans of slam who don't mind a bit of technicality thrown in for good measure should find a bit of enjoyment out of this.",
                    "date": "March 3rd, 2012"
                }
            ],
            "songs": [
                {
                    "name": "Remnants of the Tortured",
                    "length": "04:00",
                    "url": "https://www.metal-archives.com/release/ajax-view-lyrics/id/2302880",
                    "darklyrics": "\nAs I awake to the black\nUnbleached detecting cells\nRegenerate no adapting to the \nDarkness I must sleep\n\nI can hear sounds of\nThe tools metal on metal\nTesting for a proper incision\nThe smell of a hospital\nLingers in the air\nA foreign tongue a language\nI do not know but I\nCan hear the laughter\nBound in this chair my\nLast memories are close\n\nRemnants of torture \n\nWhen will I wake consciousness \nOf lucid dreaming I can feel the \nMetal as my mouth fills with blood\nWhen will I wake \n\nAbove my carrion I peer down\nBelow to knowing now I am gone\nA victim of the sick\nI hed to the afterlife for retribution\n\nRemnants of the tortured I sleep\nRemnants of the torture a permanent dream... \n\nPain while dreaming - now I see again\nTo unmask this execution from\nThe nether realm... \n\nPutrefaction denied my soul no sleep\nPurgatory I lye waiting to ruin... \n\n",
                    "darklyrics_url": "http://www.darklyrics.com/lyrics/abominableputridity/theanomaliesofartificialorigin.html#1"
                },
                {
                    "name": "A Massacre in the North",
                    "length": "03:27",
                    "url": "https://www.metal-archives.com/release/ajax-view-lyrics/id/2302881",
                    "darklyrics": "\nBound next to each other\r\nOn the floor\r\nWire and tape tied\r\nStripped of flesh\r\nAre wrists and ankles\n\r\nClaw-hammered strangled and cut to death\r\nStab marks on the walls\r\nRed stained the floors\r\nSpray patterns throughout the ceiling \r\nA butcher knife and a hammer\r\nCovered in blood lying on a table\r\nUsed with no precision\r\nClaw-hammered strangled and cut to death...\n\r\nThe strangers come from the woods\r\nSilently \r\nIn a frenzy of violence...\n\r\nA young one taken \r\nNot to be found\r\nA memento of flesh\r\nA memento of blood\n\r\nMortals are taking these souls\r\nMisery holds the darkness\r\nSolitude among the trees\r\nOnly the cabin remains\r\nTo speak in silence\r\nA memento of flesh\r\nA memento of blood...\n\r\nClaw-hammered strangled and cut to death\r\nClaw-hammered strangled and cut to death...\n\n",
                    "darklyrics_url": "http://www.darklyrics.com/lyrics/abominableputridity/theanomaliesofartificialorigin.html#2"
                },
                {
                    "name": "Letting Them Fall...",
                    "length": "03:33",
                    "url": "https://www.metal-archives.com/release/ajax-view-lyrics/id/2302882",
                    "darklyrics": "\nCobble stoned streets\r\nFilling with red\r\nThe rise in pornography\r\nFueled his thoughts \r\nOf darkness and pleasure\r\nPanic and fear fill\r\nThe autumn air\r\nAs precise calculation\r\nBegins...\n\r\nGiving berth to the 20th \r\nCentury. Disemboweling \r\nThe weak, catch me if you can\r\nPrey for me father...\n\r\nMethod of operation\r\nModus operandi\r\nWas not determined \r\nLetting them fall\n\r\nThroats were cut \r\nVictims arranged awkwardly \r\nStraddling over the body\r\nSplatter stains show, fatal wound imminent...\n\r\nTaking pieces of there kind\r\nAnatomical knowledge \r\nKnown as I, remove the kidney\r\nBound are the abdomen and feet\r\nOften near the darkness \r\nExperience with the knife\r\nShows through the victims\n\r\nSuspects write letters\r\nAs aim not ready to surrender just yet\r\nSome work is to be done\r\nMores organs to send\n\r\nCommitted to murder\r\nI must fulfill my disease\r\nBuilding servants for the afterlife\r\nLetting them fall\r\nCan they hear\r\nThe trees fall\r\nLetting them fall\n\n",
                    "darklyrics_url": "http://www.darklyrics.com/lyrics/abominableputridity/theanomaliesofartificialorigin.html#3"
                },
                {
                    "name": "A Burial for the Abandoned",
                    "length": "03:19",
                    "url": "https://www.metal-archives.com/release/ajax-view-lyrics/id/2302883",
                    "darklyrics": "\nBound tortured and buried alive\r\nMass graves of the hue perceived\r\nSocial stratum - countless bodies not claimed\r\nBound tortured and buried alive\r\nLists of the tyrants executions\r\nWithdraw from the burial\r\nA burial for the abandoned\r\nAbducted and murdered by armies of the north\r\nA government revolution of purity\r\nExperiments practiced as the region\r\nFilled with blood, doctors\r\nWorking on biological warfare\r\nMan made viruses that travel \r\nThrough the clouds - toxins spread\r\nAs shorter incubation not reproducing\r\nThe hosts\r\nExperiments practiced as the region\r\nFilled with blood, doctors\r\nWorking on biological warfare\r\nMan made viruses that travel\r\nThrough the clouds - toxins spread \r\nAs shorter incubation not reproducing\r\nThe hosts\r\nA burial for the abandoned\r\nA burial for the abandoned\r\nA burial for the abandoned\r\nA burial for the abandoned\r\nSeeing the sky for we ingest\r\nThe anti-virus only for the elite\r\nClandestine programs attack the immune\r\nCausing illness through weather control\r\nVisions of chemtrails\r\nMassive electromagnetic weapons program\r\nMass graves of the hue perceived\r\nAbducted and slain by armies of the north\r\nA revolution of impurity\r\nAs cloud seeding persists\r\nA burial for the abandoned \r\nA burial for the abandoned\r\nA burial for the abandoned\r\nA burial for the abandoned\r\nBound tortured and buried alive\r\nExperiments of disease in the region\r\nFall from the sky\r\nOnly visions of chemtrails\r\nA burial for the abandoned\n\n",
                    "darklyrics_url": "http://www.darklyrics.com/lyrics/abominableputridity/theanomaliesofartificialorigin.html#4"
                },
                {
                    "name": "Lack of Oxygen",
                    "length": "02:34",
                    "url": "https://www.metal-archives.com/release/ajax-view-lyrics/id/2302884",
                    "darklyrics": "\nLying in a box\r\nDark with emotions\r\nA claustrophobic disease sets in\r\nLungs drawing in more air\r\nLack of memory present\r\nAs the heart races with terror\r\nLack of oxygen\r\nLack of oxygen\r\nMissing from the third world\r\nBelow the song I lie\r\nMissing from the third world\r\nBelow the song I lie\r\nDamage to visceral organs\r\nMembranes of those cells open \r\nAdrenaline damage imminent\r\nLack of oxygen\r\nStorming of adrenaline\r\nIncompatible abnormal rhythms\r\nTriggering the fear to succumb\r\nKnowing of what's to come\r\nPass away pass away\r\nWandering in to the other side\r\nCalming the fear as a rush subsides\r\nA stage of separation\r\nFrom this physical world\r\nPass away passing on to the next\r\nSleeping in your grave - lack of oxygen\r\nLack of oxygen\r\nOn this side or the other\n\n",
                    "darklyrics_url": "http://www.darklyrics.com/lyrics/abominableputridity/theanomaliesofartificialorigin.html#5"
                },
                {
                    "name": "Wormhole Inversion",
                    "length": "02:58",
                    "url": "https://www.metal-archives.com/release/ajax-view-lyrics/id/2302885",
                    "darklyrics": "\nIntra-universe as the time escapes a bridge we walk back and fourth\r\nHyper surface of a constants time embedding our travels connecting through light\r\nCosmic string of mass destruction converted into time-expands\r\nThough we seek general relativity - accelerating to a pattern in time\r\nA twin paradox makes a journey - and return only to be younger\r\nThe ring has collapsed as we become joined again\r\nA twin paradox makes a journey - and return only to be younger\r\nThe rim has collapsed as we become joined again\r\nFaster than light we roam through the tunnel of conjuration\r\nFaster than light we roam through the tunnel of conjuration\r\nThe ring has collapsed as we become joined again\r\nThe ring has collapsed as we become one again\r\nThe ring has collapsed as we become joined again\r\nThe ring has collapsed as we become one again\r\nFaster than light conjuration\r\nWe roam through the tunnel seeking an eternal life\r\nFaster than light conjuration\r\nI can only see myself connecting\r\nThis machine holds my mind hostage\r\nTrying to escape free from the grid\r\nFaster than light conjuration\r\nI can only see myself connecting\r\nThis machine holds me hostage\r\nTrying to escape free from the grid\r\nWormhole inversion\r\nConjuration of light\r\nInversion wormhole\r\nWormhole inversion\r\nConjuration of light\r\nInversion wormhole\r\nWormhole inversion \r\nConjuration of light\r\nInversion wormhole\r\nWormhole inversion\r\nConjuration of light\r\nInversion wormhole\n\n",
                    "darklyrics_url": "http://www.darklyrics.com/lyrics/abominableputridity/theanomaliesofartificialorigin.html#6"
                },
                {
                    "name": "The Anomalies of Artificial Origin",
                    "length": "02:37",
                    "url": "https://www.metal-archives.com/release/ajax-view-lyrics/id/2302886",
                    "darklyrics": "\nThe Anomalies of Artificial Origin...\n\nTaken from the mud and clay\nDNA strands mutate and form\nThe sky not yet coming into being\nAs the gods had not yet been born\nFrom the mounds of fertile black soil\nRise above the chaotic waters\nThe children of atum coming the be\n\nThe children of atum...\n\nDown from the sky thry descend\nUpon the rock - raise your bleeding arms\nThe symbol of ka your essence\nWill be them\nThe Anomilies of Artificial Origin\n\nCreated as a slave race to mine gold\nThe keepers of the sky begin the cycle again\nA new world of sustanance were eternal\nPath on the great throne - enslaved\n\nOpening the mouth of ceremony\nRelease the souls of corpses by priests\nPerforming at this funeral of creation\nSitting upon the mud and clay...\n\nGod of regeneration\nTombs of the craftsmen...\n\nThe funeral cults rise to dominate\nAfter the collapse of the old kingdom\nPeriod of the weak eleventh dynasty\nReigning over the region of mud and clay\n\n",
                    "darklyrics_url": "http://www.darklyrics.com/lyrics/abominableputridity/theanomaliesofartificialorigin.html#7"
                },
                {
                    "name": "The Last Communion",
                    "length": "03:10",
                    "url": "https://www.metal-archives.com/release/ajax-view-lyrics/id/2302887",
                    "darklyrics": "\nHymns of the season feast on weakened minds\nAttending the divine liturgy recounting the word\nThe invisible reveals the word of truth\nKneel before the pagan symbol - repent...\n\nThe last communion\nThe last communion\n\nFashoined from clay - ashers of men\nServe the sun - fot it dies at night\nAnd brings new life - come out of the netherworld\nNavigate the abyss untill the hour od re\nAll cattle all worms he has created\nThe mud of the nile - fermented and decayed\nWithout seeds - watch as the sun shall rise\n\nGilgamesh the oracle...\n\nA stone in the desert of set\nThe tablets of enuma elish\nLong before the word was truth\nThe bread of life - the truth and the light\nHor-us\n\nThe last communion...\n\nPharoh of hor-us in life\nPharoh of hor-us in death\nPharoh of the sun of ra\nWalking through the fifth dynasty\nThe elder of paganism\nThe identicle mythological origins\nStealing images from the pagan world\nSpeading a disease of resurrection...\n\nHor-us...\n\n\n\n",
                    "darklyrics_url": "http://www.darklyrics.com/lyrics/abominableputridity/theanomaliesofartificialorigin.html#8"
                }
            ],
            "song_names": [
                "Remnants of the Tortured",
                "A Massacre in the North",
                "Letting Them Fall...",
                "A Burial for the Abandoned",
                "Lack of Oxygen",
                "Wormhole Inversion",
                "The Anomalies of Artificial Origin",
                "The Last Communion"
            ]
        }
    ],
    "album_names": [
        "In the End of Human Existence",
        "The Anomalies of Artificial Origin"
    ],
    "info": {
        "Country of origin": "Russia",
        "Location": "Moscow",
        "Status": "Active",
        "Formed in": "2003",
        "Genre": "Slam/Brutal Death Metal",
        "Lyrical themes": "Conspiracies, Genetic mutation, Biology, Horror, Cosmology",
        "Current label": "Unique Leader Records",
        "Years active": "\n2003 (as Devoured Entrails),\n2003-present "
    }
}