{
    "name": "Absurd",
    "id": "383",
    "url": "https://www.metal-archives.com/bands/Absurd/383",
    "albums": [
        {
            "name": "Facta Loquuntur",
            "type": "Full-length",
            "year": 1996,
            "review_num": 9,
            "review_avg": 75,
            "url": "https://www.metal-archives.com/albums/Absurd/Facta_Loquuntur/1414",
            "reviews_url": "https://www.metal-archives.com/reviews/Absurd/Facta_Loquuntur/1414/",
            "reviews": [
                {
                    "title": "More Leftist Nonsense Punk Music - 89%",
                    "content": "Since Bobby Fuller's 'I Fought the Law and the Law Won', Punk has cultivated a post-nihilistic, secularly-humanistic philosophy that decries law enforcement and capitalism. Fast forward through decades of sloppy musicianship and poor hygiene, and you'll find that little has changed; Absurd's Facta Loquuntur not excepted.\n\nYou wouldn't have to look far to see how much Koolaid these Merkel-backed Marxists have been engorging. You could start with any of the album's dimensions, but a cursory glance at the lyricsbook alone is enough to raise an eyebrow. I don't know what \"Mordend Juden und Christenheit\" translates to, but I'm pretty sure it has something to do with treating everybody equally. Gracing Facta Loquuntur's cover is the ostensible proletariat worker wielding the hammer of the people against his former Capitalist enslaver, a propagandist's work using role-reversal as an ironic denouement to a Free Market society. \n\nThese ideological tenets are mirrored in the very music of Absurd precisely because they eschew the \"bourgeois\" ornamentation of other genres. Technicality and high fidelity are foregone as a means to draw focus to lyrical content and the evolution of emotive phrasing. 'Deep Dark Forest' is, for the most part, a three-chord punk song slowed down and minor-keyed into an environmentalist ballad. The band's ambition to record this song for a quick release, even prior to learning how to rehearse, suggests a nascent understanding of the power that a raw performance can confer to a song whose main riff is really just two power chords. Dramatic build-up, crescendo, and riff relationships are brought to the forefront, favored over 32nd-notes and palm-mutes at sound barrier tempos; and thus, the propaganda is all-the-more effective for it.\n\nAt heart, every anarcho-Libertarian engages freedom as a moral absolute. You'll never convince me that there is anything wrong with Applebee's or Funko POPs, for instance. I'll just take Absurd's globalist message with a grain of salt and stay for the cool trance-y Punk music. I voted for Obama and Donald Trump.",
                    "date": "November 3rd, 2019"
                },
                {
                    "title": "The Lowest Order of Dogshit - 8%",
                    "content": "If these guys weren\u2019t Nazis and hadn't murdered Sandro Beyer, this album would be more than likely and more than deservedly forgotten. There, I said it. Facta Loquuntur represents a nadir in black metal, a true bottom on terms of absent talent, slothfulness, and just embarrassing content both musically and lyrically. It's such a badly produced and ineptly played record that it would be borderline humorous if it wasn't so unforgivably boring. And the only reasons I can think of this becoming a \"classic\" in some people's minds is either due to the \"so bad it's good\" phenomenon (which FYI, this isn't, it's just boring), or due to the fact that they may just be praising this because they are the same kind of sad neo-Nazis that Absurd are and want to support their fellow lovers of servitude and oppression. And even on the terms of viewing it as just another black metal album, this thing is so underwhelming that it just does not stack up against any of its competition in black metal at the time, even against some of the bands that were just releasing demos.\n\nI mean, to call this album amateurish would be an understatement, because I think there are black metal demos out there that were better prepared, better rehearsed, and even better produced than this. The only atmosphere comes from the static-loaded, ear-stinging production. Even through that, you can tell that these guys are not skilled musicians in the slightest with some of the simplest, most sluggish, and most boring guitar riffs ever conceived sliding all throughout this album. Think of an ass-quality version of Burzum's self-titled with none of the feeling and none of the atmospheric ambitions. Hell, even when they try to rock hard and get heads banging on their faster, punkier songs they can't do that since everything is so simple, blunted, boring, and amateurish. Playing out-of-tune, playing off-time, vocals that just sound like moaning or passionless yelling, static substituted for guitars, a buried beat, janky force-less riffs, it's all there, making for a thoroughly embarrassing album.\n\nAnd it's not enough that this album is badly played and badly produced, but it's also just extremely awkward in its ideas. The notion behind \"Dreaming of Love\" is probably one of the most laughable I've ever come across. It's a mushy love song sung in growls with some funny bass notes and lethargic lead guitars that end up being so \"absurd\" I can hardly hold back my laughter. I mean, black metal Nazis making gushy love songs? It's just so stupid. And that's nothing to say of other blunders on this album like \"Wartend in Eisamkeit\" and \"The Gates of Heaven\" which are totally clean sung in a boring, moaning monotone. The former is also the longest song on the album and feels like it takes an eternity to slog through. And there's even the few times the guitarist decides to take a crack at soloing, and he fails miserably, resulting in some of the shortest, least in-time, and least confident guitar solos ever heard. And not to mention the lyrics which just read like a laughable cobbling together of every hokey black metal stereotype about devils and forests and winter with no passion behind them. All these little features aside, the rest of the album is just boring and stilted beyond belief without any staying power or real interest to any of it with a level of ineptitude and staleness that frankly puts me to sleep.\n\nAbsurd's Facta Loquuntur is one of those albums where the balance between boring and embarrassing is perfectly struck. Between terrible production from three different studios, inept playing, flat and boring songwriting, comedic moaned clean singing, riffs with no drive, and mood-less atmospheres, there's nothing to look forward to when listening to such an album. It's a mess through and through, and with music this slapshod and limp, it's beyond difficult to see how this is regarded as a classic by some. Politics aside, this is just a horrible and lazy black metal album with no real \"oomph\" behind it, played as if nobody in the band cared. Though Absurd being Nazis is reason enough to hate them, I think the music does just as good a job of proving their worthlessness.",
                    "date": "June 23rd, 2019"
                },
                {
                    "title": "Primitive Viking punk metal! - 75%",
                    "content": "Absurd is a band that proved to be a huge influence for a lot of bands in the black metal genre, specifically NSBM. What's always been fairly interesting to me is how non-black metal their early recordings really sounded. \"Facta Loquuntur\" is the band's first full-length album after releasing a few demos, most of which proved to be absolute ear sores in my opinion, and the \"Thuringian Pagan Madness\" EP. Like the demos, this album adopts a sound far closer to punk and RAC with ideas borrowed from heavy metal, rather than the sound of a black metal band. Sure, they eventually began to blacken their sound quite a bit more but here, only minimal traces of black metal are present. This was definitely a rough start for Absurd in my opinion and although it's proved to be an influential, many would say classic album, it is definitely not without flaws. \n\nI will say that this is not a bad album. It's decent and can even be quite good at times. However, it is extremely dirty and unpolished. Absurd came off as more or less a garage punk/metal band. The music here is extremely simplistic, executed with a primitive production value that enhances the charm but also degrades it quite a bit. There isn't the same black metal atmosphere that lo-fi production can induce. Instead, it comes off as a few school kids jamming in a garage or their basement. Of course this really isn't hard to believe as the youngsters were, well, young. It almost sounds like these guys hadn't been playing their respective instruments that long but nevertheless, they decided to form a band. Guitars are extremely fuzzy and possess the familiar \"buzzing\" sound a lot of black metal bands incorporate and this adds a black metal influence to some of these songs. Mainly, it's the lyrical themes and vocals that lead this album to be classified as black metal, but some of the riffs are quite dark.\n\n\"Eternal Winter\" and \"The Gates of Heaven\" are both very dark songs in terms of guitar work. The lyrics also can qualify as blasphemous and anti-Christian in both of these songs, which is definitely a black metal trait:\n\n\"Jesus Christ - that's one reason why I hate you\nFall from grace - my son will kill your father\nIn eternal night, in eternal winter\" - \"Eternal Winter\"\n\n\"Where's your saviour, where hides Jesus,\nWhy isn't he at war against us?\" - \"The Gates of Heaven\"\n\nOther songs definitely include examples of blasphemous lyrics but these two songs really stick out. \"The Gates of Heaven\" is also performed with a style of clean vocals. \"Eternal Winter\" is the prime example of how simple these songs are instrumentally. The guitar riffs, while pretty cool, are extremely simple. It is because of this that I, being an amateur guitar player, have learned a few of these songs in full, \"Eternal Winter\" being one of them. The main riff is very basic and punky, but still dark. There is a solo in this song that is also only a few notes and extremely simple. Technicality is not a focus on any of these songs, period, and I'm not sure if that was on purpose or just because Absurd was an extremely amateur band at this time. Regardless, it worked. The album's main detractor remains to be the production value that sounds like it was recorded via a cassette tape recorder underneath a metal trash can while the band played their instruments around the can. It's not unlistenable but it is very harsh.\n\nThe vocals aren't bad but I can't say too much good about them, either. They're really just there because they have to be. Sebastian alternates between harsh vocals akin to black metal and cleanly sung vocals that sound a lot like chanting. Songs like \"The Gates of Heaven\" and \"Mourning Soul\" make good use of his cleans and while they don't sound too great, they accomplish the mission. The songs sound a bit more proud, I guess you can say, with these vocals. As I said before, the harsh vocals are fairly reminiscent of common black metal vocals, and I think they sound a bit better than the cleans. Although, they still come off as juvenile at times. \n\nIn terms of drums, we aren't going to find any furious blast beats here. Everything is either slower or mid-paced. Hendrik M\u00f6bus is the man behind the kit and his work fits the flow of the already simple music. I can't fault his playing because he really just supports the rest of the band here. \n\nOverall, I'd say this is a fairly average but still decent album. The production tends to be a bit \"meh\" but the music, as simple as it is, really works. Whether you call it black metal, RAC, Oi! punk, or whatever, it is still a classic and cherished by many. Absurd seems to be a band people are more familiar with because of their actions, with the infamous murder of their classmate Sandro Beyer by strangling him with an electrical cord. Yeah, they fucked up, but of course a lot of black metal bands are known due to their crimes. Oh well, I tend to focus on the music, anyway. This album is definitely unrefined and unpolished and while that may be a bit distracting, the music still works, and this is not a bad album. Later albums from Absurd would definitely be better, though.",
                    "date": "June 6th, 2016"
                },
                {
                    "title": "Absurd is no longer a German television show! - 90%",
                    "content": "Finally, after all of these shitty demos that sound like nothing more than crappy German television shows, Absurd has released some real black metal. Facta Loquunter marks Absurd's transformation from a shitty garage band to \"The Tyrant of German Black Metal\".\n\nWhile incredibly raw, Facta Loquunter is quite a few steps up from the demos. It is actually raw and aggressive beyond belief, but you can actually here everything that is going on, which is a great contrast against the demos. The music is the same music that was written and recorded in those demos, but it is finally in a form that allows it to be appreciated by the listener. Songs like \"Eternal Winter\" are of a style similar to that pioneered by the original Norwegian black metal bands. Other songs, such as the way too short \"Mourning Soul\" are simple punk style songs. \"Eternal Winter\" even has a taste of punk to it. \"Wartend In Einsamkeit\" is one of the saddest songs I have ever heard, comparable to Black Sabbath's \"Solitude\". It evokes a true feeling of solitude, but not in the rather wimpy way heard in most depressive-suicidal black metal. The song does drag on a bit, but despite its overwhelming simplicity, it is one of the greatest songs to be written by Absurd. Certain songs here really do not have much in common with most black metal. \"The Gates of Heaven\" is the best example of this. Most of the album, however, is definitely black metal, but with NWOBHM, folk, and punk influences. \"Deep Dark Forest\", as the title suggests, has a very black metal like atmosphere and sound, but it features a great amount of influence from punk.That said, the closest thing to \"Norwegian Circle\" black metal here is \"Eternal Winter\".\n\nThe technicality here is actually not all that great. None of the members of Absurd are exceptional musicians, but they sure can write good music. The feeling here is still that of a basement band, but it sounds a lot better production wise. Still, the overall feeling of the \"basement\" sound is quite nice. There are quite a few solos here, but most of them sound like the playing of a ten year old. They still are quite powerful, for some reason, they come in handy especially with \"Wartend In Einsamkeit\". The drumming is not great either. The infamous Hendrik M\u00f6bus is behind the drums here. Most of his parts are pretty simple, but sometimes, that is good for making the music seem more ominous. The bass playing really stands out to me. Sometimes, it is soft sounding, but in a few instances, it gets really heavy, almost in a Lemmy Kilmister like way. The vocals on Facta Loquunter kick ass. Dark Mark Doom provides the vocals. His style ranges from punk style clean vocals to almost Quorthon like screams, heard in theiir most intense on the extremely aggressive \"First Winter of Bloodred Snow\", a song which actually starts as a relatively mellow piece, but it quickly becomes something reminiscent of Under the Sign of the Black Mark era Bathory.\n\nWhile this may seem like a very odd note, I notice a heavy amount of Black Sabbath influence here. A lot of the album is very heavy and riff based, which reminds me a lot of early Black Sabbath. Some of the solos are even bluesy, like Iommi's playing is. It is quite odd to hear any bluesy playing on an NSBM record, or any black metal record, for that matter, but believe me, it is actually here. It adds a very interesting flavor to the black metal.\n\nWhile the songs presented here can be heard on pretty much every Absurd release, I believe that the best way to hear them is from Facta Loquunter. The sound is raw, but it remains coherent. Before listening to this, I thought that a later record was their best, but now, I think that Facta Loquunter is their best. Every black metal fan should own Facta Loquunter.",
                    "date": "January 10th, 2016"
                },
                {
                    "title": "Viking Metal Punks - 70%",
                    "content": "What a peculiar black metal album. Filosofem this ain't but I do consider this a classic album among Lords of Chaos mentionables; notoriety or not. For all its amateurishness and sometimes cheesiness, there is something original and admirable about Facta Loquuntur that makes me come back to it every time. \n\nAbsurd are probably the best known NSBM outfit but this record also sounds very German too; offering a unique insight into remnant historical traces of World War II found from that country in both the album's flaws and strengths. And so there is also something \"true\" about it; none of this Panzer Division Marduk crap. \n\nQuestionable musicianship abound: when it comes to metal soloing, the guitarist on this album makes Mantas seem like a neo-classical shredder in comparison. It is well known that Absurd bring a garage rock/punk aesthetic and marry it to a black metal sound but the placement of solos in a couple of the awesome songs should have been left out because they are laughably bad. And yet, I still like this album. \n\nMost of this material was written during the height of the second wave black metal movement but this sounds nothing like what was coming out of Norway in those days although songs Pesttanz and Eternal Winter do have some noticeable Darkthrone dissonance going on. \n\nWerwolf is the first song and pry the most punkish being that it's so catchy and basic in its simplicity of riffs and beats. It's probably the best example of a song that describes what Absurd do with their black metal sound. Absurd like to drift about between styles some. Werwolf is more Oi!/RAC based with the black metal-ness coming in the way of Nocturno Culto-like vocals but then The Gates of Heaven rolls out a folk/Viking hymn harmony with clean chanting. You'll notice the drum beats don't differ much between the two songs. Gates sounds slower but the pace is not all that different between the two when you break it down.\n\nEternal Winter is the best track on Facta Loquuntur. It starts with a riff that is as frozen as Th\u00fcringen snow. The atmosphere is cold and hateful and the pace of the song revs up and pulls away like a Tiger I tank. This song is not to be topped from the rest of the album. It\u2019s even got a bouncy bass drive throughout the song and the tinny drum slashes are quite memorable. It\u2019s funny because, this album likes to stagger its ferocity. Deep Dark Forest has a title that you would think is another typical black metal song. Well it is in that the drumming and atmosphere are in tune to the style but this would qualify as a clean sung black metal track. The drum beats are monotonous and steady meddled over listless distortion and simple patterns. The lyrics in the song are of the Viking metal variety which Absurd faintly allude to. The album cover will indicate that. And then of course there is the following song of First Winter of Blood Red Snow; a song that next to Der Sieg Ist Unser is the most straight forward and all out black metal track. But even this one is still pretty loopy. I\u2019m not sure if I like it or not because it sounds awful silly. Almost like a lampoon of something that could be on Deathcrush but with Atilla on vocals and a bad one at that. \n\nMourning Soul continues the pattern of dirty-clean alternating with this one pretty short and anthemic but dark. I think this is a good song that fits in with the rawness of the album even though at first it doesn\u2019t seem like it should. It\u2019s one of those examples of a very German spirit of the band that I mentioned above. \n\n\u201cYour soul is calling me. I see the full moon high above\u201d is the first half of a lyric that is sung as awesomely black metal but once the other half \u201cI am closing my eyes. I am dreaming of your love\u201d sounded out, I couldn\u2019t help but cringe. That\u2019s what this goofy song is called: Dreaming of Your Love. This is one of the album\u2019s moments of unintentional hilarity. Bad, bad, bad song but it still had the potential to be good which is strange but true and I also mentioned earlier about some of the atrocious guitar solos found and when I heard the one played here, I burst out laughing. The one on this song sounds like something a surf rock band would play. Same goes for the bass line: badly out of place. \n\nI think for some of these songs the band should have just sang more of them in German. For English is a highly colorful language with many nuances and idiomatic tendencies that doesn\u2019t lend itself well to the more abstract culture sensitive ideas that something in German could convey. That might have been the case for the lyrics in Dreaming of Your Love because that song came across to sound like a case of a love crush by a kvlt kiddie in English. But my point of the English lyrics on the record that I am making is more directed to the song Wartend In Einsamkeit. Yep, the title is in German (as well as some ending lyrics) but it mostly is in English. Ok, now, Absurd for better or for worse, was at this time at least, well known as a National Socialist band and since such an ideology is known for white supremacy, a lyric such as \u201cThe same black blood does run in our veins\u201d comes across as hilariously ironical. Yeah, yeah, I get the gist of what that is supposed to mean i.e. black as in \u2018black metal\u2019 or black as in \u2018bleak and evil\u2019 but in English, that comes off as a comical gaffe given the known history of Absurd. In German, I am sure the exact transcription would have been contextually accurate. It also bears noting that the line \u201cBlack blood running through my veins. We knew what we did was unacceptable\u201d is also a lyric in The Gates of Heaven. Miscegenation? Hmm. Again, my point is that these English lyrics are definitely a source of amusement in some places. Musically, Wartend In Einsamkeit doesn\u2019t go anywhere. It\u2019s a sorrowful piece reliant on a monotonous, militaristic marching drum beat and it has another horrible guitar solo. But these lyrical and musicianship flaws can still be attributed to the band\u2019s inexperience and youth. \n\nAbsurd is still around but in name only. Facta Loquuntur was an album I had to have when I heard some of Werwolf. It sounded like a great song but when I heard it all, it wasn\u2019t to be the best because there are a couple others on this album that are much better. Eternal Winter is a black metal favorite of mine. The rest of it is pretty scatter shot but I still do think this is a good album to check out if you want to hear something different from the genre. I held my expectations high and the record did not meet them but I still came away very satisfied. That\u2019s how aberrant this Absurd release is.",
                    "date": "October 23rd, 2009"
                },
                {
                    "title": "Love it/Hate It - 88%",
                    "content": "There are many bands in which people appreciate them as such, but Absurd has to be at the upper part of this balance. Fans will point out honesty of compositions, while others will be fustrated and say: IT\u2019S NOT METAL, IT\u2019S PUNK LOL. Half of them will probably mention the band\u2019s national-socialist stance. As for me, as you can see the rating (it\u2019s relative, works in context though) \u2013 I really like this release.\n\nWhat\u2019s great about this album? Well, let\u2019s do a little context here and here. In the middle 90\u2019s, most black metal bands were already adding other gimmicks, like pretty much half of an orchestra and excellent musicianship (aka wankery) to seem original or whatever, and to detract fans from their horrible compositional talent. Bands were also becoming more and more politically correct, many of them being blinded by materialism. What about Absurd? They murdered Sandro Beyer, a collegue, they\u2019re \u201cnazis\u201d (which would result that they are bad for your average Dimmu Borgir/LoG metalhead) and their musicianship is subpar. The drummer plays in countertime, the guitarist makes about 3 riffs per song using pretty much powerchords, and when the bass when present, is pretty much lousy. Also, the album sounds sloppy. And it would be better not to talk about the production (I can hear everything, but then again not everyone is that \u201ctrained\u201d).\nBut Absurd have the compositions which makes them different from the virtuoso black-prog whatever bands. It transcends both oi! Punk and black metal, and its atmosphere is great. This album manages to bring up heroic ideals from their own youthful perspective. \nThat same youth is also present at their lyrics (just look at songittles), and it\u2019s clear they wanted to appear as honest as possible.\n\nForgot to mention the vocals: They\u2019re great, clean voice chants which try to sound folkish and more aggressive black metal vocals (hybrid between typical black metal vocals and hardcore shouting, with a great german accent).\n\nIt\u2019s clear this band isn\u2019t for everyone. If you enjoy metal, hardcore, oi! and others, you\u2019ll love this, but if you\u2019re a Dream Theater/Opeth fan, you\u2019ll probably hate it and you would do better to look at some Yngwie guitar wankery.",
                    "date": "April 15th, 2008"
                },
                {
                    "title": "fuckin' a right, classic shit - 100%",
                    "content": "This is one of my most commonly listened albums. Many people out there take Absurd's old material as a joke, but they clearly don't understand its merit. This is seriously raw black metal/punk, and not only that, it has a great deal of substance. \n\nThe guitar sound has a dull analog tone with harsh scratchy distortion. Often the chords are struck so hard other strings ring out and create off-key noises. The musicianship here is amateur for sure, but this only adds to its excellent simplicity. You can expect little more than power chords and other simple formations. Either simple up and down or all down-stroked, and overallvery punky stroking patterns are used. The solos are entirely basic, and with only one guitar, the bass maintains the rhythm behind a buzzing and crunching harsh higher array of sounds. Most often the solos consist of a very easy set of single notes. The bass is dull and dead sounding, almost always audible and plunking with punky lines in the background. Occasionally the bass takes more interesting roles playing an alternate melody to the guitar's rhtyhm. The drums are almost always mid-paced using alternating patterns of single kick and snare, often using hard crashes, and always sounding very flat. Rather than using d-beat style drums, it is more like the funky patterns used in Belketre's \"The Dark Promise\". The vocals are great, no doubt about it. They are either harsh yells and screams or clean vocals with a particularly bad singing voice that really grows on you. The overall structure of the songs is either punkish with black metal overtones or more drawn out, depressive and dull.\n\nThis album has been a favourite of mine for a long time. Although its description may sound like punk deemed black metal for its production with unserious musicians, it is most certainly more than that. For all those idiot skeptics and internet bashers, fuck off.",
                    "date": "January 19th, 2007"
                },
                {
                    "title": "Mhm... - 75%",
                    "content": "I had some troubles digging this album when I listened to it in the first times yet I gradually started to enjoy it. This album, while being generally mid-paced to slow with occasional speed burps (Der Sieg ist Unser, notably.) sounds extremely sloppy, notably in drumming, but also guitar and bass-wise. The vocals alternate between cool clean chants --which are one of my favorite things to be found in this album-- and more Black Metal-like raspy, disturbing vocals. \n\nMost of the guitar work found in this album is really basic and detuned yet it may show an heroic feeling. Most songs have only 2 or 3 riffs which are generally made of power-chords and some occasional scales. Production-wise this album is poor, most of the production is too bright, fuzzy and noisy that makes the riffs' shape totally audible but doesn't show their complete force though it perodically changes song-to-song to a more distant, echoed, controled sound which makes Facta Loquuntur seem to be a compilation rathern than an actual album. Drumbeats present in this album are basic, repetitive, out of time and slowed down punk rythms. It shows the musicians were obviously not properly trained, yet they managed to record a half-way decent album. After hearing this album a few times you can easily notice Absurd wasn't trying to sound Black Metal, sure it's mostly Metal, and it has notable Black and Folk Metal elements making this album an interesting (but not so pleasant to some) Oi! Punk/Black Metal combination. Most lyrics in this album are far from NS (except Werwolf.) Being great part of the time about melancholy, anti-christianism, hate, among other related things which I think it would please the anti-NS crowd. This album was released in the post-Norwegian Black Metal period (1996, to be exact.) And it shows very little influence of it. \n\nWhy did I give this album 76? Its production is piss-poor yet listeneable and its musicianship is sub-standart, indeed. But Facta Loquuntur song-writing isn't an average Oi! punk songwriting and obviously not an average Black Metal song-writing, and like I previously said, it manages to capture some Heroic and Pagan Aeons. It's better to listen to a poorly produced album with original songwriting and aesthethic than a \"nice and neat\" band that is mediocre and everything they play has been done before. This album isn't really appropiate to any particular public. NSBM and some Black Metal fans may like it, but as in, many others would not.",
                    "date": "October 11th, 2005"
                },
                {
                    "title": "very disturbing - 84%",
                    "content": "Absurd are more famous for strangling a potential band member with a phone cord than their musical output.... they prescribe(d) to the moronic \"national socialist\" ideology, and do not seem like a band I'd be fanatical about. Yet for some reason, Facta Lunqutuur is a compelling listen. It might be Absurd's total absence of musical ability or songwriting expertise... instead of intentionally trying to create atmosphere, the atmosphere seems to create itself. \n\nThere is atmosphere abound... songs like Deep Dark Forest and Gates of Heaven are brilliant in their simplicity... no keyboards, no aimless screeching. The vocals are about 60% sung, and this guy's voice is pretty weird. For some reason alot of the vocal lines have a creepy Adam's Family/transylvania vibe, something most black metal acts fail at getting down. Mourning Soul (my favorite song, coincidentally) actually reminds me of the MISFITS of all bands.\n\nThree categories can be distinguished: upbeat attempts at traditional black metal: Der Sieg ist Under, First Winter of Bloodred Snow; mid paced, snarling BM: pesttanz, werewolf; and bizzare dirge like material that captures the \"deep dark forest\" vibe: deep dark forest, dreaming of love. \n\nYou can hear when their drummer fucks up, the guitar solos are pitiful, and the production is fuzzy... this is why Facta Luquuntur rules. Imagine a satanic garage band from the far north who have only owned their instruments for three months. Absurd is one of those bands i would not feel right in recommending... my only advice is to judge for yourself",
                    "date": "January 29th, 2003"
                }
            ],
            "songs": [
                {
                    "name": "Werwolf",
                    "length": "02:36",
                    "url": "https://www.metal-archives.com/release/ajax-view-lyrics/id/13591"
                },
                {
                    "name": "The Gates of Heaven",
                    "length": "03:15",
                    "url": "https://www.metal-archives.com/release/ajax-view-lyrics/id/13592"
                },
                {
                    "name": "Pesttanz",
                    "length": "02:46",
                    "url": "https://www.metal-archives.com/release/ajax-view-lyrics/id/13593"
                },
                {
                    "name": "Eternal Winter",
                    "length": "04:15",
                    "url": "https://www.metal-archives.com/release/ajax-view-lyrics/id/13594"
                },
                {
                    "name": "Deep Dark Forest",
                    "length": "04:54",
                    "url": "https://www.metal-archives.com/release/ajax-view-lyrics/id/13595"
                },
                {
                    "name": "First Winter of Bloodred Snow",
                    "length": "02:58",
                    "url": "https://www.metal-archives.com/release/ajax-view-lyrics/id/13596"
                },
                {
                    "name": "Mourning Soul",
                    "length": "02:12",
                    "url": "https://www.metal-archives.com/release/ajax-view-lyrics/id/13597"
                },
                {
                    "name": "Dreaming of Love",
                    "length": "04:44",
                    "url": "https://www.metal-archives.com/release/ajax-view-lyrics/id/13598"
                },
                {
                    "name": "Wartend in Einsamkeit",
                    "length": "07:07",
                    "url": "https://www.metal-archives.com/release/ajax-view-lyrics/id/13599"
                },
                {
                    "name": "Der Sieg ist unser",
                    "length": "01:44",
                    "url": "https://www.metal-archives.com/release/ajax-view-lyrics/id/13600"
                }
            ],
            "song_names": [
                "Werwolf",
                "The Gates of Heaven",
                "Pesttanz",
                "Eternal Winter",
                "Deep Dark Forest",
                "First Winter of Bloodred Snow",
                "Mourning Soul",
                "Dreaming of Love",
                "Wartend in Einsamkeit",
                "Der Sieg ist unser"
            ]
        },
        {
            "name": "Werwolfthron",
            "type": "Full-length",
            "year": 2002,
            "review_num": 0,
            "review_avg": null,
            "url": "https://www.metal-archives.com/albums/Absurd/Werwolfthron/3113",
            "reviews_url": null,
            "reviews": [],
            "songs": [
                {
                    "name": "Totentanz",
                    "length": "01:51",
                    "url": "https://www.metal-archives.com/release/ajax-view-lyrics/id/29006",
                    "darklyrics": "\n\n",
                    "darklyrics_url": "http://www.darklyrics.com/lyrics/absurd/werwolfthron.html#1"
                },
                {
                    "name": "\u00dcber die Gr\u00e4ber hinweg",
                    "length": "02:51",
                    "url": "https://www.metal-archives.com/release/ajax-view-lyrics/id/29007",
                    "darklyrics": "\nSchwarz ist die Nacht\nSchweigend steht der Wald\nSchnee bedeckt das Land\nEs ist bitterkalt\nDer Friedhof in weisse Pracht geh\u00fcllt\nDas Schweigen das Deine Seele f\u00fcllt\nDein Schatten nur ein formloser Fleck\nUnd der Wind streicht \u00fcber die Gr\u00e4ber hinweg \n\nEine schwarze Gestalt kommt auf Dich zu\nDu r\u00fchrst Dich nicht, ganz still bist Du\nDeine Erregung w\u00e4chst, als das Wesen Dich anblickt\nIst dies nicht deiner Liebe Antlitz ?!\nOder ist es nur ein Geist, der Dich neckt ?\nUnd dein Seufzen hallt \u00fcber die Gr\u00e4ber hinweg \n\nGestorben, nun wiedergekehrt\nTrauer und Sehnsucht Dich aufgezehrt\nBlut zu Blute, Fleisch zu Fleisch\nTrotz der K\u00e4lte ist Dir unglaublich heiss\nEin brennendes Verlangen, das in Dir steckt\nUnd dein Schrei klingt \u00fcber die Gr\u00e4ber hinweg \n\nSchwarz ist die Nacht\nSchweigend steht der Wald\nSchnee verh\u00fcllt die Landschaft\nEs ist bitterkalt\nDer Friedhof in weisse Pracht gekleidet\n(Stille, die die Nacht durchschneidet)\nDein Leichnam wird von Schnee bedeckt\nUnd der Tod rast \u00fcber die Gr\u00e4ber hinweg \n\n",
                    "darklyrics_url": "http://www.darklyrics.com/lyrics/absurd/werwolfthron.html#2"
                },
                {
                    "name": "Schwarzmond",
                    "length": "02:31",
                    "url": null,
                    "darklyrics": "\n\n",
                    "darklyrics_url": "http://www.darklyrics.com/lyrics/absurd/werwolfthron.html#3"
                },
                {
                    "name": "Asatr'U",
                    "length": "03:11",
                    "url": "https://www.metal-archives.com/release/ajax-view-lyrics/id/29009",
                    "darklyrics": "\n\n",
                    "darklyrics_url": "http://www.darklyrics.com/lyrics/absurd/werwolfthron.html#4"
                },
                {
                    "name": "Pavane",
                    "length": "01:22",
                    "url": "https://www.metal-archives.com/release/ajax-view-lyrics/id/29010",
                    "darklyrics": "\n\n",
                    "darklyrics_url": "http://www.darklyrics.com/lyrics/absurd/werwolfthron.html#5"
                },
                {
                    "name": "Die Kathedrale",
                    "length": "03:13",
                    "url": null,
                    "darklyrics": "\n\n",
                    "darklyrics_url": "http://www.darklyrics.com/lyrics/absurd/werwolfthron.html#6"
                },
                {
                    "name": "The Crucified",
                    "length": "00:34",
                    "url": null,
                    "darklyrics": "\n\n",
                    "darklyrics_url": "http://www.darklyrics.com/lyrics/absurd/werwolfthron.html#7"
                },
                {
                    "name": "We Don't Believe in God (YHVH)",
                    "length": "02:27",
                    "url": null,
                    "darklyrics": "\n\n",
                    "darklyrics_url": "http://www.darklyrics.com/lyrics/absurd/werwolfthron.html#8"
                },
                {
                    "name": "Die Ruhe vor dem Sturm",
                    "length": "01:45",
                    "url": "https://www.metal-archives.com/release/ajax-view-lyrics/id/29014",
                    "darklyrics": "\n\n",
                    "darklyrics_url": "http://www.darklyrics.com/lyrics/absurd/werwolfthron.html#9"
                },
                {
                    "name": "Die R\u00fcckkehr des Werwolfes",
                    "length": "03:51",
                    "url": "https://www.metal-archives.com/release/ajax-view-lyrics/id/29015",
                    "darklyrics": "\nDer Vollmond scheint in finstrer Nacht,\nEinst dachtet ihr: \"Oh welch ein Gl\u00fcck,\nwir haben den Werwolf umgebracht!\"\nDoch jetzt kehrt der Werwolf zur\u00fcck.\n\nDoch jetzt kehrt der Werwolf zur\u00fcck.\nKreischen und Schreien und Wolfsgeheul.\nNur Kreischen und Schreien und Wolfsgeheul.\nNur Kreischen und Schreien und Wolfsgeheul.\n\nIch bin der Werwolf, ich bin zur\u00fcck!\nIch habe meine Rache.\nIch breche euch allen das Genick!\nEuer Blut gerinnt in einer Lache.\n\nEuer Blut gerinnt in einer Lache\nKreischen und Schreien und Wolfsgeheul.\nNur Kreischen und Schreien und Wolfsgeheul.\nNur Kreischen und Schreien und Wolfsgeheul.\n\nIhr Untermenschen, widerliche Brut,\neinst habt ihr euch gedacht,\nihr t\u00f6tet den Werwolf dann wird alles gut.\nDoch der Vollmond scheint in finstrer Nacht!\n\nDer Vollmond scheint in finstrer Nacht.\nKreischen und Schreien und Wolfsgeheul.\nNur Kreischen und Schreien und Wolfsgeheul.\nNur Kreischen und Schreien und Wolfsgeheul.\n\n",
                    "darklyrics_url": "http://www.darklyrics.com/lyrics/absurd/werwolfthron.html#10"
                },
                {
                    "name": "Vernichtung",
                    "length": "01:13",
                    "url": null,
                    "darklyrics": "\n\n",
                    "darklyrics_url": "http://www.darklyrics.com/lyrics/absurd/werwolfthron.html#11"
                },
                {
                    "name": "Helge Hundingst\u00f6ter",
                    "length": "01:15",
                    "url": null,
                    "darklyrics": "\n\n",
                    "darklyrics_url": "http://www.darklyrics.com/lyrics/absurd/werwolfthron.html#12"
                },
                {
                    "name": "Ein Traum",
                    "length": "02:01",
                    "url": "https://www.metal-archives.com/release/ajax-view-lyrics/id/29018",
                    "darklyrics": "\n\n",
                    "darklyrics_url": "http://www.darklyrics.com/lyrics/absurd/werwolfthron.html#13"
                },
                {
                    "name": "Heaven in Blood",
                    "length": "02:02",
                    "url": "https://www.metal-archives.com/release/ajax-view-lyrics/id/29019",
                    "darklyrics": "\nWhite are the Wings of the Angels,\r\nwhite is their heaven, white are their clouds.\r\nBright the golden sun shines down,\r\nsparkling the words out of God\u00b4s mouth.\r\nToo long God\u00b4s reign has been lasting -\r\nTime to end it, Hell rise Up!\r\nWrought a bloodbath in Paradise,\r\nbrave Satan\u2019s legions can\u2019t be stopped!!!\n\r\nThrashing and Burning and Hacking and Slaying -\r\nblood pours from Heaven, like rain from the Sky!\n\n\r\nHeaven in Blood!\r\nHeaven in Blood!\r\nHeaven in Blood!\r\nHeaven in Blood!\n\r\nRed are the broken wings of dead Angels,\r\nred is their heaven, red are their clouds.\r\nSilver the freezing moon shines down,\r\nBlazing the words out of Satan\u2019s mouth!\r\nDeep within the lake of fire -\r\nthe lamb of god- my scorn!\r\nThe final battle against heavens army,\r\nby the Antichrist has been won!\n\r\nHeaven in Blood!\r\nHeaven in Blood!\r\nHeaven in Blood!\r\nHeaven in Blood!\n\n",
                    "darklyrics_url": "http://www.darklyrics.com/lyrics/absurd/werwolfthron.html#14"
                },
                {
                    "name": "Pal\u00e4stinalied",
                    "length": "02:45",
                    "url": "https://www.metal-archives.com/release/ajax-view-lyrics/id/29020",
                    "darklyrics": "\n\n\n\n\n",
                    "darklyrics_url": "http://www.darklyrics.com/lyrics/absurd/werwolfthron.html#15"
                }
            ],
            "song_names": [
                "Totentanz",
                "\u00dcber die Gr\u00e4ber hinweg",
                "Schwarzmond",
                "Asatr'U",
                "Pavane",
                "Die Kathedrale",
                "The Crucified",
                "We Don't Believe in God (YHVH)",
                "Die Ruhe vor dem Sturm",
                "Die R\u00fcckkehr des Werwolfes",
                "Vernichtung",
                "Helge Hundingst\u00f6ter",
                "Ein Traum",
                "Heaven in Blood",
                "Pal\u00e4stinalied"
            ]
        },
        {
            "name": "Totenlieder",
            "type": "Full-length",
            "year": 2003,
            "review_num": 4,
            "review_avg": 88,
            "url": "https://www.metal-archives.com/albums/Absurd/Totenlieder/32124",
            "reviews_url": "https://www.metal-archives.com/reviews/Absurd/Totenlieder/32124/",
            "reviews": [
                {
                    "title": "What started something amazing... - 94%",
                    "content": "Absurd is a black metal band from Germany and their career has been highly controversial due to the murder of 15 year old classmate Sandro Beyer in the early 1990s. Around this time, the band's sound was more of RAC and Oi! punk mixed with black metal, but the main reason for even considering the band's early work black metal is the raw, primitive production and dark sound. Musically, this band was not that talented and had obviously just started playing.\n\nMusically, \"Totenlieder\" differs greatly from the band's previous full-length studio records: \"Facta Loquuntur\" from 1996 and \"Werwolfthron\" from 2001. While those two albums were heavily punk-influenced, the latter even more so, this album is probably Absurd's first recording to truly sound almost completely black metal. While the punk influences are still here in small amounts (and usually unnoticeable), this record serves as a major turning point and transitional album in Absurd's career. Also, this marks Absurd's first attempt at providing a folk-influenced sound. The opening track, \"In die Schlacht\", definitely shows folk influence in the riffs, especially the ones in the intro of the song. There is also an acoustic section in this track, and wow is it amazing. It is accompanied by a folksy riff on the electric guitar. This album is actually not all that fast-paced either, as it tends to stay in the realm of slow to mid-paced tempos. It is raw, but not nearly as raw as their early releases, which actually makes the music a whole lot more enjoyable as the listener can easily dissect what he/she is hearing. Also, I believe this is Absurd's first full-length to contain the lyrics only in German, as not one track is English. Vocally, it's good. This is really my only complaint: they seem too fast at times. Like, faster than necessary. The vocals are good, but I have heard much better and I only wish they were more consistent. Still, it doesn't really affect the album too much.\n\nAll in all, \"Totenlieder\" is a great record from a great band. Fans of Temnozor, Nokturnal Mortum, and other bands that play black metal with folksy sounds will eat this up.",
                    "date": "April 25th, 2012"
                },
                {
                    "title": "A world apart from their early days - 83%",
                    "content": "Absurd are a band that have become legendary throughout the black metal scene. However, the legacy is not for their music, but for the deeds of a couple of their past members, Hendrik Mobus in particular, which overshadowed all else. \n\nSo, what of their music? Well, their early material was very basic, badly produced and to be honest, not that great \u2013 a poor mans impression of the generic punkish R.A.C styled black metal which was becoming popular around the time. However, fast forward to 2003, with several line up changes and a new vision, Totenlieder was released on the unsuspecting public, simultaneously changing my view of the band completely and garnering new found respect amongst underground fanatics all over. Totenlieder certainly has black metal at its core, but it's so much more than that. Opening with 'In Die Schlacht', it has a great folkish vibe similar to that done so well by Velimor and Temnozor, with great melody, arrangement and hook laden tunefully black compositions. There's intuitive use of melodic guitar lines over the backing riffs which works really well, especially when mixed with bright acoustic passages \u2013 it's all very mid-paced and cadenced, not to mention Germanic and patriotic\u2013 what more would you expect from a band like Absurd? There are even some tracks ('Nordm\u00e4nnerlied' in particular) that remind me of Falkenbach at times, pushing the folky edge further still. The vocals are uniquely raw and squawked (which suits the harsh German lyrics perfectly), but may take a bit of getting used to upon first listen for some. \n\nAll in all, this is actually a damn decent album, and a world apart from the material that the band released prior to it. So, if you've never checked the band out before and want to, I'd advise no better place to start than by picking this album up \u2013 mature, folk influenced and well conceived music. \n\nOriginally written for www.metalcrypt.com",
                    "date": "June 30th, 2011"
                },
                {
                    "title": "Unique style done well - 80%",
                    "content": "Early Norwegian Black metal is in my opinion unparalleled for its uniqueness and its originality of course. It also seems half the bands are in jail for church burnings or murders. Of the bands in jail (although not Norwegian, but certainly Norwegian inspired), Absurd is a damn good one, with good and bad albums they know how to make unique rhythmic, atmospheric, and unique music. Perhaps because of the bands violent history or perhaps just because of musical talent, these guys are able to make a unique and enjoyable album, although not as straight forward or universally appealing as other mainstream bands like Carpathian Forest or Marduk (those fuckers).\n\nAlthough this album is unique and different, it may not be because I am sure other bands have done this, but when done poorly it can sound very bad. So Totenlieder does not deserves points for uniqueness, they deserve points for doing a unique and somewhat difficult type of black metal to master so well. The song structures vary, but at the core you will find a rhythm based song with a focus on rhythm and flowing vocals. At times the force of the rhythm can be carried out with either a raw buzz saw type guitar (washed out usually, this is done most of the time), acoustic guitar, or some sort of bass. The songs have no discernable centralized structure, more or less they are rhythmic rants that sound is folkish in nature. An odd but appropriate description of how the songs sound is like a combination of folk structure/vocals and propaganda speech/singing/speaking. This is largely due to the vocals, which although are clearly black metal, are also quite different. They have little to no tone of hate in them, nor do they carry a lot of power or energy like the vocals or bands like Immortal or Carpathian Forest. They are delivered in one of two ways, when the song focuses on rhythm through various or even one instrument they tend to sing along with them, when little rhythm is present and the song takes on a chaotic or folkish jam tome, they become choppy to accommodate the sparatic and chaotic music. The album can range from slow to mid paced, it is rarely fast paced, most songs have a folkish Germanic feel to them, all are unique in the sense of their structure and difference from other more popular black metal bands. Melodic riffs can be found throughout the album, which adds a melancholic and somber atmosphere. The only thing that turned me off was at times the vocals were to fast and incoherent, which usually isn\u2019t a problem for black metal, but here it doesn\u2019t work because the music isn\u2019t very loud to begin with nor is it fast, so these vocals clashed with the tone and speed of the songs, but they do at to the sometimes (but not often) present dirty/jam sound.\n\nTotenlieder is for anyone who likes to try different black metal and/or likes folk undertones and rhythm based black metal. The album has little turn offs aside from at times to fast and incoherent vocals. Not bad at all for a 2003, consider all the poser black metal bands and other crap out there. Buy if you like something different or unique, not for fans of aggressive (in terms of loud and blatant black metal) black metal or clean black metal. For only the minor vocal problems on a few songs it falls short of being great.",
                    "date": "October 9th, 2005"
                },
                {
                    "title": "Absurd at it's best - 93%",
                    "content": "We all know Absurd, at least for the murder of Sandro Beyer, and maybe for their music, which up to this release was not that spectacular. I would not agree that the music sucked. It sure was simple and badly produced music, but it had a certain atmosphere, which made them somehow unique, not good, but unique. Still it did not hurt not to know them.\n\nBut then their \"Totenlieder\" was released. You should not expect the music to be very technical or pretentious, it remains quite simple, but in this case it is more a strength than a weakness, as for their unique style is combined with improvement in songwriting and production. The songs are perfect to shout along and so many songs are best described as hymns. Especially \"Nordm\u00e4nnerlied\", \"Wolfsherz\", \"Der Hammer zerschmettert das Kreuz\" and \"Wenn Walk\u00fcren reiten\" , which are my four favorites on this album. As already mentioned, the production is really good this time. It is far away from being overproduced and still has a little rawness in it. The melodies are really great and don't get boring for a long time. \n\nSo, if you want an album with great melodies, a perfect production (for this kind of music) and full of hymns to shout along (if you can speak german ;) ), this should be your choice.",
                    "date": "June 2nd, 2004"
                }
            ],
            "songs": [
                {
                    "name": "In die Schlacht",
                    "length": "05:54",
                    "url": "https://www.metal-archives.com/release/ajax-view-lyrics/id/247821",
                    "darklyrics": "\n\nEisig ist die Nacht, und der R\u00f6sser dumpfer Hufschlag dr\u00f6hnt\nSchneessturm peitscht das Land, unsre Haare wehen wild im Wind\nVoll Blutdurst jeder Ger und der Stahl singt kalt und Silberhell\nSo geht es in der Schlacht, wir erreichen die Feinde schnell\n\n\nDem Feind entgegen ohne Zagen, niemand wei\u00df, wer wiederkehrt\n\u00c4xte spalten Sch\u00e4del, rotgetr\u00e4nkt ist jedes Schwert\nAus tausend Wunden str\u00f6mt es warm, am Kriegerblut der Grund sich labt\nUnd Schlachtendonner hallt aus dem Nebeldunst, der blutrot wabt\nManche Br\u00fcnne bricht entzwei, mancher Helm gibt preis das Hirn\nGen Walhall' ziehn tote Helden auf den R\u00f6ssern der Walk\u00fcr'n\nWotan schleudert Blitze wild und Donar schwingt den Hammer stark\nFeinde werd'n gemetzelt in dieser rasend-w\u00fcsten Schlacht\n\n\nDie Feinde sind zerschlagen nun, wie welkes Laub vom Wind verweht\nStolz hebt die Eisenfaust zum Gru\u00dfe f\u00fcr alles das, was ewig steht\nWann immer sich ein Gegner naht, gedenken wir des Blutschwurs treu\nDann geht es auf zur n\u00e4chsten Schlacht, da\u00df stehts das Land bewehret sei\n\n",
                    "darklyrics_url": "http://www.darklyrics.com/lyrics/absurd/totenlieder.html#1"
                },
                {
                    "name": "Nordm\u00e4nnerlied",
                    "length": "04:22",
                    "url": "https://www.metal-archives.com/release/ajax-view-lyrics/id/247822",
                    "darklyrics": "\nDer Abend kommt und die Herbstluft weht,\nReifk\u00e4lte spinnt um die Tannen,\nOh Kreuz und Buch und M\u00f6nchsgebet\nWir m\u00fcssen Alle von dannen.\n\nDie Heimath wird d\u00e4mmernt und dunkel und alt,\nTr\u00fcb rinnen die heiligen Quellen:\nDu g\u00f6tterumschwebter, du gr\u00fcner Wald,\nSchon blitzt die Axt, dich zu f\u00e4llen!\n\nUnd wir ziehen stumm, ein geschlagen Heer,\nErloschen sind unsere Sterne\nOh Island, du eisiger Fels im Meer,\nSteig auf aus m\u00e4chtiger Ferne.\n\nSteig auf und empfah unser rieseig Geschlecht\nAuf geschn\u00e4belten Schiffen kommen\nDie alten G\u00f6tter, das alte Recht,\nDie alten Nordm\u00e4nner geschwommen.\n\nWo der Feuerberg loht, Glutasche f\u00e4llt,\nSturmwogen die Ufer umsch\u00e4umen,\nAuf dir, du trotziges Ende der Welt,\nDie Winternacht woll'n wir vertr\u00e4umen\n\n\n\n",
                    "darklyrics_url": "http://www.darklyrics.com/lyrics/absurd/totenlieder.html#2"
                },
                {
                    "name": "Stahl blitzt kalt",
                    "length": "04:02",
                    "url": "https://www.metal-archives.com/release/ajax-view-lyrics/id/247823",
                    "darklyrics": "\nDonner br\u00fcllt wild, Strum peitscht das Land\nEin goldener Schild blitzt in der Maidenhand\nDer Hufe schlagt hallt durch die raue Nacht\nUnd weithin erschallt\nDer Ruf der Walk\u00fcren zur Schlacht\n\n\nStahlblitzt kalt und Algiz gl\u00fcht auf der Walk\u00fcren Schild\nHerrians Tochter dr\u00e4ngt zum Tod, ihr Schlachtenruf gellt wild\nDie Br\u00fcnne birst dein Leben flieht - Ruhm, Sieh, Tod\n\nStahl blitzt kalt und singt sein Lied, f\u00e4rbt sich am tiefen Rot\n\nHell singt der Stahl und schm\u00fcckt sich mit rot\nIn endloser Zahl gr\u00fc\u00dfen Krieger den Tod\nDie Helbr\u00fccke bebt unter ihrem Schritt\nDen Schlachtentod durchlebt\nWer auf jener Walstatt stritt\n\n\nStahl blitzt kalt und Algiz gl\u00fcht auf der Walk\u00fcren Schild\nHerrians Tochter dr\u00e4ngt zum Tod, ihr Schlachtenruf gellt wild\nDie Br\u00fcnne birst dein Leben flieht - Ruhm, Sieg, Tod\n\nStahl blitzt kalt und singt sein Lied, f\u00e4rbt sich am tiefen Rot\n\n\nStahl blitzt kalt in glei\u00dfendem Licht\nDer Schlachtruf erschallt, manche Stimme bricht\nWirst du noch sehen, wie der neue Tag graut?\nWirst du bestehen\nOder r\u00f6cheln den Todeslaut\n\n\nStahl blitzt kalt und Algiz gl\u00fcht auf der Walk\u00fcren Schild\nHerrians Tochter dr\u00e4ngt zum Tod, ihr Schlachtenruf gellt wild\nDie Br\u00fcnne birst dein Leben flieht - Ruhm, Sieg, Tod\n\nStahl blitzt kalt und singt sein Lied, f\u00e4rbt sich am tiefen Rot\n\n",
                    "darklyrics_url": "http://www.darklyrics.com/lyrics/absurd/totenlieder.html#3"
                },
                {
                    "name": "Der Hammer zerschmettert das Kreuz",
                    "length": "02:48",
                    "url": "https://www.metal-archives.com/release/ajax-view-lyrics/id/247824",
                    "darklyrics": "\n\nRaben kreisen hoch am Himmel, halten stille Wacht\nEisig weht der Wind von Norden, der die Glut entfacht\nFeindesherrschaft muss vergehen, fremder Glaube f\u00e4llt\nHammerschlag malmt zu Vergang'nem, die das Kreuz erw\u00e4hlt\n\n\nDer Hammer zerschmettert das Kreuz... Und der Sturm weht all's\nFremde hinfort\nZwei Raben kreisen, um in Asgard zu k\u00fcnden was geschieht an diesem ort\n\n\nFeurig loht das Sonnenrad, zieht dr\u00e4uend seine Bahn\nSchickt sein Licht zu uns hernieder auf den Schlachtenplan\nHeidenkraft steht wider jene, die das Kreuz gebracht\nSchwert und Hammer senden sie in ewigliche Nacht\n\n\nDunkler rauch steigt auf zum Himmel, nur noch Asche bleibt\nSeinen Weg mit Macht sich bahnend mancher Eichspro\u00df trieb\nAlte Weisen klingen neu hin durch das Heimatland\nHeil'ge Haine wieder, wo manch' Feindhaus stand\n\n",
                    "darklyrics_url": "http://www.darklyrics.com/lyrics/absurd/totenlieder.html#4"
                },
                {
                    "name": "Gemetzel in der Felsenschlucht",
                    "length": "02:56",
                    "url": "https://www.metal-archives.com/release/ajax-view-lyrics/id/247825",
                    "darklyrics": "\n\nSchroffe Felsen ragen hoch, der dunkle Wald steht still,\nDie Abendnebel senken sich herab\nWei\u00dfe Schwaden wogen durch zerkl\u00fcftets Gesteinsmassiv,\n's ist alles trostlos grausig wie ein Grab\n\n\nFurchtsam reitet Christenvolk den Weg hinab zur festen Burg,\nSie suchen Schutz bei ihrem Christengott\nEin Eichenhain ward abgebrannt, so ist ihr Tagwerk wohl getan,\nNun f\u00fcrchten sie der Heiden Rache... Tod!!!\n\n\nUnd finster wird's nun zu der Nacht, der Stahl harrt fest in jeder Hand,\nDer Sturm bricht los mit lautem Donnerschlag\nDie Christen wappnen sich geschwinden, ein wildes K\u00e4mpen hebt nun an\nUnd keiner soll mehr seh'n den n\u00e4chsten Tag\n\n\nDer Nebel d\u00e4mpft den Schlachtenl\u00e4rm, die Nacht h\u00fcllt g\u00fctig ein\nDen Anblick der Erschlag'nen und des Bluts\nDie Christen haben nun den Preis bezahlt und leise raunt der Wind\n... Von dem Gemetzel in der Felsenschlucht\n\nDie Christen haben nun den Preis bezahlt und leise raunt der Wind\n... Von dem Gemetzel in der Felsenschlucht\n\n",
                    "darklyrics_url": "http://www.darklyrics.com/lyrics/absurd/totenlieder.html#5"
                },
                {
                    "name": "Der scharlachrote Tod",
                    "length": "02:12",
                    "url": "https://www.metal-archives.com/release/ajax-view-lyrics/id/247826",
                    "darklyrics": "\nKeuchend, sich mit Tr\u00e4gheit schleppend\nN\u00e4hert sich der rote Tod\nGrinsend, seine F\u00e4ulnis leckend\nLechzt er nach der Opfer Blut\nNiemand kann ich kommen sehen\nJuden, Christen, alle gleich.\nKeiner wird ihm je entkommen\nAlle holt er in sein Reich!\n\nSchreiend und sich w\u00fcrgend winden\nOpfer ihren Tod nun finden\nDer Rote sitz auf der Totenschar\nDie Pocken morden wunderbar!\n\nOhne Gnade, schreiend lachend\nEr sich seine Opfer greift\nNiemand kann ihm je entkommen\nSeine Forke totrot hei\u00dft!\nDenn nach dem Tode kommt kein Jenseits\nDer Rote h\u00e4lt die Seelen fest\nSeine Br\u00fcder nicht weniger blutig\nIhre Namen F\u00e4ulnis und Pest!\n\n",
                    "darklyrics_url": "http://www.darklyrics.com/lyrics/absurd/totenlieder.html#6"
                },
                {
                    "name": "Wolfsherz",
                    "length": "03:09",
                    "url": "https://www.metal-archives.com/release/ajax-view-lyrics/id/247827",
                    "darklyrics": "\n\nSturm durchpeitscht die finst're Nacht, von Ferne her t\u00f6nt\nWolfsgesang\nSchaurig schallt, und doch so traulich, dieser Klang' vergess'ne\nKlang\nBleich und Ewig scheint der Vollmond auf den tiefen, dunklen Wald\nFahl erleuchtend diesen Ort, heidnisch, magisch und uralt\nUnd in mir erwacht ein Sehnen, Geifer tropft aus meinem Mund\nMeine Klauen stehen fest auf dem weichen Waldesgrund\nMeine wei\u00dfen F\u00e4nge blitzten, gierig und voll J\u00e4gerslust\nUnheilvoll schl\u00e4gt nun mein Wolfsherz tief, tief in meiner Brust\n\n\nWild geht's \u00fcber dunkle Pfade bei des fahlen Mondes Schein\nMeines Herzens' Rufen folg ich - Diese Nacht wird ewig sein!\nDurch die W\u00e4lder ohne Rasten, hungrig und voll dunkler Gier\nUnd durch k\u00fchle Auen streif' ich, bald schon, bald bin ich bei dir\nUnd mein Lauf wird schnell und schneller, Geifer tropft aus meinem\nMund,\nUnter meinen Klauen sp\u00fcr' ich fast nicht mehr den weichen Grund\nMeine wei\u00dfen F\u00e4nge blitzten, gierig und voll J\u00e4gerslust\nUnd mein Wolfsherz  schl\u00e4gt gar greulich tief, tief drin in meiner\nBrust\n\n",
                    "darklyrics_url": "http://www.darklyrics.com/lyrics/absurd/totenlieder.html#7"
                },
                {
                    "name": "Nachtraunen",
                    "length": "03:21",
                    "url": "https://www.metal-archives.com/release/ajax-view-lyrics/id/247828",
                    "darklyrics": "\n\nLeis' rauschen die W\u00e4lder, still senkt sich die Nacht, ruhlos und kalt raunt der Wind\nDie Schwerter, sie blitzten  in st\u00e4hlerner Pracht, weil bald schon die Schlacht beginnt\nDie Schwerter, sie blitzten  in st\u00e4hlerner Pracht, weil bald schon die Schlacht beginnt\n\n\nDer hufschlag der Pferde r\u00fchrt donnernd den Grund, schnell geht der Ritt \u00fcbers Land\nDer Tod reitet mit uns zur Mitternachtsstund' und der Stahl harret kalt in der Hand\nDer Tod reitet mit uns zur Mitternachtsstund' und der Stahl harret kalt in der Hand\n\n\nSchaut, wie die Feinde dort wider uns stehn, sie tragen ihr Kreuz k\u00fchn vorran\nDoch m\u00fcssen sie bald schon ihr Ende sehn, denn das alte Rad zieht seine Bahn\nDoch m\u00fcssen sie bald schon ihr Ende sehn, denn das alte Rad zieht seine Bahn\n\n\nStahl trifft auf Stahl da\u00df es Funken schl\u00e4gt, wir f\u00fchren die Waffen in namenloser Wut\nWeh dem, der das Haupt noch auf den Schultern tr\u00e4gt - Wir tr\u00e4nken den Boden mit Christenblut\n\nIhre Gottesh\u00e4user fallen durch Surturs Hand, gewalt'ge Heidenfeuer erhellen die Nacht\nSie brennen wie zu Ahnenzeiten \u00fcberall im Land, der Sieg is ewig unser, gewonnen die Schlacht!\n\n\nLeis' rauschen die W\u00e4lder in flammender Nacht, vom Sieg singt weithin der Wind\nDie Schwerter, sie blitzten  in st\u00e4hlerner Pracht und das Heidenzeitalter beginnt\nDie Schwerter, sie blitzten  in st\u00e4hlerner Pracht und das Heidenzeitalter beginnt\n\n",
                    "darklyrics_url": "http://www.darklyrics.com/lyrics/absurd/totenlieder.html#8"
                },
                {
                    "name": "Sturm",
                    "length": "02:38",
                    "url": "https://www.metal-archives.com/release/ajax-view-lyrics/id/247829",
                    "darklyrics": "\n\nAus trostloser \u00d6dnis vergessener T\u00e4ler flammet empor verzehrender Brand\nMein Blick schweift finster, durchgl\u00fcht vom Rot, loderndes Feuer in meiner Hand\nUnd Stahl k\u00fchlt die Stirne und Eis k\u00fchlt das Herz, und donnernt erhebt sich die uralte Macht\nUnd los bricht der Froststurm hin \u00fcber die Welt, und Winterheim strahlt in herrlicher Pracht\n\n\nUnd los bricht der Froststurm mit singenden Schwertern, geschwungenen \u00c4xten und eisigem Tod\nUnd wild spritzt das Feindblut, und halb gefriert's, so schm\u00fcckt sich der Grund mit glitzerndem Rot\nWeit klingen die stolzesten Lieder Germaniens, ein Heil! schallt dem Siege zu Mittwinternacht\nUnd fort rast der Frossturm, kein Reich bleibt dem Feind, Germanien steht wieder in herrlicher Pracht\n\n\nUnd los bricht der Froststurm mit eiserner Hand\nUnd wild spritzt das Feindblut\nEin Heil! schallt dem Siege zu Mittwinternacht\nGermanien steht wieder in herrlicher Pracht\n\n",
                    "darklyrics_url": "http://www.darklyrics.com/lyrics/absurd/totenlieder.html#9"
                },
                {
                    "name": "Wenn Walk\u00fcren reiten",
                    "length": "04:19",
                    "url": "https://www.metal-archives.com/release/ajax-view-lyrics/id/247830",
                    "darklyrics": "\n\nWotan entsendet seine T\u00f6chter wohl auf das Schlachtenfeld\nAuserw\u00e4hlt, um zu erwecken, wer im Kampfe f\u00e4llt\nHehre Krieger, mutig, treu dem Stahl\nWalk\u00fcren tragen sie nach Walhall'\n\n\nR\u00f6sser schnauben, Hufe schlagen, wohlan zum Todesritt\nErneut erwachen wird nur der, der ehrenhaft im Kampfe stritt\n\n\nTodesmutig, kampfentschlossen st\u00fcrmen die Krieger voran\nKeiner wird dem Feinde weichen, f\u00e4llt auch der F\u00fchrersmann\nZeit des Krieges ist Zeit der Ehr'\nGewi\u00df der ewigen Wiederkehr\n\n\nSchwerter klirren, Helden fallen, rot f\u00e4rbt sich der Grund\nSchreie halln im Schlachtendonner, Blutdurst herrscht zur Stund'\nDer Tod kommt schnell, wenn Recken streiten\nDer Tod kommt wenn Walk\u00fcren reiten\n\n\nSieh dort, den erschlagenen Helden, bei ihm kniet die Schildmaid\nWischt das Blut ihm von der Stirne, verharrt an seiner Seit'\nSie k\u00fcsst ihn und er \u00f6ffnet die Augen, aufs Pferd nimmt sie ihn\n\u00dcber Bifr\u00f6st wird ihr Ritt nun gehn, (um) un Walhalla einzuziehn\nHeldentod ist der Lohn der Schlacht\nWenn der Krieger vom Ku\u00df der Maid erwacht\n\n\n\n\n",
                    "darklyrics_url": "http://www.darklyrics.com/lyrics/absurd/totenlieder.html#10"
                }
            ],
            "song_names": [
                "In die Schlacht",
                "Nordm\u00e4nnerlied",
                "Stahl blitzt kalt",
                "Der Hammer zerschmettert das Kreuz",
                "Gemetzel in der Felsenschlucht",
                "Der scharlachrote Tod",
                "Wolfsherz",
                "Nachtraunen",
                "Sturm",
                "Wenn Walk\u00fcren reiten"
            ]
        },
        {
            "name": "Blutgericht",
            "type": "Full-length",
            "year": 2005,
            "review_num": 2,
            "review_avg": 74,
            "url": "https://www.metal-archives.com/albums/Absurd/Blutgericht/434547",
            "reviews_url": "https://www.metal-archives.com/reviews/Absurd/Blutgericht/434547/",
            "reviews": [
                {
                    "title": "Hooligan Black Metal - 80%",
                    "content": "When talking about black metal, most people think of satanic music, made in the frozen lands of Norway. Composed by frustrated youth and outcasts of society. That time is long gone. Only a few good bands in Norway keep the anti-commercial spirit. For me the main black metal country's are Germany and France. In France we have got the great Deathspell Omega, Antaeus, Mutiilation etc. and from Germany we have got Absurd (and some rip-offs). \n\nThis album is the second with a \"new style\". Previous we had Totenlieder, which is a great album too. Before Totenlieder there were several albums with a more underground/lo-fi sound. I really enjoyed this period of Absurd, but some songs on Werwolfthron were allready boring when I first listened to it. Why? Because all those songs are in the same style and have the same production as Facta Loquntuur. With Totenlieder, I think they made an excellent turn in their style.\n\nAllthough Blutgericht has a lot of aspects from Totenlieder, there is another more folky sound in this album. It has a high sing along value, and some easy to listen songs. I would label this as: Hooligan Black Metal. Blutgericht is some sort of mixture between Black metal and RAC (This is probably the reason a lot of skinheads like Absurd an others). This mixture can be best heard through the vocals, which are not like the typical black metal pitches and also not the typical yelling you hear in RAC. The melodies also have a lot of RAC influences: they are rather simple and the lyrics fit perfectly in to it.\n\nAll in all a very good album, buy it when you have the chance, it is definitely worth your money. http://w-t-c.org/, http://www.christhuntproductions.de/, this is where you can find the CD version of the album.",
                    "date": "December 25th, 2008"
                },
                {
                    "title": "Bwahahahaaa! Rabbi and Akon, prepare yourselves! - 68%",
                    "content": "Oh well, here they are, the veeeery infamous and derided Absurd of Germany. I've never thought that it would come a day for me to say that, but these folks are absurdly cheesy on this album. Not that it would be an unforgivable flaw, since in our times a whole genre can be turned to a truck of stinkus cheese (Avantasia and the list goes on, for fans of \"pounding\" melodic yoghurt). \nAbsurd's cheesiness consists of a more melo-death (!?) oriented songwriting and riffing style, sometimes interfering with doom, folk or punk. That's the way it goes all across this album. I won't complain about this, if I remember the shit that Absurd poured during their \"NS black/punk\" period. These riffs are much better written than those in their earlier works (though it sounds more like standard melo-death/folk than goofy punk black; at least \"goofy\" has a sense of personality, you know). I suppose that there are and will be voices that, unlike mine, would be able to claim that earlier Absurd were geniuses and later Absurd are floating like farts in a diluted melodic atmosphere (oh yeah, did I forget to mention that awesome loud guitar tone?) \nI didn't encounter any tensions with the drumming, except those bloated moments when the drummer hits the snare and cymbals while hitting the pedals in a \"militaristic\" style. That always got me wondering when the fuck would they pull a straightforward rhythm and cut the crap. \nBut there always has to be an ugly duckling. And that is the vocalist. Does he deserve a bowl of nails to eat. Man, I am aware of the fact that you are sincere and proud, but that's not an excuse for being proud and nationalistic, while spewing out those quacks. Check him out in Totentanzlied Aus Flandern and then bow to such a wonder of a vocal. Daffy is a highly-spirited aesthete compared to him. He sounds like a drunken mallard ready for a relentless guerilla war. \nIn short, this album is a decent one and has some nice melodies that may catch you from the first listen. Still, it hasn't any melody or song that would detach as a potential classic. It's good for several listens an that's all, but who knows, maybe a fan of this album lies within you.",
                    "date": "January 7th, 2008"
                }
            ],
            "songs": [
                {
                    "name": "Gottloses Mordgesindel",
                    "length": "05:40",
                    "url": "https://www.metal-archives.com/release/ajax-view-lyrics/id/532673",
                    "darklyrics": "\nIm Zwielicht des Waldes\nZu sp\u00e4tfinstrer Stunde\nTrafen M\u00e4nner zusammen\nMit dem Alten im Bunde\nZu besiegeln die Bande\nDie man sich geschworen\nIm Goldschein von Flammen\nWar der Orden geboren\n\nDa\u00df dieser Plan der Raubritterschar\nZuwider dem Willen der Pfaffen war\nIst wohl gewi\u00df, denn der Kirchenbann\nTraf bald schon die Recken, Mann f\u00fcr Mann\nSeit jeher lag heidnischer Opfertrank\nIhnen mehr als Beichtstuhl und Kirchengang\nDer Kniefall vor Christus war nichts f\u00fcr die Ritter\nLieber stehend sterben im Eisengewitter\n\nBlitzende Schwerter, Eisernes Heer\nRaubritterorden - Germanias Wehr\nBrennende Kl\u00f6ster, Sterbende Pfaffen\nHeiden in eherner R\u00fcstung und Waffen\nDas Sonnenradbanner in st\u00e4hlerner Hand\nWotans Sturm brauste wild durch das Land\nWohin sie auch kamen, ein Stechen und Raufen\nDas war Germanias Raubritterhaufen!\n\nSie waren Ketzer\nGanz ruchlose Heiden\nGegen Krone und Kreuz\nGef\u00fcrchtet von beiden\nBeugen sich nie dem Gott der Hebr\u00e4er\nDie Geister der Ahnen warn ihnen stets n\u00e4her\nDie Ritter von einst sind l\u00e4ngst schon gestorben\nDoch ihre Geister, sie rufen von Norden\n\nBlitzende Schwerter, Eisernes Heer\nRaubritterorden - Germanias Wehr\nBrennende Kl\u00f6ster, Sterbende Pfaffen\nHeiden in eherner R\u00fcstung und Waffen\nDas Sonnenradbanner in st\u00e4hlerner Hand\nWotans Sturm brauste wild durch das Land\nWohin sie auch kamen, ein Stechen und Raufen\nDas war Germanias Raubritterhaufen!\n\n",
                    "darklyrics_url": "http://www.darklyrics.com/lyrics/absurd/blutgericht.html#1"
                },
                {
                    "name": "Heidenwut",
                    "length": "02:40",
                    "url": "https://www.metal-archives.com/release/ajax-view-lyrics/id/532674",
                    "darklyrics": "\nIhre schwachen Leiber liegen\nAls Zeugnisse der Schlacht\nAuf der Wallstatt blutig\nVerheeret von unsrer Macht\nKeiner von den Dienern\nDes Gottessohns entkam\nAls der Schicksalslauf\nDie letzte Wendung nahm\nWir waren nur noch wenige\nVom guten alten Blut\nIhre \u00dcbermacht\nGab ihnen Siegesmut\nSie glaubten uns am Boden\nT\u00f6richte Christenbrut\nDoch damit untersch\u00e4tzten sie\nDie alte Heidenwut!\n\nBenutzte Schwerter rosten nie\nIn rasendem Heldenzorn\nWie der Schnitter gingen wir durch ihre Reihen\nRan an den Feind stets nur nach vorn\nF\u00fcr uns galt nur Sieg oder Walhall\nKriegsrunen raunend statt... flehen\nIm letzten Licht der goldenen Sonne\nSah ihr Gott sie untergehen\n\nDas war ein stolzer Tag\nF\u00fcr unsern starken Heerverband\nUnd die Schande des fremden Gottes\nWeggewischt aus dem Heidenland!\n\nGl\u00e4nzender Stahl in F\u00e4usten aus Eisen\nEinem entfesselten Wintersturm gleich\nMit Hagalstrom und Thurisazklinge\nLodern die Flammen auf dem alten Reich\nLang ist her seit dieser Schlacht\nDoch der Kampf ist doch nicht vorbei\nLiegen unsere H\u00e4nde auch in Ketten\nUnsere Herzen sind frei!\n\nIhre \u00dcbermacht\nGab ihnen Siegesmut\nSie glaubten uns am Boden\nT\u00f6richte Christenbrut\nDoch damit untersch\u00e4tzten sie\nDie alte Heidenwut!\n\n",
                    "darklyrics_url": "http://www.darklyrics.com/lyrics/absurd/blutgericht.html#2"
                },
                {
                    "name": "Winterd\u00e4mon",
                    "length": "03:13",
                    "url": "https://www.metal-archives.com/release/ajax-view-lyrics/id/532675",
                    "darklyrics": "\nIm Norden zieht ein Sturm herauf der K\u00e4lte bringt und Tod\n\u00dcber die helle Welt der Menschen f\u00e4llt ein Mantel aus Schw\u00e4rze und Not\nNiemand wei\u00df wohin soll er fliehen, die frostige Hand greift \u00fcberall hin\nWenn die finsteren Wolken am Himmel ziehen macht Widerstand gar keinen Sinn\n\nDer Winterd\u00e4mon auf der alten Zeit\nEin t\u00f6dlicher Hauch der Ewigkeit\nKeine Menschenmacht kann ihm widerstehen\nWer ihn sp\u00fcrt wird untergehen\nSteife Glieder, der Atem gefriert\nKaum einer der den Sturm \u00fcberleben wird\nEin Unheil so gro\u00df wie das letzte Gericht\nTilgt die Menschenbrut vom Erdangesicht\n\nIm Zuge dieser Eisesmacht senkt sich Dunkel \u00fcbers Land\n\n\n\nKeine Stimme l\u00e4\u00dft sich vernehmen, alles ist vom Frost gebannt\nIn den Wolken rasen schwarze V\u00f6gel wie Todesengel der Dunkelheit\nDoch eine Gestalt mit zwei grauen W\u00f6lfen durchstreift die kalte Einsamkeit\n\n",
                    "darklyrics_url": "http://www.darklyrics.com/lyrics/absurd/blutgericht.html#3"
                },
                {
                    "name": "Die Galgenbr\u00fcder",
                    "length": "04:31",
                    "url": "https://www.metal-archives.com/release/ajax-view-lyrics/id/532676",
                    "darklyrics": "\nWie der Flu\u00df das Ufer schneidet\nWie das blutige Schaft in Wolfes Fang\nWie der Hagel die Ernte vernichtet\nSo sind Wir R\u00e4uber unser Leben lang!\n\nWilde R\u00e4uberbanden schon geboren in Acht\nRauben am Tage und Zechen bei Nacht\nSie nennen uns Teufel und D\u00e4monen\nVerbrecher die in den W\u00e4ldern wohnen\nWir leben f\u00fcr Gold und Christenblut\nWohl wahr wir sind eine H\u00f6llenbrut\nWenn Weiber kreischen und Kerle sterben\nUnser Gl\u00fcck, ihr sch\u00e4ndliches Verderben!\n\nIm finsteren Wald gehen wir um wie die Geister\nZu rauben, zu Morden, das ist unser heil\nWir streifen umher auf der Suche nach Beute\nWir streifen umher mit Messer und Beil\n\nZwischen den B\u00e4umen im Dunkel des Tals\nIst unser Reich, liegt unser Versteck\nDie R\u00e4uberh\u00f6hle, heimliches Quartier\nJeder mu\u00df sterben der es entdeckt!\n\nWie alles was lebt, einst auch muss sterben\nWir wissen darum, wir enden am Strang\nDoch bis zum Tag an dem man uns h\u00e4ngt\nSind wir wilde R\u00e4uber ein Leben lang!\n\n",
                    "darklyrics_url": "http://www.darklyrics.com/lyrics/absurd/blutgericht.html#4"
                },
                {
                    "name": "Der Henker",
                    "length": "03:57",
                    "url": "https://www.metal-archives.com/release/ajax-view-lyrics/id/532677",
                    "darklyrics": "\nMein Handwerk ist der Galgenstrick\nHenkersbeil scharf zu halten\nAuch mit Folter bin ich gut vertraut\nDas Grauen zu verwalten\nIch bin gehasst von allem Volke\nDoch dieser Umstand schert mich nicht\nDenn ich bin Gott, der Herr des Todes\nIch bin das letzte Strafgericht\n\nBringt mir die Todgeweihten her\nZur Vollstreckung des Geschicks\nWenn sie ihr schnelles Ende finden\nDurch das Brechen des Genicks\nWenn das Beil herniedersaust\nUnd wenn das Blatt die Knochen bricht\nEs der Menge garstig graust\nErlischt ein weitres Lebenslicht\n\nWenn Augen starr und glasig werden\nWenn Geh\u00e4ngte zappeln und Sch\u00e4del splittern\nEs gibt nichts sch\u00f6neres auf Erden\nAls wenn Menschlein unter Folter zittern\nDann wei\u00df ich, ich bin selbst am Leben\nUnd Henker k\u00f6nnen nicht vergeben\nDann wei\u00df ich, ich bin selbst am Leben,\nUnd kann mich selbst zum Gott erheben\n\nBringt mir die Todgeweihten her\nZur Vollstreckung ihres Urteils\nWenn sie ihr schnelles Ende finden\nDurch das Fallen meines Beils\nWenn sich die rote Flut ergie\u00dft\nUnd der Tod nimmt seinen Teil\nIn mir gleich neues Leben sprie\u00dft\nIm T\u00f6ten liegt mein Heil\n\nWerd ich auch niemals Freunde haben\nUnd keine Liebe kennen lernen\nKann ich mich doch am T\u00f6ten laben\nUnd Menschen aus der Welt entfernen\nDas ist mein Werk und es endet nie\nWeil die Menschen auf ewig versagen\nUnd ihre eigenen Regeln nicht halten\nUnd sich selten richtig betragen\n\nUnd die Moral von der Geschichte meines finsteren Lebens\nJedem das Seine, keine Gnade - Alles Leben ist vergebens\n\n",
                    "darklyrics_url": "http://www.darklyrics.com/lyrics/absurd/blutgericht.html#5"
                },
                {
                    "name": "Sturm bricht los",
                    "length": "03:27",
                    "url": "https://www.metal-archives.com/release/ajax-view-lyrics/id/532678"
                },
                {
                    "name": "Die Freiheitsk\u00e4mpfer",
                    "length": "03:27",
                    "url": "https://www.metal-archives.com/release/ajax-view-lyrics/id/532679",
                    "darklyrics": "\nAls eigene Herren von Geburt bis zum Tod\nKannten wir nicht Fron noch Sklaverei\nBis unsere Freiheit wurde bedroht\nDurch dreckige Schergen einer Tyrannei\n\nMit einem der F\u00fcrstenknechte\nGab eines Abends es argen Streit\nMissachtete unsere alten Rechte\nDie verblieben uns aus der Vorv\u00e4ter Zeit\n\nZur\u00fcckgewiesen wurde sein freches Begehren\nNach unm\u00e4\u00dfiger Abgabe und welscher Steuer\nJeder Willk\u00fcr werden wir uns erwehren\nMit Waffengewalt und Zornesfeuer\n\nUnd gleich darauf noch in selbiger Nacht\nBegann ein blutiges Hauen und Stechen\nDer Streithaufen hat sich aufgemacht\nUm die Gewaltherrschaft zu brechen\n\n\n\nDiesen Ansturm kann auch nicht mehr verhindern\nDie Anwendung von grausamer Folter und elendem Tod\nDie w\u00fctende Streitmacht erk\u00e4mpft selbst noch den Kindern\nMit Speer, Art und Schwertern die Freiheit, ohne Not!\n\n",
                    "darklyrics_url": "http://www.darklyrics.com/lyrics/absurd/blutgericht.html#7"
                },
                {
                    "name": "Kriegertod",
                    "length": "05:14",
                    "url": "https://www.metal-archives.com/release/ajax-view-lyrics/id/532680",
                    "darklyrics": "\nIn diesen g\u00fcld'nen Schilden\nDer Schein der Sonne sich bricht\nHoch droben \u00fcber den Wolken\nDie Halle in glei\u00dfendem Licht\nEin leuchtend helles Zeichen\nAm Himmel ein Fanal\nLa\u00df dir das Horn nun reichen\nUnd seis das letzte Mal\n\nUnd sollst du heute fallen\nUnd zu den Ahnen gehen\nIn Wotans heil'ge Hallen\nDein Ruhm wird nie vergeh'n\n\nEwiger Nachruhm, der Tagen letzte Ehr\nEhrvoll zu walten war stets dein Begehr\nDem Gotte dein Leben geopfert und geweiht\nNun in den Asgardsreigen eingereiht\nSo ist uns Walhalla der Weg und das Ziel\nDem Vorbild der k\u00e4mpfet, dem Wohnstadt der fiel\nUnd leuchtet's hinterdrein und stets uns bevor\nHebt uns zur Herrlichkeit des Ruhmes empor\n\nWenn wir nun heut hier streiten\nAls unseres Volkes letzte Wehr\nDann Wotan f\u00fchre uns zum Siege\nSo sind die Herzen uns nicht schwer\nWenn wir auch auf der Wallstatt bleichen\nDem Sieg sind wir verschworen\nSteh'n wie ein Wald von starken Eichen\nZum Siege oder Tod geboren\n\n",
                    "darklyrics_url": "http://www.darklyrics.com/lyrics/absurd/blutgericht.html#8"
                },
                {
                    "name": "Totentanzlied aus Flandern",
                    "length": "04:57",
                    "url": "https://www.metal-archives.com/release/ajax-view-lyrics/id/532681",
                    "darklyrics": "\nDer Tod reitet auf einem Kohlschwarzen Rappen,\nEr hat ein undurchdringliches Kappen.\nWenn Landsknecht in das Feld marschieren,\nL\u00e4sst er sein Ross daneben galoppieren.\nFlandern in Not. In Flandern reitet der Tod.\nIn Flandern reitet der Tod.\n\nDer Tod reitet auf einem lichten Schimmel,\nSch\u00f6n wie ein Cherubin vom Himmel.\nWenn M\u00e4dchen ihre Reigen schreiten,\nWill er mit ihnen im Tanze gleiten.\nFa la la la. Fa la la la.\n\nDer Tod kann auch die Trommel r\u00fchren.\nMan kann den Wirbel im Herzen sp\u00fcren.\nER trommelt hell, er trommelt laut,\nEr schl\u00e4gt auf eine Totenhaut.\nFlandern in Not. In Flandern reitet der Tod.\nIn Flandern reitet der Tod.\n\nAls er den ersten Wirbel geschlagen,\nDa hat's das Blut vom Herzen getragen.\nAls er den zweiten Wirbel schlug,\nDen Landknecht man zu Grabe trug.\nFlandern in Not. In Flandern reitet der Tod.\nIn Flandern reitet der Tod.\n\nDer dritte Wirbel ist so lang gegangen,\nBis der Landsknecht von Gott den Segen empfangen.\nDer dritte Wirbel ist leis und lind,\nAls wiegt eine Mutter in Schlaf ihr Kind.\nFa la la la. Fa la la la.\n\nDer Tod kann Rappen und Schimmel reiten.\nDer Tod kann l\u00e4chelnd im Tanze schreiten.\nDer trommelt laut, er trommelt fein\nGestorben, gestorben, gestorben mu\u00df sein!\nFlandern in Not. In Flandern reitet der Tod.\nIn Flandern reitet der Tod.\n\n",
                    "darklyrics_url": "http://www.darklyrics.com/lyrics/absurd/blutgericht.html#9"
                },
                {
                    "name": "Wolfsblut",
                    "length": "03:23",
                    "url": "https://www.metal-archives.com/release/ajax-view-lyrics/id/532682",
                    "darklyrics": "\nMeine Pfade fern eurer schwachen Gesetze\nGelenkt und gesegnet von dunkelster Macht\nMein Mitleid und mein menschlicheres Wesen\nBleiben zur\u00fcck auf dem Weg in die Schlacht\n\nSeit ich in meiner Jugend\nDen Wolfe mir zum Bruder nahm\nF\u00fchl ich sein wildes Wesen in mir\nUnd seine Kraft und Macht im Arm\n\nIn finsterer Stund ward der Ritus vollzogen\nDer heilige Bund mit den Wesen der Nacht\nDort wurde aus dem Knaben ein Krieger\nIn dem eine blutige Bestie erwacht\n\nFortan ward ich in die Acht gezwungen\nZu leben fern vom w\u00e4rmenden Herd\nDoch was uns nicht t\u00f6tet das macht uns st\u00e4rker\nDer falsche Friede ist nichts mehr mir wert\n\nWo heller Waffengesang erklingt\nSchlachtenget\u00f6se meine Ohren durchdringt\nDann regiert in mir die Gier nach Blut\nDer Wolfssturm tobt mit rasender Wut\nWenn Schilde bersten und M\u00e4nner fallen\nKehren Krieger ein in Wotans Hallen\nUnd wenn einst mein K\u00f6rper am Boden liegt\nDer Werwolf in mir bleibt unbesiegt!\n\n\n\n\n",
                    "darklyrics_url": "http://www.darklyrics.com/lyrics/absurd/blutgericht.html#10"
                }
            ],
            "song_names": [
                "Gottloses Mordgesindel",
                "Heidenwut",
                "Winterd\u00e4mon",
                "Die Galgenbr\u00fcder",
                "Der Henker",
                "Sturm bricht los",
                "Die Freiheitsk\u00e4mpfer",
                "Kriegertod",
                "Totentanzlied aus Flandern",
                "Wolfsblut"
            ]
        },
        {
            "name": "Der f\u00fcnfzehnj\u00e4hrige Krieg",
            "type": "Full-length",
            "year": 2008,
            "review_num": 1,
            "review_avg": 83,
            "url": "https://www.metal-archives.com/albums/Absurd/Der_f%C3%BCnfzehnj%C3%A4hrige_Krieg/186894",
            "reviews_url": "https://www.metal-archives.com/reviews/Absurd/Der_f%C3%BCnfzehnj%C3%A4hrige_Krieg/186894/",
            "reviews": [
                {
                    "title": "Very Nice - 83%",
                    "content": "Ok so it's 2008 and what we have here is the tyrants of German Black Metal Absurd releasing a very impressive collection of re-recordings of some of their best cuts from the crypt coinciding with their 15 year anniversary.\n\nThe sound quality here is very impressive, high fidelity, and easily makes this the best sounding Absurd release to date. However, I would like to say that whenever a band goes back and re-records classic songs with new quality they run the risk of draining the atmospheric charm of the original. Absurd have given some of those old classic songs a new lease of life that's exciting, but as a long time fan I can't help but prefer certain songs in their original form.\n\nSay for example i'm listening to the new version of the song Werwolf (a bona-fide Absurd anthem) and i'm waiting for this particular part in the verse towards the end of the song where in the original, vocalist Dark Mark Doom bellowed out this extremely shrill and bloodthirsty scream that jumped right out of nowhere that peaked off the audiometer and freaked you out. Here, with this new recoding you don't get that. You still get an equally high quality scream in about the same place but it's more in balance with the rest of the vocals. What this says to me is that while the new version sounds technically a zillion times better than the original and is an absolute pleasure to listen to, I can't help but miss the raw ultraviolent feel of the original. In general, the vocals on Der F\u00fcnfzehnj\u00e4hrige Krieg are a bit of a progression for Absurd in that the cleanly sung parts are nicer sounding than in the past and seem to be more in tune with the music than before. It's quite a different experience for me as a long time fan of Absurd to suddenly hear singing that's in key and everything in it's right place.\n\nOut of all of the 14 re-recorded songs offered here, i'd say that I only prefer 2 of the originals to the new versions, and all the rest are totally relevant and absolutely killer. Take for example the song \"Last Breath\". That song to me looking back, had enormous potential but has never sounded better and more powerful than now. Asburd's patented marching and singing power chord voicings somehow transfer so much better with a nice clear, loud, and powerful production. \n\nNot to say that this isn't still raw black metal because it most certainly is, at least in my book. For example, I love the way the blast beat sections just meld together with the treble of the hi-hat perfectly, still creating a raw blitzkrieg of sound and violence. And the vocals of Wolf are absolutely ferocious as ever (perhaps even more so now), yet at the same time they utterly majestic during the cleanly sung parts, finally perfecting this style trade-off IMO.\n\nWhether or not other long-time Absurd fans enjoy hearing this as much as I did and do remains to be seen. I guess it all depends on whether or not your favorite tracks were chosen to be redone and if you like the new versions more than the originals; I kind of miss hearing a new version of \"Death From The Forest\" or \"Verlassen\" but that's just me and that's ok, I still of course have the originals. However, even if you don't prefer these new versions, it's still an interesting listen for the long-time fan and also quite an eye opener for the first timer as well. It's also a plus that there are 3 brand new tracks unheard tracks of unheard material (one being a coversong) offered here so it's easily worth checking out for any fan of Absurd who's already heard this material before now. \n\nIf you've only heard about Absurd before but never heard them, then starting at this release would make you believe that these guys are quite professional and also quite catchy black metal. I recommend Absurd and this album in particular if you have a hammerheart and an iron fist.",
                    "date": "March 27th, 2008"
                }
            ],
            "songs": [
                {
                    "name": "Intro: Der f\u00fcnfzehnj\u00e4hrige Krieg",
                    "length": "02:35",
                    "url": "https://www.metal-archives.com/release/ajax-view-lyrics/id/1324387"
                },
                {
                    "name": "Der gro\u00dfe Tod",
                    "length": "02:39",
                    "url": "https://www.metal-archives.com/release/ajax-view-lyrics/id/1324388"
                },
                {
                    "name": "Eternal Winter",
                    "length": "04:10",
                    "url": "https://www.metal-archives.com/release/ajax-view-lyrics/id/1324389"
                },
                {
                    "name": "In des Mondes blut'gen Schein",
                    "length": "04:37",
                    "url": "https://www.metal-archives.com/release/ajax-view-lyrics/id/1324390"
                },
                {
                    "name": "Mourning Soul",
                    "length": "02:03",
                    "url": "https://www.metal-archives.com/release/ajax-view-lyrics/id/1324391"
                },
                {
                    "name": "Tod vor Sonnenaufgang",
                    "length": "02:59",
                    "url": "https://www.metal-archives.com/release/ajax-view-lyrics/id/1324392"
                },
                {
                    "name": "Heaven in Blood",
                    "length": "01:58",
                    "url": "https://www.metal-archives.com/release/ajax-view-lyrics/id/1324393"
                },
                {
                    "name": "Werwolf",
                    "length": "02:24",
                    "url": "https://www.metal-archives.com/release/ajax-view-lyrics/id/1324394"
                },
                {
                    "name": "Gates of Heaven",
                    "length": "03:14",
                    "url": "https://www.metal-archives.com/release/ajax-view-lyrics/id/1324395"
                },
                {
                    "name": "Pesttanz",
                    "length": "02:45",
                    "url": "https://www.metal-archives.com/release/ajax-view-lyrics/id/1324396"
                },
                {
                    "name": "Last Breath",
                    "length": "04:06",
                    "url": "https://www.metal-archives.com/release/ajax-view-lyrics/id/1324397"
                },
                {
                    "name": "Asgardsrei",
                    "length": "03:28",
                    "url": "https://www.metal-archives.com/release/ajax-view-lyrics/id/1324398"
                },
                {
                    "name": "Ashes to Ashes",
                    "length": "03:09",
                    "url": "https://www.metal-archives.com/release/ajax-view-lyrics/id/1324399"
                },
                {
                    "name": "Als die Alten jung noch waren",
                    "length": "02:37",
                    "url": "https://www.metal-archives.com/release/ajax-view-lyrics/id/1324400"
                },
                {
                    "name": "Colours of Autumn",
                    "length": "02:14",
                    "url": "https://www.metal-archives.com/release/ajax-view-lyrics/id/1324401"
                },
                {
                    "name": "Landsknechtstrommel (akustisches Pr\u00e4ludium) / Landsknechtstrommel",
                    "length": "03:19",
                    "url": "https://www.metal-archives.com/release/ajax-view-lyrics/id/1324402"
                },
                {
                    "name": "Betet f\u00fcr uns (Der Fluch cover)",
                    "length": "02:56",
                    "url": "https://www.metal-archives.com/release/ajax-view-lyrics/id/1324403"
                }
            ],
            "song_names": [
                "Intro: Der f\u00fcnfzehnj\u00e4hrige Krieg",
                "Der gro\u00dfe Tod",
                "Eternal Winter",
                "In des Mondes blut'gen Schein",
                "Mourning Soul",
                "Tod vor Sonnenaufgang",
                "Heaven in Blood",
                "Werwolf",
                "Gates of Heaven",
                "Pesttanz",
                "Last Breath",
                "Asgardsrei",
                "Ashes to Ashes",
                "Als die Alten jung noch waren",
                "Colours of Autumn",
                "Landsknechtstrommel (akustisches Pr\u00e4ludium) / Landsknechtstrommel",
                "Betet f\u00fcr uns (Der Fluch cover)"
            ]
        }
    ],
    "album_names": [
        "Facta Loquuntur",
        "Werwolfthron",
        "Totenlieder",
        "Blutgericht",
        "Der f\u00fcnfzehnj\u00e4hrige Krieg"
    ],
    "info": {
        "Country of origin": "Germany",
        "Location": "Sondershausen, Thuringia",
        "Status": "Active",
        "Formed in": "1992",
        "Genre": "Black Metal/RAC, Pagan Black Metal",
        "Lyrical themes": "National Socialism, Anti-Christianity, Paganism, Germanic mythology, Warfare",
        "Current label": "Robber Baron Enterprises",
        "Years active": "\n1992-1994,\n1994-1995 (as In Ketten),\n1998-2012,\n2017-2019,\n2019-present "
    }
}