{
    "name": "Abyssal",
    "id": "3540341441",
    "url": "https://www.metal-archives.com/bands/Abyssal/3540341441",
    "albums": [
        {
            "name": "Denouement",
            "type": "Full-length",
            "year": 2012,
            "review_num": 6,
            "review_avg": 88,
            "url": "https://www.metal-archives.com/albums/Abyssal/Denouement/330147",
            "reviews_url": "https://www.metal-archives.com/reviews/Abyssal/Denouement/330147/",
            "reviews": [
                {
                    "title": "Dead Civilization Dreams - 97%",
                    "content": "Once upon a time, mighty Britannia ruled the world of metal with its elite NWOBHM legions, easily setting the stage for the grand majority of major developments and evolution in metal. After this era of utmost domination however, soon the proud island nation lost out to the former realms it once colonized, creating faster, heavier, and more intricate variations and iterations of British models. In the 90\u2032s, the country had done relatively little that Scandinavia and America were not already quite busy with. Yet in recent years, the once mighty ruler of metal has risen more. This time however, its weapons of choice are not sky-dwelling falsettos and harmonized lead guitar. Britain has seen a recent rise in death and black metal among which Abyssal are fearlessly leading the way.\n\nAbyssal\u2019s style can be generally described as a mixture of the three major American New York death metal bands in their prime. From Suffocation comes their laser-precise technical execution and lower-register pugilism, with Incantation their elongated blackened tremolo lines and festering dirges, and from Immolation they have learned the art of twisting tones in disturbing, unnatural ways. More than merely the sum of its influences, Denouement crafts its lengthy songs (only one track is under six minutes) into varied and dynamic theatres of violent, conflicting drama. Abyssal\u2019s songcraft is more narrative in structure than the usual violent recombination and textural saturation associated with death metal, giving it a sense of orderliness containing raw chaos at its core. Songs begin with a riff\u2019s introduction as a thematic anchor before it is sent through a sprawling array of thematic mutations and permutations that span a wide variety of both tempos and riff shapes. These gradually shape or wither it away as it is submerged and then arisen in a variety of different forms, each one emphasizing a different aspect of its construction whether it is its percussive weight, grating tonal texture, or melancholic melody. The end result is songs that are set a very fast pace, like a surging flood travelling through the ruins of ancient castles and temples. There are segments of relentless and thundering aggression that give way to vast expanses of great beauty or horror, like said flood washing one into a sun-soaked chapel now half collapsed or the ancient catacombs beneath the foundations of a royal palace.\n\nThe musicianship on this six-song album is remarkably precise to the same degree as what many could see as today\u2019s cutting edge bands but played up less so for virtuosity and moreso for mood and atmospheric effect. Guitar work is incredibly versatile and does not merely communicate harmonic density. Its main weaponry comes in the form of string-warping tremolo technique existing as a polar opposite to thunderous chromatic downstroke. The former states and elaborate on the dominant theme and is the main source of motion while the latter brings phrases to an explosively definitive conclusion or breaks them up like a pneumatic drill for transitional purposes. Drum technique is enlightened in its use of multiple blasting tempos neatly capped off by quick rolls and seems to but doesn\u2019t quite fold into the main push of a song. Sparse usage of the kit emphasizes the filling out and emphasizing the dramatic aspect of this music with occasional moments of tumbling wavelike percussive motion when tempo slows down. The vocalist\u2019s growl is unusual less so in its monotone mid-low register range but rather in the comparative calmness with which it narrates this highly intense sound, almost sounding detached or eerily apathetic.\n\nDenouement stands as one of the higher points of not only post-NWOBHM British metal but also death metal\u2019s new dissonant innovators. Like the best of pioneers, it takes the best of the past and the present and transforms them into a vision of the future, held together by their own particularly stringent and carefully paced approach to extreme metal songcraft. It is an album that is equal parts violent fury and spreading decay as it is an alien observation of perceived societal decay. Compared to its 2013 follow-up Novit Enim Dominus Qui Sunt Eius it focuses moreso on the more conventionally striking aspects of death metal with its emphasis on quickly changing song momentum and jarring transitions as opposed to motion-consuming entropy and an atmosphere of slowly suffocating immensity. In that sense both are excellent companion listens, best experienced one alongside the other. By itself, Denouement reigns supreme over the grand majority of 2012\u2032s death/black offerings, a vision of the future both promising and greatly unsettling.\n\nOriginally posted on The Metal Observer",
                    "date": "July 27th, 2016"
                },
                {
                    "title": "The Moss upon Our Ruins - 80%",
                    "content": "Hellthrasher Productions surprises me all the time when they keep finding \u2013 probably somewhere in the pits of hell - more and more underground killer bands and release their stuff without any remorse. And it is always cool to find out that some unknown bands have quality, which matches the best and most popular acts of the current scene\u2026 and in case of Abyssal I can definitely say so, as this British band mercilessly crushed me with the material from their first album \u201cDenouement\u201d. The story is quite weird here\u2026 First of all, the band is relatively new, formed only in 2011\u2026 The line up is hidden behind the curtain of secrets; we don\u2019t know who\u2019s behind this project and how many people are there\u2026 Personally I don\u2019t really understand the point of keeping the line up in secret and why would people not want to reveal themselves. OK, it would make sense if the music was shit \u2013 nobody\u2019s so fetish to put his name on some crap straight from the devil\u2019s ass\u2026 But if it (the music, the band) is great then reveal yourself so we can address the compliments and tell you how great your music is! OK, maybe it has something to do with some sort of concept of Abyssal \u2013 in the booklet you\u2019ll find the line: \u201cghosts among people\u201d. OK, cool, but I don\u2019t believe in any extraterrestrial beings. Anyway, Abyssal delivers an album \u201cDenouement\u201d and it is their first CD (the second one titled \u201cNovit enim Dominus qui sunt eius\u201d is also out already). Hellthrasher actually took care of the re-release of this album (but I don\u2019t know how many copies of the first pressing, self released by the band, have been made and what happened to them all).\n\nThe front artwork of \u201cDenouement\u201d somehow makes me think of such bands as Opeth or Katatonia, as they often have quite similar pictures on their releases. But don\u2019t let it fool you, as musically Abyssal has absolutely nothing to do with these two bands. Style wise the Brits combine all extreme genres of metal and do it in excellent way: think of great, dominating dose of utterly heavy death metal, mixed up with a portion of gloomy, sinister funeral doom and some furious, devastating, ghoulish black metal\u2026 for sure Abyssal are not the first band to combine all these styles, but I do must admit that what they\u2019ve achieved on \u201cDenouement\u201d is excellent and pretty original. Sure, there are number of bands, which the reviewers constantly repeat while reviewing Abyssal music \u2013 bands such as Mitochondrion, Portal, Antediluvian, Incantation, Immolation, Vital Remains and some other. I would also add Grave Miasma and Cruciamentum. And I have no doubts that there\u2019re many similarities between all those bands and I won\u2019t deny that surely Abyssal must have had the same sources of influence as Antediluvian or Mitochondrion \u2013 just to name these two. And fine, but when I listen to \u201cDenouement\u201d I just feel truly amazed by the atmosphere of this music, by the sheer heaviness and brutality, which it brings and at the same time of how almost memorable it is and truly involving. Abyssal has great skills to deliver diverse sounds; you\u2019ll find here some crushing, extremely heavy and slow parts, but also many blasting, ferocious, violent fragments \u2013 all nicely composed, so the songs are far from being boring. And more so, there are some almost melodic parts here and there like in \u201cSwansong of a Dying Race\u201d, which is one of the highlights of the album. The songs are also epic, monumental, with many atmospheric parts and with so many layers and textures that it will take you few spins, before \u201cDenouement\u201d will speak to you.\n\nBut when you\u2019ll listen to it several times you\u2019ll start to pick up some crushing moments and I can promise you there will be many. Already \u201cThe Moss upon Our Ruins\u201d is just a monumental, severe opener, which has only one aim: to announce the coming of the end \u2013 in the brutal way! \u201cThere will be no graves to mark our passing, no monument to this folly, no tears shall lament this scene - a ballad of silence for the moss upon our ruins\u2026\u201d. Hell yeah! \u201cDeus Vult\u201d will bring some truly memorable riffs and some, which will force maniacal headbanging until the very last second (which is a challenge as the songs on the album are all pretty long!). With \u201cWhen Paradigms Supplant Gods\u201d the atmosphere is utterly ghoulish and sinister and will invoke some very disturbing feelings, but how fantastic is the sound here! And when I listen to it I feel like \u201cOK, bands such as Encoffination and Father Befouled are truly awesome, I have many releases of these bands, but if they lack anything then it would be a variety and some distinctive changes through the songs and albums\u201d. Abyssal delivers everything what those bands lack and that is a great advantage of those British ghosts.\n\nWhen speaking of the whole production and execution of the songs, I have basically nothing to complain about \u2013 the guitar tone is very good, and so are those deep, guttural growls. I think that I can only be more sceptical for the use of the drum machine, as it will always make the music sound slightly artificial and definitely drum machine is so soulless and it hasn\u2019t got the sound and feeling of the real drumming. But it is OK, it doesn\u2019t disturb me too much, maybe only in the fast parts you can truly hear that and feel like it could sound better\u2026 All in all though \u201cDenouement\u201d is a worthy and great release and I can only hope to listen to \u201cNovit enim Dominus qui sunt eius\u201d one day also.\nStandout tracks: \u201cThe Moss upon Our Ruins\u201d, \u201cDeus Vult\u201d, \u201cSwansong of a Dying Race\u201d\nFinal rate: 80/100",
                    "date": "May 30th, 2013"
                },
                {
                    "title": "Where reason is drowned, and hope flayed - 78%",
                    "content": "This album had been described to me as a mixture of black, doom and death metal elements, but ultimately it rests very heavily on the last of the three. There are a few faster chord passages erupting over the course of Denouement which are mildly redolent of melodic Scandinavian black metal of the mid through later 90s, but the consistent gutturals, slower groove chops and lead hooks all point to the retro death metal sensation, only Abyssal have their own approach to the medium which thankfully feels like considerably more than the umpteenth Incantation knockoff I've heard this month. Denouement manages to present itself as both labyrinthine and accessible, and packs enough surprise twists in its roiling and considerable mass to stand out among the hordes of imitators taking their cues from the 90s. Combined with its stark, minimalistic yet unforgettable cover image, and its intelligent and bleak lyrical ruminations, this is indeed a success, and thankfully Hellthrasher Productions has seen fit to give it an official release, that it may reach a broader audience than its initial run.\n\nWhen first recommended to me last year, I was a bit hesitant upon seeing the longer length song titles, which often run the risk of dragging out death metal to parts unwelcome, but having recently also gotten into the debut of Anhedonist, I wasn't entirely turned off. Thankfully, the Englishmen incorporate enough sonic variety through behemoths like \"When Paradigms Supplant Gods\" and \"Swansong of a Dying Race\" that I never felt the expected ennui. That's not to say that all of the riffs here are a sure bet, and a good portion do drag behind the more exciting emissions of melody, but you won't have to wait long for something inviting to nest in your ear and whisper sweet, apocryphal nothings to do. Churning, steady palm muted chugging riffs are bewitched with backing streams of tremolo melody or atonally plucked, atmospheric chords that ring off into the asylum-like ceiling of the up-front production values. While considerably eerie, Denouement is a rather clean sounding effort, with not a lot of reverb hanging off the punchy rhythm guitar progressions. No, instead the haunting here is manifest through the contrast of the guitars and the monotonous bludgeon of the vocals, which shift between a shorter syllabic guttural to longer, sustained phrases. A 'beauty and the beast' dichotomy, though some of the guitars themselves are quite depressing and evil in structure.\n\nDefinitely picked up a 'cavern core' sort of reaction to the material (a term I use for the subterranean or claustrophobic death metal so popular this past half-decade), largely due to the grunts, but Abyssal are not afraid to impregnate the gloom with some outbreaks of arpeggios or dreary descending melodic phrases that avoid seeming out of place. The drumming is great, comfortable in slower rock or doom tempos but fully able to accommodate the spurious machine-gun kick patterns associated with the genre. I could make out the bass guitar, polished and thudding along gently beneath the guitar, but it too rarely stood out on its own. Far more interesting were the rhythms and leads as they explored a wide range of flavors and techniques, from the soulless and sluggish chords that setup \"Celestial Dictatorship\", to the blasting fervor of \"Detritivore\". One comes away from this record with a notion of musicality that surpasses its brutality, almost like a 'friendlier' Portal with a lot more evident hooks, and a far more tidy production standard which never feels as if you are wading through a rancid pit of unidentified offal and muck.\n\nI wouldn't dub it extremely memorable apart from a few of its creepier progressions, but while devoured in its 50 minute sojourn to the edge of sanity, Denouement works well enough, and establishes a fairly strong compositional center. Hearing more variety to the vocals, without losing that sense of Elder God morbidity would really help round out the album, and perhaps ramp up the more frightening, dissonant note patterns in place of a few of the more predictable melodies. Ultimately, though, they've gotten something 'different' here worth expanding upon, and Denouement is certainly promising enough that I'll be checking out its successor, and you should also if you enjoy bands like Portal, Mitochondrion, Cruciamentum, Anhedonist and Antediluvian. \n\n-autothrall\nhttp://www.fromthedustreturned.com",
                    "date": "April 8th, 2013"
                },
                {
                    "title": "Decaying Beauty - 100%",
                    "content": "Abyssal. This word describes the album more than one could even imagine. This album is the embodiment of darkened decay, and the downfall of our modern society. It's beauty is only rivaled by that of its own cover. Really sets the mood for what you will hear inside. To say this is a great album is an insult, I'll call it miraculous from now on. This album is mir-ac-u-lous. The atmosphere is dark, the atmosphere is powerful and resilient. Passionate and haunting. Personally, this one of my favorite albums I've ever received in the mail, and I write that in full confidence. The vocals, the drums, bass and the guitar all add to the atmosphere. This album is without comparison.\n\nThe vocals on this album stand out the most out of all the other sounds created. They are low in the mix, but really guttural and powerful; impossible to recreate and just sound amazing. They easily add to the atmosphere, as I recently stated. They sound almost inhuman, which really adds to the world decay, and downfall of humanity aspect of the lyrics. Perfectly done, and different style from the regular high-pitched shrieks and growling that dot the death/black metal scenes, might I add.\n\nThe guitars here are nothing special. Really your straightforward black metal tremolo picking and death metal chugs. And yes, there's even those breakdowns that everyone is sick of hearing. But don't throw these breakdowns into the shameful pile of core-like misdemeanors, they really add to the atmosphere and I actually quite enjoy them here.\n\nThe drums, by golly, other than the vocals, are the real highlight. They play some awesome blast beats, and normal rhythms, that you just can't help but to love. They may not be so original, but they fit all of the songs perfectly.\n\n100%, I feel, is a bit short of what this album deserves. Since that's the highest I can rate on MA, I'll go with a very solid 100%. All of the instruments work in perfect unison. They all play an intricate part in making this one of the best albums of the 2012, no maybe even the 21st century. Get this album as soon as possible! You won't regret a moment of it.",
                    "date": "March 26th, 2012"
                },
                {
                    "title": "Abyssal - Denouement - 90%",
                    "content": "Since's Portal's relative notoriety with 2007's Outre', bands of a similar ilk, whether preexisting or just birthed, have become more commonplace in the world of extreme music. It seemed like almost every \"best of list\" from last year contained bands who draw strong comparisons to the Australian act. Whether it was Mitochondrion, Antediluvian, or Flourishing these bands have tread similar ground, yet none better than the U.K. act Abyssal.\n\nMaybe what attracts me the most about Abyssal is the tangible quality to their music. Stomach wrentchingly down tuned and heavy, Abyssal's sound is so ominous and heavy that moments of melody and clarity do well to offset the Stygian atmosphere and further delve the listener into the nightmarish songscape. Too heavy and overwhelming for black metal, too sinister and atmospheric for death metal, Abyssal are able to articulate a horrific sound that has some sick sense of pleasure to it. Derivations from dissonance to moments of clarity and melody all submerge to a brutish and omniscient sound that is often shrouded in dissonant fret work and a chorus of the most guttural vocals possible.\n\n\"Detritivore\" might very well be the most dynamic track on the album as it explodes from a brutal technical onslaught to a catchy and melodic finger-tapping section that's almost calming as jarring because it's placed so close to something so ugly. The band shows great skill and sense of structure in atmosphere and are able to create a seemless weave throughout Denouement's fifty minute playing time.\n\nWhile I have bought the digital download on their bandcamp, the images and lyrics included match perfectly and show how important it can be to offer such a thing alongside your music. Verbose and dark, the lyrics are thankfully more modern and less Lovecraftian then you might think. \"Swansong of a Dying Race\" is a particularly well written tune which dodges the banality that often accompanies metal songs about cataclysms. The last stanza does well to encapsulate Abyssal's sound.\n\n\"As the vast web unravels 'neath our feet\nAnd we fall into the ages of darkness\nA deafening hum of vapidity\nIs the only soundtrack to be heard\"\n\nOriginally written for http://perpetualstrifemusic.blogspot.com",
                    "date": "February 27th, 2012"
                },
                {
                    "title": "An Atmosphere of Brutality - 80%",
                    "content": "The UK death metal scene is as rich with talent and innovation as it has ever been. The country of colonization and Big Ben has never been particularly well known for its expansive death metal scene: sure, everybody knows Bolt Thrower and Akercocke, and the well informed can name Benediction, Korpse and Cancer, but in comparison to say Sweden or Florida, the ol' Land of Limey's has never been at the forefront of death metal. But these last few years has seen an explosion of new talent in England's death metal scene, from Cruciamentum to Spearhead to Grave Miasma. And now Abyssal can be counted as another of these young, up-and-coming acts looking to make waves with their debut album Denouement.\n\nRich with texture and dissonance, Denouement fits in beautifully with the current trend in technical death metal: using complexity to create dense, Occult atmospheres. Elements of black and doom Metal add layers to the listening experience, but Abyssal also toy with some of the more brutal elements of death metal throughout Denouement. A consistent guttural growl, sudden bursts of blast beats and palm-muted riffs bring elements to Denouement that other bands in this burgeoning sub-genre lack(often on purpose). Just as we saw Flourishing do on The Sum of All Fossils with post-hardcore and Gigan on Quasi-Hallucinogenic Sonic Landscapes with noise and grindcore, Abyssal bring these brutal death metal elements to the forefront to give Denouement a bit of distinction from the growing number of Ulcerate clones, though one should not expect too many breakdowns or pinch harmonics throughout Denouement(though the breakdown near the beginning of \"Detritivore\" is hard too miss).\n\nThere isn't a whole lot of fault with Denouement, but it never quite breaks through to the next level. The intensity and songwriting can be uneven, with less appealing sections of songs dragged out far too long. In fact, many of the tracks on Denouement could use some self-editing, particularly the final track \"Swansong of a Dying Race,\" which could have used some of it's massive eleven minute run cut away. Bloated songs filled with too many unessecary concepts are the pratfalls of many a new group, and while Abyssal artfully dodge many other mistakes, they trip up in this regard.\n\nDenouement is a brilliant start regardless of these minor mistakes. Abyssal have their own sound, a sound which I can honestly say I have never heard before, other than perhaps early Ulcerate before those New Zelander's dove head first into a sea of formless dissonance. All this band needs is time to develop their sound and their songwriting, and I have no doubt that Abyssal will be one of the bigger acts in progressive death metal in the near future.\n\nRating: 8/10",
                    "date": "February 18th, 2012"
                }
            ],
            "songs": [
                {
                    "name": "The Moss upon Our Ruins",
                    "length": "07:16",
                    "url": "https://www.metal-archives.com/release/ajax-view-lyrics/id/2311953",
                    "darklyrics": "\nAn endless panorama\r\nOf crumbling stone\n\r\nWonders and shanties alike\r\nCreep inexorably to earth\n\r\nDiscordant shapes\r\nScar the skyline\r\nIn contortion they beg the sky\r\nAnd plead mercy\r\nBut none listen\n\r\nNone hear the creaks and groans\r\nAs the wood warps and splinters\r\nNone see the iron rust and buckle\r\nIn the damp scathing winds\n\r\nSprawling trunks of spruce\r\nRavage the jungles of glass\r\nNo courtesy or contempt is extended\r\nWhere indifference is king\n\r\nThere will be no graves\r\nTo mark our passing\r\nNo monument to this folly\n\r\nNo tears shall lament this scene\r\nA ballad of silence\r\nFor the moss upon our ruins\n\n",
                    "darklyrics_url": "http://www.darklyrics.com/lyrics/abyssal/denouement.html#1"
                },
                {
                    "name": "Celestial Dictatorship",
                    "length": "08:32",
                    "url": "https://www.metal-archives.com/release/ajax-view-lyrics/id/2311954",
                    "darklyrics": "\nUpon your knees\r\nThe unseen shackles apparent\r\nA millstone around the neck\r\nIron chains upon your shoulders\r\nBind you to insidious simulacrum\r\nTo doctrines unfounded\n\r\nI reach down to you\n\r\nThere are no chains\r\nNo shackles\r\nBut our pained voices resonate\r\nNever to be heard\n\r\nMy strength not enough\r\nTo wrench pious knees from the wooden floor\n\r\nIn unreality\r\nThe prison is real\r\nThe bars are as iron\r\nAnd the walls as concrete\n\r\nFor the architect lives\r\nAnd he is you\n\r\nThe dictator lives\r\nAnd his statue bears your chisel marks\r\nSelf-appointed guardian\r\nWithin the crumbling cerebral prison\r\nThe skies within reach\r\nBut they burn at the touch\n\r\nLight pirouettes across the stone floors\r\nOf your damp sanctuary\r\nBut the eyes of the votary too weak\r\nAnd unwilling to see\n\r\nThe crimes are real\r\nAnd the sin churns within\n\r\nThis cell is where you belong\r\nAll seeing eyes burn your flesh\r\nDeep into the night\r\nThere is no relief\n\r\nBut this is needed\r\nI am impure\n\r\nYet in the oppression of iron and stone\r\nSolace is found trickling down the cold walls\r\nThe skies beyond are so empty\r\nThe trees and mountains so hollow and thoughtless\r\nThe distances between so vast and remote\r\nThe path beyond these screaming walls\r\nIs winding and overgrown\r\nWithout guidance I shall lose my way\n\r\nHere I stay\r\nHere I want to stay\r\nHere I must stay\n\n",
                    "darklyrics_url": "http://www.darklyrics.com/lyrics/abyssal/denouement.html#2"
                },
                {
                    "name": "Deus Vult",
                    "length": "07:33",
                    "url": "https://www.metal-archives.com/release/ajax-view-lyrics/id/2311955",
                    "darklyrics": "\nEnter the translucent spire\r\nAnd inhale the fragrance of oak and satin\r\nSever the wretched rags of turmoil\r\nFrom mind and body alike\r\nAnd cover your ears for words beyond the threshold\n\r\nTake refuge beneath my wing of tattered skin\r\nBestowed upon me by leaders up high\r\nAnd I shall shelter you from the scalding rain\n\r\nHear my augury\r\nOf endless torment and sorrow\r\nAnd choose your path with baited breath\n\r\nUse my eyes to see\r\nAnd watch allies and friends become as serpents\r\nSee the thick vines of treachery\r\nUpon which you have never laid sight\r\nWeaving grotesquely from roots ubiquitous\n\r\nPour yourself into me\r\nAnd I shall channel your passions\r\nI shall fulfill your longings and heal the scars of old and new\n\r\nMy prophecies are the blade\r\n And my proclamations the buckler\n\r\nTake arms and heed\r\nFor knowledge is the foe\r\nSpeak not of mortal triumph\r\nSo paltry and arrogant\r\nDust and blood at outset and end\r\nNothing more\n\r\nFrom my tower of ivory\r\nI watch\n\r\nIn madness they flail\r\nAnd with lunatic\u2019s words they howl\r\nThe final dusk comes\r\nAnd no thought for the morrow is taken\n\n",
                    "darklyrics_url": "http://www.darklyrics.com/lyrics/abyssal/denouement.html#3"
                },
                {
                    "name": "Detritivore",
                    "length": "04:49",
                    "url": "https://www.metal-archives.com/release/ajax-view-lyrics/id/2311956",
                    "darklyrics": "\nA swarm descends\r\nTheir numbers swell\r\nThe stench of decayed sunlight fills my nostrils\r\nInhaled into lungs of steel and concrete\r\nFrom subterranean halls of stone\n\r\nGripped by unseemly fetishes for ancient detritus\r\nI gorge upon the future\r\nI swallow \u2018til choking\r\nNo regrets are expressed\n\r\nCome with me to the pool\r\nBury deep your face\r\nIn the skies of antiquity\r\nDevour our elixir\r\nBecome like me\n\r\nViscous black fluid\r\nHangs at our mouths\r\nOur muscles swell in its influence\r\nVast prostheses\r\nOf steel and glass\r\nBurst forth from our flesh\n\r\nThe nostrum of the colossus\r\nThe nostrum of us\n\r\nI watch\r\nHordes of my offspring\r\nGrotesque abstractions of form\r\nCrawling on their bellies to the dying spring\r\nMists of frenzy descend upon the dwindling pools\r\nI have done this\n\r\nColossi decay\r\nExtremities rust in dereliction\r\nA tumultuous hysteria of anguish echoes upon these stone walls\r\nAs they are alone and mortal\r\nBloodshed and death is all they shall know\n\n",
                    "darklyrics_url": "http://www.darklyrics.com/lyrics/abyssal/denouement.html#4"
                },
                {
                    "name": "When Paradigms Supplant Gods",
                    "length": "10:56",
                    "url": "https://www.metal-archives.com/release/ajax-view-lyrics/id/2311957",
                    "darklyrics": "\nAs we awaken\r\nAnd the thoughts of spirits and daemons\r\nFade from our retinas\r\nAnd the gods up high fall from function\r\nWe arise alone\r\nOur eyelids burn in the darkness\r\nNot yet ready to open\r\nAnd reap what was once sown\n\r\nOn that day in the endless blackness\r\nWhen gods are remodeled into paradigms\r\nWith adze I must carve\r\nAnd disfigure the deity into the zeitgeist\n\r\nMutilated and disowned\r\nThe fallen gods of old lose favour\r\nParadigms are hewn from the ashes of gods\n\r\nUnquestioned and omnipresent\r\nWith calloused hands I heap axiom upon axiom\n\r\nMy feet sink deep into the mire\r\nBut unrelenting I am\r\nAs the edifice surges skyward\n\r\nStand back and gaze at our wonder\r\nA contorted tapestry of taboo\r\nA monolith of unquestionable questions\n\r\nAs lichen consumes the crumbling miscreation\r\nIts beginnings fade from memory\r\nAnd it towers as the wind and the stars\n\r\nBow before our orthodoxy\r\nMerchants of snake oil\r\nWithin temples of aeons past\r\nNow preachers of the bazaar\r\nPeddling their filth\r\nTo the starving congregation\r\nStagnant ideologies\r\nDeities of nouveau\r\nPungent and lurid dogmas\r\nBlind my infantile eyes from the sinewy manacles\r\nWhich constrict my hands\n\r\nUpon hands and knees I fall\r\nBecoming one with the sea of rats that surrounds me\r\nI see writhing heretics\r\nSwept away in the formless swarm\n\r\nEngulfed in the mass and the frenzy\r\nI gaze as the crooked monolith\r\nAs it descends into the morass\n\n",
                    "darklyrics_url": "http://www.darklyrics.com/lyrics/abyssal/denouement.html#5"
                },
                {
                    "name": "Swansong of a Dying Race",
                    "length": "11:17",
                    "url": "https://www.metal-archives.com/release/ajax-view-lyrics/id/2311958",
                    "darklyrics": "\nPyramids of steel\r\nPiercing the heavens above\r\nGreat structures challenging the ground itself\r\nStone does our bidding\r\nNot that of the Earth\n\r\nUnlike those before us\r\nThe land is our subjugate\r\nI speak the chorus in tongues\r\nAnd drift between worlds\n\r\nBuried deep in the noise\r\nHeretical voices grip me\r\nWith emaciated fingers\r\nI tear at my birthmask\n\r\nScreams fill the corridors\r\nAs the cold air strikes my face\r\nThe first breath in a lifetime\r\nHalls thick with smoke and sulphur\r\nI choke as my eyes learn to see\n\r\nThe insipid multitudes\r\nChasing the horizons\r\nThey ignore my pleas\r\nAnd march onward to nothing\n\r\nAs gold turns to dust and ash in trembling hands\r\nAnd rotting silver fills our lungs\r\nThe house of cards tumbles\n\r\nAnd seas of paper engulf vagrant and king alike\r\nAs the sky turns to maggots\r\nAnd the land cracks and withers\n\r\nI watch and crumble\n\r\nStale waters rise around the babbling hordes\r\nFalse dreams do not keep them afloat\r\nAnd beneath perpetual oceans they drown\n\r\nThe vindicating clamour\r\nOf clerics and devotees\r\nSoar high toward the welkin\n\r\nBut no words of comfort are returned\r\nAre no quarter offered\n\r\nAs the vast web unravels \u2018neath our feet\r\nAnd we fall into the ages of darkness\r\nA deafening hum of vapidity\r\nIs the only soundtrack to be heard\n\n\n\n\n",
                    "darklyrics_url": "http://www.darklyrics.com/lyrics/abyssal/denouement.html#6"
                }
            ],
            "song_names": [
                "The Moss upon Our Ruins",
                "Celestial Dictatorship",
                "Deus Vult",
                "Detritivore",
                "When Paradigms Supplant Gods",
                "Swansong of a Dying Race"
            ]
        },
        {
            "name": "Novit enim Dominus qui sunt eius",
            "type": "Full-length",
            "year": 2013,
            "review_num": 4,
            "review_avg": 91,
            "url": "https://www.metal-archives.com/albums/Abyssal/Novit_enim_Dominus_qui_sunt_eius/362339",
            "reviews_url": "https://www.metal-archives.com/reviews/Abyssal/Novit_enim_Dominus_qui_sunt_eius/362339/",
            "reviews": [
                {
                    "title": "Descending, Dissonant, Decaying - 96%",
                    "content": "After the relentless and sharply twisting and turning \"Denouement\" from 2012, this band has refined their art into a more sinister and ominous form. The Suffocation-style schizophrenic directional shifts are nearly absent and in their place are the doomiest parts of Asphyx and Demigod if they were interpreted by some strange modernist classical acts. \n\nThe main form of attack is still the dissonant tremolo riffing favored by most bands in this movement, but here there's a sense of perpetual descent, these angular chords wailing as they descend into the negative space of thundering abstraction from the previously noted doom-death elements. Song construction is in the linear-narrative approach akin to groups like The Chasm, however portraying an image of surging energy descendant into entropic, funereal decay rather than a warrior's psycho-mythic journey. Instrumentation is surprisingly technical and would make likely teachers Gorguts and Pavor proud, with each member integrating their skills so well into a song's flow they nearly pass by unnoticed. Among the strongest albums of 2013.\n\nP.S. You would do well to check out Denouement as well. Also incredibly fucking awesome.",
                    "date": "March 21st, 2014"
                },
                {
                    "title": "Absolutely Devastating - 91%",
                    "content": "Mixing elements of sludge and black metal in with heavy as nails death metal was sure to create an absolutely crushing and devastating sound, and Abyssal as sure as hell delivered. This is one of the thickest, heaviest and most devastating albums I've ever heard and it makes perfect sense when you see the array of genre influences these guys have pulled into their sound. Death metal is usually brutal and crushing, sludge metal is harsh and abrasive, black metal is raw and sinister, mix them all together and the end result is one of a ridiculous amount of heaviness of monolithic proportions. \n\nNovit Enim Dominus Qui Sunt Eius is a strong contender for the heaviest album of 2013 so far. The atmosphere Abyssal create is absolutely intense, created by some incredibly impressive musicianship. The band is incredibly tight, the music ranges from slow and droning to incredibly fast and primal, the tempo changes are fairly constant and never disrupt the flow of the songs. They feel natural and organic, never abrupt or disjointed. The best track to illustrate their use of rapid tempo changes in the first real song The Tongue of the Demagogue, which starts off with a ridiculously fast, blistering pace and then slows down to create a doomier, more atmospheric edge. Novit Enim Dominus Qui Sunt Eius is never short of tempo changes, and it ensures that the album remains interesting and varied throughout. There are also some surprisingly melodic sections as well, as is the case with As Paupers Safeguard Magnates where near the end it slows down and a melodic sludge section rises up out of the slime, adding a small sense of humanity to this album. \n\nAtmospherically wise, Abyssal have created an absolute monster, the atmosphere is thick, grimy and sludgy, it's unimaginably dense and absorbing, emasculated by the equally thick guitar tone, adding a layer of dense sludge over the music. The vocals are exceptionally well performed, being a breathy low-fi growl somewhat reminiscent of Uaral, they add a lot to the atmosphere, being very harrowing and inhuman. The whole atmosphere is one of dense loathing for the human race, the album is ridiculously hateful and aggressive, Abyssal take no chances to make this an easy experience to sit through, the songs are typically long and brutal, the music is dense and claustrophobic, and everything just feels designed to bring about the most intense atmosphere imaginable. \n\nOverall Novit Enim Dominus Qui Sunt Eius is an excellent album, it's got one of the best atmospheres I've heard in a death metal album, and the musicianship is nothing short of astounding. It's very heavy and abrasive, so it might be a little too much on the ears for new comers to extreme metal. But for those of us with a taste for the macabre, Novit Enim Dominus Qui Sunt Eius is a voyage into the underworld well worth taking. For fans of Antediluvian, Mitochondrian and Portal. Highly recommended.",
                    "date": "October 26th, 2013"
                },
                {
                    "title": "Thick as Mustard Gas with Atmosphere - 90%",
                    "content": "Not many \"heavy\" bands achieve the intense atmosphere they set out for. Other bands I have heard in the same vein as Abyssal such as; Portal and Antediluvian, fall flat on their face when it comes to atmosphere. They seem to come off sounding like an incomprehensble mess, with very little structure and little to no continuity. Whilst Abyssal is very dissonant, they have well structured songs and a grimy, thick guitar tone on 'Novit enim Dominus qui sunt eius'. This is opposed to their debut, which had a cleaner, more audible tone. It simply isn't as fitting as it is with this album. 'Novit...' has that nice thick wall of noise sound, with whispery low as fuck vocals contributing immenesly to the rich, void-like atmosphere.\n\nThe musicianship of this band is excellent, It is tight as fuck and varies between exceptionally fast and droningly slow. 'Abyssal' manages to change pace at the drop of a hat. This is evident on the first actual song on the album 'The Tongue of the Demagogue,' starting with a blisteringly fast blast beat and then slowing down to reveal a more \"doomy\" atmospheric edge. Most tracks on the album have great variations of speed within them, keeping them interesting and fresh to listen to.\n\nThe lineup and what instruments are used are seemingly unknown. Assuming the drummer is real, he is very skilled and tightly links the drums to the guitars. Lots of stop start riffs are used and a few technical progressions, fortunately not too technical to detract from the atmosphere. There are also a few chugger riffs, adding more to the death metal element of their sound. \n\nOverall this is a solid album, with some nice ambient pieces linking the tracks together. 'Novit...' is an album with a dark and torturous atmosphere like no other album and deserves a listen from fans of atmospheric extreme metal.\n\nStandout tracks - The Tongue of the Demagogue, A Sheath of Deceit, Created Sick; Commanded to be Well, The Last King.",
                    "date": "June 5th, 2013"
                },
                {
                    "title": "For The Lord Knows Who Are His - 88%",
                    "content": "In 2012 it was safe to say that I was blown away by this new band and their debut album \u201cDenouement\u201d. Not even one full day into 2013 and we are delighted to hear that there is a new album seemingly out of the blue, much like the first. \u201cSo soon?!\u201d I swooned. The album is available on their bandcamp page, for a very reasonable price I might add. Anywho, after getting over the initial thought that my favourite band from 2012 have released an album so soon in 2013 for me to get hooked on it for the whole year, I actually listened to it.\n\nThere are some stylistic differences between this album and their debut. The production I think is not as good, or should I say, clear \u2013 the problem being that there are times when everything seems to just mesh together and what the guitars are doing can't really be ascertained. Maybe the wall of sound is what they were going for, but I'm sure there are riffs in there somewhere trying to be heard through the huge fuzzyness of the guitars. But it's also true that I need some better headphones. The drum work is fantastic and fits the music at every twist and turn whilst being nicely varied throughout. It's fair to say that the vocals are not a very important part of the Abyssal sound \u2013 they're quite deep gutterals and are quite low in the mix too. They are very appropriate for the style though, I think any more importance placed on the vocals would detract from the overall sound. As for the lyrics, I'm not usually one to look at lyrics - especially when you can't make them out - but the themes here appropriately dystopic and oppressive and beautiful in their own way.\n\n\u201cThriving in this fertile miasma\nMy pores moistened with entropic pestilence\nHumid yet inert\nPotent and directionless\nAwaken\u201d\n\nThe first few lines of the album in \u201cThe Tongue of the Demagogue\u201d give you a good picture of what you're in for with this album. Meanwhile, the album cover of what seems to be a few spiders webs down a tunnel or cave or in a shed for all I know. This black and white cover is maybe apt, but not a great album cover by any means. Having said that, the booklet as a whole is quite a good accompaniment to the music, playing on their anonymity as somewhat terrifying underground ritualistic pagan lords or something else equally sinister. \u201cNovit enim Dominus qui sunt eius. The second ritual of Abyssal; successor to Denouement.\u201d\n\nOverall, while the riffs are as good and varied as they are on \u201cDenouement\u201d with pretty much every style or playing you could thing of (Abyssal being listed in the Archives as death/black/doom gives you a clue), they don't seem to gel together as consistently to create the separate songs. A notable exception being \u201cA Sheath of Deceit\u201d although it's extremely abrupt ending slightly irks me every time I hear it. The band have stepped further into a more crushingly doomy and dissonant soundscape \u2013 ever more fitting from a band called Abyssal and we're sinking further and further down into oblivion while being able to steer clear of 'style over substance'. I could never profess to being into doom at all really \u2013 especially not the extreme stuff. Occasionally the album wanders into this sort of territory and I start to zone out. There are always well thought out riffs to be heard, or sufficient amounts of fuzz in the slower sections but sometimes you've got to really listen closely to hear everything there is to hear.\n\nThe pacing of the album isn't too bad, it's quite dynamic in it's variation between blasting and droning and sometimes even some softer moments - \u201cthe Headless Serpent\u201d emphasises this perfectly, but I find myself starting to zone out towards the end of the album, with a six minute song and three 8+ minute long songs ending the album. This section unfortunately contains the immense (in both length and hugeness of sound), yet somewhat tedious instrumental (aside from some whispering) \u201cCreated Sick; Commanded to the Well\u201d in the middle of it - the riffs are there, it's just too long for it's own good. The closer \u201cThe Last King\u201d however, it should be said, is fantastic and I think slightly more reminiscent of something off \u201cDenouement\u201d. Clocking in at 59 minutes, there's quite a lot to take in and the album my have benefited from cutting down the length of a couple of songs (or maybe just \u201cA Malthusian Epoch\u201d) just to keep everything nice and tight. Abyssal have succeeded again in creating an oppressive, helpless, melancholy atmosphere for our aural pleasure - as if someone had willingly entered the gaping void, having accepted their fate. I'd probably jump in if the opportunity arose and I can't wait for their next ritual.\n\nI've heard this band mostly compared with Mitochondrion and Portal (among others, but those are the ones I've listened to). I can't say I'm a fan of either \u2013 especially not Portal \u2013 but I can't say that I'm convinced there's much of a resemblance at all but I can say that if you like either of those bands you'll probably like this. Not being in to them myself, I'd say that if you're into death and/or doom or anything with a massive oppressive atmosphere then you'll enjoy this.",
                    "date": "April 5th, 2013"
                }
            ],
            "songs": [
                {
                    "name": "Forebode",
                    "length": "01:03",
                    "url": "https://www.metal-archives.com/release/ajax-view-lyrics/id/2522305",
                    "darklyrics": "\n\n",
                    "darklyrics_url": "http://www.darklyrics.com/lyrics/abyssal/novitenimdominusquisunteius.html#1"
                },
                {
                    "name": "The Tongue of the Demagogue",
                    "length": "08:10",
                    "url": "https://www.metal-archives.com/release/ajax-view-lyrics/id/2522306",
                    "darklyrics": "\nThriving in this fertile miasma\r\nMy pores moistened with entropic pestilence\r\nHumid yet inert\r\nPotent and directionless\r\nAwaken\n\r\nWith venom laced words\r\nI channel and evoke images\r\nWithin the vessels of my cause\n\r\nHapless and misguided\r\nWith tales of interlopers and thieves\r\nOf injustice and forgotten pride\r\nThey fall at my feet\n\r\nMy power swells\r\nFists of tarnished iron are forged\r\nTo beat down upon the mark\n\r\nSenses lost to swirling choler\r\nIn ritual I pass on my seeds of acrimony\n\n",
                    "darklyrics_url": "http://www.darklyrics.com/lyrics/abyssal/novitenimdominusquisunteius.html#2"
                },
                {
                    "name": "Under the Wretched Sun of Hattin",
                    "length": "07:44",
                    "url": "https://www.metal-archives.com/release/ajax-view-lyrics/id/2522307",
                    "darklyrics": "\nAncient verses\r\nOf nomads and wanderers\r\nBurned upon my tongue\r\nAnd as acid in my blood\n\r\nEncroacher\r\nNo sky or lord may bind\n\r\nIn disgusting envy\r\nHome becomes alien\r\nThe kiss of dust hath blessed this land\r\nStricken and listless\r\nIn this ocean of warring leviathans\n\r\nIn bitter malaise\r\nBooks become swords\r\nAnd false promises are tarnished armour\n\r\nWords of the foolish dead\r\nRise up as babbling kin\r\nIn their midst I am\r\nWhere millennia are as one\r\nJaded and formless in deafening vitriol\n\r\nEntrenched by the fires of our past\r\nWith only visions of endless storms\r\nThey shall burn beneath my wretched sun\n\n",
                    "darklyrics_url": "http://www.darklyrics.com/lyrics/abyssal/novitenimdominusquisunteius.html#3"
                },
                {
                    "name": "Elegy of Ruin",
                    "length": "00:36",
                    "url": "https://www.metal-archives.com/release/ajax-view-lyrics/id/2522308",
                    "darklyrics": "\n\n",
                    "darklyrics_url": "http://www.darklyrics.com/lyrics/abyssal/novitenimdominusquisunteius.html#4"
                },
                {
                    "name": "The Headless Serpent",
                    "length": "04:39",
                    "url": "https://www.metal-archives.com/release/ajax-view-lyrics/id/2522309",
                    "darklyrics": "\nA beast approaches\r\nIn this winding labyrinth\r\nThe walls moist with echoes\n\r\nMy blade finds no deathblow\r\nNo weakness is apparent\r\nA battle so futile\r\nFrom each wound pours a sea of serpents\r\nNo head to this nemesis\r\nNo end to this struggle\r\nAn endless ouroborus\r\nFeeding upon its own demise\n\n",
                    "darklyrics_url": "http://www.darklyrics.com/lyrics/abyssal/novitenimdominusquisunteius.html#5"
                },
                {
                    "name": "A Sheath of Deceit",
                    "length": "03:23",
                    "url": "https://www.metal-archives.com/release/ajax-view-lyrics/id/2522310",
                    "darklyrics": "\nHands drenched in blood and viscera\r\nYet none sleep sounder\n\r\nI breathe poison\r\nAnd scribble falseness\n\r\nIncantations are weaved\r\nI follow, mesmerised \n\r\nSymbology sears your lips closed\r\nAs all the waters are stirred\r\nThe tumult; a maelstrom\r\nMeaning lost to a writhing deceit\n\r\nEyes seared closed\r\nAll is as I say\n\n",
                    "darklyrics_url": "http://www.darklyrics.com/lyrics/abyssal/novitenimdominusquisunteius.html#6"
                },
                {
                    "name": "Elegy of Staves",
                    "length": "00:23",
                    "url": "https://www.metal-archives.com/release/ajax-view-lyrics/id/2522311",
                    "darklyrics": "\n\n",
                    "darklyrics_url": "http://www.darklyrics.com/lyrics/abyssal/novitenimdominusquisunteius.html#7"
                },
                {
                    "name": "A Malthusian Epoch",
                    "length": "06:27",
                    "url": "https://www.metal-archives.com/release/ajax-view-lyrics/id/2522312",
                    "darklyrics": "\nA skyline of turmoil\r\nScreams reach high\r\nOver hills of iron\n\r\nMore falls from your lips\r\nThe words concentrate and shatter\r\nTheir naked falsity apparent\n\r\nThe bones of your shoulders grind upon mine\r\nIn the dust we drown\n\r\nTeeth into flesh\r\nFind naught but gristle and jaws\n\r\nNumbers dare not speak our name\n\n",
                    "darklyrics_url": "http://www.darklyrics.com/lyrics/abyssal/novitenimdominusquisunteius.html#8"
                },
                {
                    "name": "As Paupers Safeguard Magnates",
                    "length": "08:13",
                    "url": "https://www.metal-archives.com/release/ajax-view-lyrics/id/2522313",
                    "darklyrics": "\nA father and child in delirium\r\nVomit wrenched from the infant's gullet\r\nSmeared across the stone floor\r\nAs penance and sacrifice\n\r\nThe pauper's emaciated form\r\nWith hollow eyes\r\nGazes to the bastion\n\r\nWith toxic words\r\nHe is bathed in gold\r\nBones are buried beneath satin\n\r\nBread and meat are left to rot\r\nIn ritual catatonia\n\r\nCarry my burdens of dreams and longings\r\nWatch in ecstasy\r\nThe procession of retrogrades\r\nTo the waiting of grinding teeth\n\r\nStarving bowels\r\nCast aside the feast\r\nAnd burn for the semen of magnates\n\n",
                    "darklyrics_url": "http://www.darklyrics.com/lyrics/abyssal/novitenimdominusquisunteius.html#9"
                },
                {
                    "name": "Created Sick, Commanded to Be Well",
                    "length": "10:28",
                    "url": "https://www.metal-archives.com/release/ajax-view-lyrics/id/2522314",
                    "darklyrics": "\n\n",
                    "darklyrics_url": "http://www.darklyrics.com/lyrics/abyssal/novitenimdominusquisunteius.html#10"
                },
                {
                    "name": "The Last King",
                    "length": "08:16",
                    "url": "https://www.metal-archives.com/release/ajax-view-lyrics/id/2522315",
                    "darklyrics": "\nWithin the sunken palace\r\nThe throne stands steadfast\r\nNicked and scarred by a thousand insurrections\n\r\nIts form twisted and unrecognisable\r\nBut its power undiminished\n\r\nEmaciated forms\r\nSowing the seeds of madness\n\r\nObsolete and infantile\r\nThe sceptre tarnished and worthless\r\nA disease of strength\n\r\nI am legion\r\nI wrench the guts from this writhing hall\r\nWith the lungs of fire I exhale\r\nAnd paint flames upon the walls of this crumbling chamber\r\nMeaningless symbols are unto dust\n\r\nThe insect exposed\r\nThe vestige of our infancy\n\r\nNone mourn \r\nAll that is you is forgotten\n\n\n\n\n",
                    "darklyrics_url": "http://www.darklyrics.com/lyrics/abyssal/novitenimdominusquisunteius.html#11"
                }
            ],
            "song_names": [
                "Forebode",
                "The Tongue of the Demagogue",
                "Under the Wretched Sun of Hattin",
                "Elegy of Ruin",
                "The Headless Serpent",
                "A Sheath of Deceit",
                "Elegy of Staves",
                "A Malthusian Epoch",
                "As Paupers Safeguard Magnates",
                "Created Sick, Commanded to Be Well",
                "The Last King"
            ]
        },
        {
            "name": "Antikatastaseis",
            "type": "Full-length",
            "year": 2015,
            "review_num": 3,
            "review_avg": 92,
            "url": "https://www.metal-archives.com/albums/Abyssal/Antikatastaseis/515852",
            "reviews_url": "https://www.metal-archives.com/reviews/Abyssal/Antikatastaseis/515852/",
            "reviews": [
                {
                    "title": "A massive wall of death, black and doom - 90%",
                    "content": "I came across Abyssal when they released this album, and it completely blew my mind. Starting by the fact that this is a one man project. I want to start with the production of the album, it has walls of massive guitar sound, very very distorted, however you can hear every element very clear throughout the record. \n\nThe first song, I Am the Alpha and the Omega, offers a great start for the album, with a lot of very hard to assimilate riffs and passages, however it suddenly changes to an amazing classic black metal riff, releasing all the tension it was building up. I want to give a special mention to the song Veil of Transcendence. Wow, just wow. This song is pure fucking death metal, with a lot of doom in it, after the half of the song, it goes into this 1 minute or more death doom riff that captures your whole mind, passing to an amazing, melancholic piano part. The interesting part is how the piano never stops from this point, you can hear all the chaos that is happening with the guitars and drums, and the piano is still there, coming to a part when everything gets together, its just brilliant. \n\nThe rest of the album is just great, chaos everywhere. The vocals are very dark, and lost in the mix, however you can still hear them, they add a lot to the atmosphere that the music is creating. The production of the guitar tone is very very good, it feels as if you are lost within an ocean of chaos (just as the cover artwork) with heavy death metal riffs. \n\nThe balance between chaos and order that Abyssal is able to achieve is just outstanding. One of the best 2015 releases. If you are interested in very complex death black doom metal, this album is just the perfect fit. \n\nFavorite song: Veil of Transcendence",
                    "date": "September 21st, 2016"
                },
                {
                    "title": "Intense, complex blackened ambient death doom opus - 85%",
                    "content": "2015 is seeing a revival of death metal and one feature of this renascence is fusions of death metal with other genres like black metal, doom and ambient. Mystery UK band Abyssal manages blackened ambient death doom and has been doing so for quite a while: \"Antikatataseis\" is the act's third album. Main member GDC handles the vocals on nearly all tracks and plays most of the instruments, with drumming delegated to Timo H\u00e4kkinen. The band's overall style includes deep and crushing down-tuned riffs, abrupt runaway swirls of tremolo guitar, passages of ambient menace, percussion that erupts in sudden blast-beat spasms and the most impossibly crust-ridden swamp monster vocals this side of the Black Lagoon mixed with harsh and malevolent BM voices. Quite often the band plays with precision and a suffocating guitar sound, and has a preference for stop-start music that leaps and careens from one fast set of beats and rhythms to another, and all of this can remind people of Deathspell Omega. (Someone please shoot me if I mention DSO again in the context of using them as a comparison stick.)\n\nThroughout this album, the band pursues a path that combines heavier-than-heavy punishing riffs, blast-beat brutality and moments of sudden, almost sunshine clarity and the odd eccentricity such as a tinkling music box on third track \"Veil of Transcendence\". The music doesn't stay still long enough for listeners to catch their breath or settle into a groove, but forces all its anger and aggression to pour out continuously as if purging itself. When each track ends, the duo usually launch straight into another full-on brutal attack on the senses and listeners' sanity. There isn't much point trying to figure out the different genres that Abyssal delve into as whatever they do changes and shifts constantly in the blink of an eye.\n\nSome of the best moments are when Abyssal put aside their tools of torture and allow quietly sinister dark ambient passages of tone wash and the occasional background choir to grow and fill in the black voids. The mood is stark and intense, and some listeners might find these ambient sections the most frightening and intimidating. Later tracks feature music as much laden with intense emotion as with blackened death brutality and venture almost into post-metal or dark shoegazer territory. In one of the later songs, \"Chrysalis\", the band seems to be going for a melodic pop-friendly post-metal approach with the use of repeated motifs. There may be a jazz influence in the music, in the way the music bounces from one riff to the next and in how songs emphasise long instrumental passages of improvisation.\n\nThe outstanding track on the album might well be the last one which features an intense and insane if also bewildering mix of blackened death doom and the most gravelly sets of crushed-rock death metal vocals. There is a strong dramatic, almost cinematic air about this piece as if it's a test-run for a much longer work serving as a soundtrack to an imminent movie project on the end of life and the consequent disintegration of the universe. Generally though the songs are not that distinct from one another and the music or the energy in it flows more or less continuously so the album, intense and heavy-going as it is, is best heard in one sitting.\n\nThe combination of ambient / black / death / doom may be a challenging one for Abyssal to handle all at once but what I have heard so far is good; plenty of raw aggression and fury, moments of sinister brooding and dark atmospheres brimming with malice, all backed by a strong sound that even occasionally goes jangly. The only issue I have is that the vocals are a bit too woolly and muffled for the music, and the aggression and hostility in the singing are so blunted as to be lost. Apart from this, Abyssal doesn't need to change much except of course to keep polishing and refining its style.",
                    "date": "September 4th, 2015"
                },
                {
                    "title": "The Alpha and the Omega - 100%",
                    "content": "\"I Am The Alpha and the Omega\" may be one of the most appropriately named tracks this year. From Revelation 22:13: \u201cI am the Alpha and the Omega, the First and the Last, the Beginning and the End.\" Abyssal ain't Jesus, but when it comes to death metal, this is some end of days-sounding stuff. \"The Cornucopian\" follows this apocalyptic introduction appropriately with an ambient walk through purgatory...that is until we become Dante tumbling through the many layers of the underworld.\n\nThose familiar with Abyssal will be welcomed with the same elements that made Novit enim Dominus qui sunt eius such a rousing success: vortexes of swirling, atmospheric guitar, sporadic changes in technical drum patterns, and death howls that seem to enclose and devour. But Antikatastaseis takes some new directions as well. Most notably, certain movements dial up the melody well beyond anything we have heard before. From the creepy, Tim Burtonish music box on \"Veil of Transcendence\" to the epic tidal waves of gigantic guitar chords that frequently brought me to my knees.\n\nBut please understand, \"melody\" here means anything but sold out, radio-ready. This latest incarnation of carnage is melodic in the same way as Leviathan, and picks up right where we left off with \"The Last King.\" Emotive arrangements seem placed to build one up solely so the tearing down process can be ever more spectacular. Complete supplication. Even the aforementioned music box/piano is set ablaze in a fire of dissonance despite continuing for the song's duration. It's macabre as a beloved childhood toy still gleefully calling for hugs as its plastic eyes melt into oblivion.\n\nSpeaking of Leviathan, there are other things this album shares with Wrest's latest opus. The use of dark ambiance in larger arrangements, increased willingness to vary vocal styles, and the overall progressive qualities within each composition. To be perfectly honest, I'm not sure who does it better. Just know that both are in my 2015 highlights, and neither cancels the other out. Furthermore, Abyssal seems poised to take a dominant role in the world of extreme metal. Even with accomplished competitors in Malthusian and Portal, Antikatastaseis is a marked step forward that raises the bar for the atmospheric, the technical, and above all, what it means to be death metal. Stream this masterpiece right now on bandcamp, and know that the 7 CAD price tag is a [email\u00a0protected]&$ing joke.\n\nReview courtesy of Metal Trenches (metaltrenches.com)",
                    "date": "July 15th, 2015"
                }
            ],
            "songs": [
                {
                    "name": "I Am the Alpha and the Omega",
                    "length": "06:28",
                    "url": "https://www.metal-archives.com/release/ajax-view-lyrics/id/3482260",
                    "darklyrics": "\nAs ancient stone I am\r\nHere I stand for evermore\n\r\nFrom high I gaze at this world so frail\r\nAnd ignore its false pleas\n\r\nFor it is as I\r\nEternal\r\nNo paltry action can quake this titan\r\nHewn from might above\n\r\nBefore these gates to higher forms\r\nI marvel at such intricacy\r\nWith myself at its center\n\r\nFor all which is here is made\r\nAnd all which occurs is decided\n\r\nThe kiss of rain\r\nFalling from the skies\r\nFlowing down my face to the shambling ground\n\r\nPools grow beneath my feet\r\nBetwixt the crops of stone and earth\n\r\nYet the droplets see no wonder\r\nIn the majesty of their order\n\r\nNone proclaim their divinity\r\nAs they grasp the rock so tight\n\r\nFloods and fire see my end\r\nBirthed into this realization\r\nYet flesh rots\r\nAnd bone dissolves\r\nBefore dogma yields its ugly head\n\r\nI see folly and failing\r\nNo longer distant whimpers\r\nBut eviscerating howls\r\nTearing at my eyes and face\n\r\nBut I am Alpha\r\nI am Alpha and Omega\r\nHow do I crumble away?\n\r\nThis was to be the death of another\r\nNot mine\n\n",
                    "darklyrics_url": "http://www.darklyrics.com/lyrics/abyssal/antikatastaseis.html#1"
                },
                {
                    "name": "The Cornucopian",
                    "length": "06:28",
                    "url": "https://www.metal-archives.com/release/ajax-view-lyrics/id/3482261",
                    "darklyrics": "\nA trembling sea of bulbs and blossoms\r\nFlowering from dirt\r\nFrom each, tenfold more burst\r\nAnd tenfold more from all again\n\r\nHear my decree\r\nLet perpetua guide and rule\r\nLook around you\r\nAnd marvel at the unwritten emergence\n\r\nThese words I take\r\nAnd hold close to my sunken chest\r\nIn comfort I babble my creed\n\r\nYet lost I am\r\nIn the labyrinthine present\r\nI gaze not into the shrieking caverns of coming time\n\n",
                    "darklyrics_url": "http://www.darklyrics.com/lyrics/abyssal/antikatastaseis.html#2"
                },
                {
                    "name": "Veil of Transcendence",
                    "length": "11:30",
                    "url": "https://www.metal-archives.com/release/ajax-view-lyrics/id/3482262",
                    "darklyrics": "\nFrom chaos I am forged\r\nWithin me a churning maelstrom\r\nUnimaginable in scale\n\r\nI walk within endless halls\r\nIn suffocating cold\n\r\nOn the horizon I behold a pantheon\r\nA speck of light against the sprawling darkness\r\nImmense yet fragile\r\nA structure with no shape\r\nEach facet is me\n\r\nMy gaze widens\r\nSpiralling threads intertwine and unravel\r\nWith no beginning nor end\r\nStretching off to infinity both before and behind me\r\nAnd in all directions above and below\n\r\nWinding helices and gnarled nexuses\r\nConjoined to countless \r\nAblaze with searing entropy, they burn my eyes\r\nWith pulsing tones they scream unlistenable melodies\n\r\nEach point of light so meaningless\r\nEach tone so trite and drudging\r\nYet I am awash in a cascade\r\nOf words, ideals and laws\r\nI am bathed in the pale glow\r\nOf whirring thoughts and longings\n\r\nIn majesty I weep\r\nFor one moment\r\nEmerging from the howling cold\r\nA silent clarity\n\r\nI reach out to touch the reflection\r\nBut in an instant it shatters\r\nChurning illusion sweeps me away\n\r\nI am tempered in ancient twilight\r\nMy face bears the scars of colliding worlds\r\nAnd my bones echo the dying roars of archaic stars\n\n",
                    "darklyrics_url": "http://www.darklyrics.com/lyrics/abyssal/antikatastaseis.html#3"
                },
                {
                    "name": "Telomeric Erosion",
                    "length": "06:11",
                    "url": "https://www.metal-archives.com/release/ajax-view-lyrics/id/3482263",
                    "darklyrics": "\nWith catatonic eyes\r\nAnd impetuous spirit\r\nWe gaze starward\r\nWhile the wolves of old\r\nRavage our homesteads\r\nWhile quicksand devours\r\nOur steadfast stance\n\r\nLegs of flesh strain to hold aloft\r\nThe ill conceived colossus\r\nChiselled so haphazardly from heroes and idols\r\nBones crack and buckle\r\nBeneath the crushing weight\r\nOf a yokesworth ambitions piled high\n\r\nI run\r\nWith brittle fingers I claw for the horizon\r\nUntiring death follow\r\nThe earth cracks beneath my fumbling gait\r\nOur gazes meet as bodies wither\r\nIndifference is my only courtesy\n\r\nThis death is final\r\nFor I am all\n\r\nHow I lament and revel\r\nWithin the romance of my decay\r\nAs ideals and endeavors become as ashes\r\nSwept aloft in the faltering winds\n\r\nDreams of the stars\r\nAnd intoxicating immortality\r\nDraped like a veil so threadbare\r\nObscuring a death we share\n\r\nBeneath this distant sky\r\nIn the twilight of our time\r\nThe fading light and dulcet tones\r\nAs the shadows grow long\r\nAnd the stars dim\n\r\nAll that was made is unmade\r\nAll that was discovered is swept in to obscurity\n\r\nAll that I have been falls from recollection\r\nAnd all that is ceases to be\n\n",
                    "darklyrics_url": "http://www.darklyrics.com/lyrics/abyssal/antikatastaseis.html#4"
                },
                {
                    "name": "A Causal Landscape",
                    "length": "07:54",
                    "url": "https://www.metal-archives.com/release/ajax-view-lyrics/id/3482264",
                    "darklyrics": "\nI am tethered to all\r\nAnd all to me\r\nWith each movement, a cascade of consequence\r\nPropagating about the epicenter\r\nIn chaos so amorphous\n\r\nI watch these cast chains\r\nTear apart the innocent\r\nDrive sane men to madness\r\nRip trees from the earth and erode the land\n\r\nYet it is us who paint the faces of villains\r\nOn the shifting sands\n\r\nLaplace's demon does baulk\r\nTo writhe in helicoidal futility\r\nIgnorant of that beyond\n\r\nWe are complacent\r\nIn our end\n\n",
                    "darklyrics_url": "http://www.darklyrics.com/lyrics/abyssal/antikatastaseis.html#5"
                },
                {
                    "name": "Chrysalis",
                    "length": "08:02",
                    "url": "https://www.metal-archives.com/release/ajax-view-lyrics/id/3482265",
                    "darklyrics": "\nIn black and white\r\nI navigate this journey\r\nWith right and wrong upon my back\n\r\nIn black and white\r\nI choose my path\r\nWith good and evil on my lips\n\r\nIn black and white\r\nI forge ahead\r\nWith truth and lies as my guides\n\r\nIn black and white\r\nI find kinship\r\nWith sanity and madness lighting my way\n\r\nNever faltering\r\nNever wavering\n\r\nIn black and white\r\nI pass my rite\r\nWith sanctity and heresy at my flanks\n\r\nIn black and white\r\nI become myself\r\nWith otherness and mutuality at my hand\n\r\nThe erstwhile truth\r\nFading slowly beyond sight\r\nThe path obstructed\n\r\nFrom the chrysalis I emerge\r\nInto this world of grey\n\n",
                    "darklyrics_url": "http://www.darklyrics.com/lyrics/abyssal/antikatastaseis.html#6"
                },
                {
                    "name": "Delere Auctorem Rerum ut Universum Infinitum Noscas",
                    "length": "11:47",
                    "url": "https://www.metal-archives.com/release/ajax-view-lyrics/id/3482266",
                    "darklyrics": "\nIn my infancy I walked the forest paths\r\nMy footprints trod the virgin snow\r\nAs I was mauled by unending blizzards\n\r\nBlind and alone\r\nWith knees and elbows\r\nNails, teeth and viscera\n\r\nI made my way\n\r\nBeset by storms\r\nThrough screaming chasms I ventured\r\nInto the winding caves I chased warmth\n\r\nThe atrium opened before me\r\nRevealing a palace of ice and stone\r\nOf fire, flesh and timber\r\nAlien yet familiar\n\r\nHalls sprawling off to endlessness\r\nLined with talismans and amulets\r\nI struggle to walk their length\r\nBut I must\r\nAfter each failed step I summoned another\n\r\nAll at once I was well\r\nThe cold not longer beat at my chest\n\r\nMy back writing upward\r\nI stood tall and strong\r\nAnd with each golden trinket and ornament\r\nI marched faster onwards\n\r\nClawing at my feet\r\nThey came\r\nTearing through splintered oaken floors\r\nI fell for eternity\r\nDragged by sinewy fingers\n\r\nThe skin of my face\r\nTorn off by the stone walls of the pit\r\nAs I descended\r\nScreams reverberated in the deep\n\r\nThe earth crumbled under my fall\r\nDust revealed my destination\r\nThis place\r\nwhere men are conjured by cheap incantations\r\nWhere all questions are answered\r\nAnd all journeys are at an end\n\r\nThe walls of this foul crevasse\r\nStained with the blood of climbers\r\nPulled apart by those who speak hollow words\r\nAnd tell of the nothingness beyond this place\n\n\n\n\n",
                    "darklyrics_url": "http://www.darklyrics.com/lyrics/abyssal/antikatastaseis.html#7"
                }
            ],
            "song_names": [
                "I Am the Alpha and the Omega",
                "The Cornucopian",
                "Veil of Transcendence",
                "Telomeric Erosion",
                "A Causal Landscape",
                "Chrysalis",
                "Delere Auctorem Rerum ut Universum Infinitum Noscas"
            ]
        },
        {
            "name": "A Beacon in the Husk",
            "type": "Full-length",
            "year": 2019,
            "review_num": 1,
            "review_avg": 87,
            "url": "https://www.metal-archives.com/albums/Abyssal/A_Beacon_in_the_Husk/773937",
            "reviews_url": "https://www.metal-archives.com/reviews/Abyssal/A_Beacon_in_the_Husk/773937/",
            "reviews": [
                {
                    "title": "bust out the thinking cap - 87%",
                    "content": "When a band has as expansive and diverse a sound as Abyssal, it can be hard to break new ground by the fourth full-length. At this point, I think everyone knows what they\u2019re getting with the band ever since Denouement exploded onto the scene back in 2011. One of those one-man projects whose musicianship and vision is too strong to ignore, they immediately captivated a small segment of the metal fanbase with their obscure, artsy extremities and haven\u2019t looked back since. Musically, there aren\u2019t a lot of changes on A Beacon in the Husk and it uses the same kinds of subtle melodic stylings and suffocating doom passages as previous albums did. They\u2019ve had their sound for a good 10 years now, no upheaval necessary. Churning, hypnotic black metal with a thick, dreadful tone, sometimes overwhelming with its tremolo and dissonance, that uses sparse, cavernous doom passages to break things up is the order of the day, but with each new album, it seems like Abyssal evolves even more.\n\nWhat stands out on Abyssal\u2019s 2019 album, much moreso than before, is the attention to detail all around. This is most evident in the lyrics. Where they were still rather erudite and verbose before, their lyrics were standard for death metal, but A Beacon in the Husk has this incredibly detailed deconstruction of our humanity\u2019s struggles for purpose and meaning, ruminates on our portrayal of objectivity as something divine and there\u2019s a bunch of other concepts explored in the lyrics that I need to go over my old philosophy textbooks in order to be able to fully explain. The risk for pretension is high, but there\u2019s enough emotion present in the storytelling to make it feel real. Whether or not the lyrical topic is one that resonates with you, it is pretty impressive how detailed and sophisticated the lyrics are and how they seem like they were meant to mirror the progression of the album itself. The way there are little bends in intensity, the long, sparse, creepy passages that morph into blistering, Portalesque sections, all of it seems to reflect the morbidly bizarre turns the story in the booklet takes.\n\nTo my knowledge, Abyssal hasn\u2019t done a concept album before (or at least they haven\u2019t displayed the songs obviously as such), but they\u2019re the perfect band to execute such a thing. Their sprawling, multi-genre-encompassing style always seemed a bit too ambitious for the standard \u201ccollection of songs\u201d album format. With their older albums I often find myself listening more to one or two of my favorite songs off them in bits and pieces, but A Beacon in the Husk is a pointless listen if you\u2019re going 1-2 tracks at a time. The minimal, transitory nature of some of the songs necessitates a full, front-to-back listening experience. Although there are songs like \u201cDialogue\u201d and \u201cDiscernnment: The Cloister Beneath the Grime\u201d that are shorter and could theoretically be consumed in bite-sized pieces, those songs are much more effective when surrounded by the hypnotic rhythms and slowly encroaching atmospheres of \u201cKhyphotic Suzerains\u201d and \u201cA Beacon in the Husk\u201d. This is truly the type of album that\u2019s greater than the sum of its parts, and you can get enjoyment out of this just marveling at how everything is put together. Like the album cover, it\u2019s somewhat unusual and complex, but there\u2019s a creepy beauty and ridiculous detail within the architecture. Additionally impressive is how closely the album cover reflects the feel of the music. I'd like to say this feels a little bit...darker than previous works, but that's a hard thing to quantify - it mostly just sounds really, really dense, packed with layers I'm probably not even fully noticing.\n\nReally, that\u2019s the most impressive thing about A Beacon in the Husk \u2013 whether you realize it or not, everything is exactly where it is supposed to be. It\u2019s not even entirely a musical thing, and it\u2019s hard to describe in a straightforward manner, but everything up from the vocal stylings to the progression of the songs to the album cover to the lyrical themes is perfectly in its place. It\u2019s hard for me to even give this a rating because even after giving A Beacon in the Husk a good amount of time to digest, I still can\u2019t fully comprehend it and more gets revealed to me with every new spin. Highly recommended, but make sure you listen to it at least a few times.",
                    "date": "December 3rd, 2019"
                }
            ],
            "songs": [
                {
                    "name": "Dialogue",
                    "length": "07:51",
                    "url": "https://www.metal-archives.com/release/ajax-view-lyrics/id/4916608"
                },
                {
                    "name": "I - Recollection: Shapes upon the Retina",
                    "length": "08:06",
                    "url": "https://www.metal-archives.com/release/ajax-view-lyrics/id/4916609"
                },
                {
                    "name": "I - Recollection: Awakening / Metamorphosis",
                    "length": "06:16",
                    "url": "https://www.metal-archives.com/release/ajax-view-lyrics/id/4916610"
                },
                {
                    "name": "II - Discernment: The Cloister Beneath the Grime",
                    "length": "04:26",
                    "url": "https://www.metal-archives.com/release/ajax-view-lyrics/id/4916611"
                },
                {
                    "name": "II - Discernment: Khyphotic Suzerains",
                    "length": "08:51",
                    "url": "https://www.metal-archives.com/release/ajax-view-lyrics/id/4916612"
                },
                {
                    "name": "II - Discernment: The Triumph of Fools",
                    "length": "05:01",
                    "url": "https://www.metal-archives.com/release/ajax-view-lyrics/id/4916613"
                },
                {
                    "name": "III - Descent: We Who Beheld the Fall of Axioms",
                    "length": "06:33",
                    "url": "https://www.metal-archives.com/release/ajax-view-lyrics/id/4916614"
                },
                {
                    "name": "III - Descent: A Beacon in the Husk",
                    "length": "08:05",
                    "url": "https://www.metal-archives.com/release/ajax-view-lyrics/id/4916615"
                },
                {
                    "name": "Soliloquy",
                    "length": "02:44",
                    "url": "https://www.metal-archives.com/release/ajax-view-lyrics/id/4916616"
                }
            ],
            "song_names": [
                "Dialogue",
                "I - Recollection: Shapes upon the Retina",
                "I - Recollection: Awakening / Metamorphosis",
                "II - Discernment: The Cloister Beneath the Grime",
                "II - Discernment: Khyphotic Suzerains",
                "II - Discernment: The Triumph of Fools",
                "III - Descent: We Who Beheld the Fall of Axioms",
                "III - Descent: A Beacon in the Husk",
                "Soliloquy"
            ]
        }
    ],
    "album_names": [
        "Denouement",
        "Novit enim Dominus qui sunt eius",
        "Antikatastaseis",
        "A Beacon in the Husk"
    ],
    "info": {
        "Country of origin": "United Kingdom",
        "Location": "N/A",
        "Status": "Active",
        "Formed in": "2011",
        "Genre": "Death/Black/Doom Metal",
        "Lyrical themes": "Oppression, Decay",
        "Current label": "Profound Lore Records",
        "Years active": "\n2011-present "
    }
}