{
    "name": "Abysmal Dawn",
    "id": "27821",
    "url": "https://www.metal-archives.com/bands/Abysmal+Dawn/27821",
    "albums": [
        {
            "name": "From Ashes",
            "type": "Full-length",
            "year": 2006,
            "review_num": 2,
            "review_avg": 88,
            "url": "https://www.metal-archives.com/albums/Abysmal_Dawn/From_Ashes/112233",
            "reviews_url": "https://www.metal-archives.com/reviews/Abysmal_Dawn/From_Ashes/112233/",
            "reviews": [
                {
                    "title": "A phenomenal debut - 97%",
                    "content": "There are a few bands today that deserve so much praise, and Abysmal Dawn are one of those few bands. They deserve to be among the high ranks of death metal gods such as Suffocation, Gorguts, Obituary, Death and Carcass to name a few. This album is very inspiring and has a lot of heavy melodic brutality to it. I'm surprised that there aren't multiple reviews for this album, considering how true it is to the death metal scene. There is nothing stupid, bad or cheesy about this album. A lot of effort was put into it. The production is good, everything sounds good, and I like the atmosphere that the band was able to create. Abysmal Dawn are original and have a distinct sound like no other. I can't think of any flaws except that there are a couple recycled, bland riffs, but that's about it. The vocalist/lead guitarist/songwriter, Charles Elliott, shows good musicianship with cool harmonic minor lead guitar work and heavy riffs accompanied by his incredible songwriting ability and a powerful voice. His growls are brutal, and his high shrieks are sick, and it fits well with the music. He's one of my favorite vocalists, and his voice puts the lame deathcore and metalcore vocalists to shame. Not only does he make great metal music, but he even looks metal.\n\nI like the feel that the band was able to create with the solos and melody. Terry Barajas did an excellent job on the drums, giving a good sense of purpose to them that I really enjoyed, and I'm a guitarist. I liked the drums a lot, they have a good pace to them with a proper amount of double bass and awesome, sheer brutality fills. The other guitarist, Jamie Boulanger, did a good job displaying his soloing capabilities. The solos are excellent, with a middle eastern sound to it, props to the harmonic minor scale that he uses just like Charles, as I've mentioned before. Much respect to these musicians, they play their instruments well. For being a straight up death metal band, they got a lot of creativity and I never got bored listening to this album, which is something that great albums possess.\n\nIt's hard to say which track is my favorite, cause they're all great. \"In The Hands Of Death\" is a killer track after the instrumental \"Impending Doom\" and \"Blacken The Sky\" is a good melodic heavy song. \"Salting The Earth\" and \"Servants To Their Knees\" are the most brutal tracks on here in my opinion. All of the tracks on here kick ass. Some of them are technical too, but not to the point where it takes the heaviness and brutality away. \n\nIf you're looking for a new band to get into, especially if you're looking for some fresh, original kick ass death metal, then I recommend you to get this album, you won't be disappointed. It is the best modern death metal release and one of the best I've ever heard. I stand strong with this album and band. No poser bullshit with this band whatsoever.",
                    "date": "March 31st, 2013"
                },
                {
                    "title": "Not bad, not great - 79%",
                    "content": "Admittedly, I am a sucker for generic Brutal Death Metal. Abysmal Dawn is one of those bands that do absolutely nothing different, yet plays the style so competently that there isn't much to complain about. Of course, there are the Human Filleted type of bands (the kind that rip off Suffocation to the point of tedium), but I find that bands like this one can usually play with enough ferocity and intensity to make me overlook the obvious similarities.\n\nMost of these songs follow the same basic idea and contain the same basic ingredients, but the band bakes such a damn fine cake that I really wouldn't ask for much else. Every song contains a Suffocation-style groove at some point, the low vocals are reminiscent of Mads Haarl\u00f8v while the higher ones remind me somewhat of a higher David Vincent, and the drumming is a nice Pete Sandoval-type mixture of relentless blast beats and tasteful fills. If there is anything that helps set Abysmal Dawn apart from the hordes of similar bands, it's that there is a slight modern tinge in the riffage. It's kind of hard to explain, but there is a certain latent groove underneath the typical Death Metal riffs that reflect the current time somewhat. Listen to the opening of \"In the Hands of Death\" or the middle section of \"State of Mind\". This actually doesn't hinder the music that much, and they can usually pull it off rather well, but the similarity to them and some of the riffs on Black Dahlia Murder's first album are rather striking.\n\nThe biggest problem here though, is repetition. There is no denying that they know what they are doing, and are certainly a competent group of musicians, but I'm just not so sure about their writing abilities. None of these songs suck, but \"Salting the Earth\" uses a riff damn near identical to the first one of \"In the Hands of Death\". The similarity to Black Dahlia Murder hits home once again here, when you realize that a majority of these riffs are just reworked versions of the first few. This could be a sticking point for some, but for me it's just a minor point of contention. I would usually say that hopefully the band could improve on the next record, but Abysmal Dawn's newest album, Programmed to Consume fell victim to the trend of becoming more and more technical, thus sacrificing songwriting in the process. So From Ashes may well end up being the band's finest hour, and it's an acceptable, if derivative, slice of Death Metal.\n\nOriginally written for www.metalcrypt.com",
                    "date": "February 9th, 2009"
                }
            ],
            "songs": [
                {
                    "name": "Impending Doom",
                    "length": "01:35",
                    "url": "https://www.metal-archives.com/release/ajax-view-lyrics/id/811228",
                    "darklyrics": "\n\n\n",
                    "darklyrics_url": "http://www.darklyrics.com/lyrics/abysmaldawn/fromashes.html#1"
                },
                {
                    "name": "In the Hands of Death",
                    "length": "03:41",
                    "url": "https://www.metal-archives.com/release/ajax-view-lyrics/id/811229",
                    "darklyrics": "\nA darkest veil conceals the presence of us all\nThrough countless wages of war we find our kind\nEver elusive with time\n\nWithin the presence of another being\nA failed kingdom shall fall\nDistill the vengeance bestowed on me\nChoose your allegiance for this war\n\nMankind's failed there's no escaping what's to come\nIn desperate times we cannot hide\nSwift retribution is insured\n\nJoining with destiny\nPunishing without control\nCleansing humanity\nWhat will be left of us all?\n\nLife ending prophecy\nThe end has been right on the wall\nSands of mortality\nBrushed by death, crumble and fall\n\nNow turn these pages of insanity\nUpon your threshold made of bone\nFading memories of what must be\nForgotten remnants of a throne overthrown\n\n",
                    "darklyrics_url": "http://www.darklyrics.com/lyrics/abysmaldawn/fromashes.html#2"
                },
                {
                    "name": "Blacken the Sky",
                    "length": "04:03",
                    "url": "https://www.metal-archives.com/release/ajax-view-lyrics/id/811230",
                    "darklyrics": "\nBurning winds, celestial death\nInhale the torment searing me and consuming my breath\nTo ashes I am bound\n\nBreathe the winds of decay\nOh fire, take me away from this place\n\nOh horrid obsession\nThrough death we meet again\nExquisite and formless the wind carries me\nDrift now closer to heaven\n\nNo longer am I\nBound to this world of lies\nGone is the pain\nGone is this life\nMy remains to blacken the sky\n\nHeavens denied\nBlacken the sky\n\nOh horrid obsession\nThrough death we meet again\nChoke on the embers of forgotten life\nBlacken the sky\n\nHeavens denied\nBlacken the sky\n\nPrecious, godless, phoenix\nOne who rises from the ashes of a disembodied soul\n\nI drift towards the abyss\nEclipse \u2013 the day is gone\nAscend to mournful heavens\nTo right what has been wronged\nDisplaced, I die to be reborn\nI shed my flesh of scars once worn\n\nIgnite the gates of heaven\nConsume the throne of fraud\nIn tears I longed for her\nNow I reach my hand beyond\nGrey sinister clouds of darkness\nInfest the world of God\nNow watch the angels falling\nFrom the scorched abysmal dawn\n\nAs they watched the angels falling\nFrom the abysmal dawn\nMy soul begins to cry\nBlacken the sky\n\n",
                    "darklyrics_url": "http://www.darklyrics.com/lyrics/abysmaldawn/fromashes.html#3"
                },
                {
                    "name": "Servants to Their Knees",
                    "length": "03:50",
                    "url": "https://www.metal-archives.com/release/ajax-view-lyrics/id/811231",
                    "darklyrics": "\nConquering this poisoned land of dream\nFrom this sleep I am now torn\nA hatred vast turns this world to black\nFall unto your knees or you will suffer\n\nMute the screams\nOf minds unleashed\nAwakened from slumber\nServants will fall\n\nFor what we are we will now suffer\nA mindless growing herd upon this earth\n\nServants to their knees\n\nAwake at last drowning in this mass\nWondering now what is God?\nMinds unleashed quell this wretched beast\nFall unto your knees or you will suffer...\n\nFor what we are\n\nMute the screams\nOf minds unleashed\nAwakened from slumber\nServants will fall\n\n",
                    "darklyrics_url": "http://www.darklyrics.com/lyrics/abysmaldawn/fromashes.html#4"
                },
                {
                    "name": "Wicked Impulse",
                    "length": "03:17",
                    "url": "https://www.metal-archives.com/release/ajax-view-lyrics/id/811232",
                    "darklyrics": "\nWretched are those that be, search not for why\nCold demons barely alive\nIn wake of insanity why won't you rise?\nRelease us from evil that lurks inside\n\nFather of mine\nIf thou art divine\nWhen will you rise again?\n\nFor years forgotten pleas hung in the sky\nCome to me oh serpent divine\nFall on hypocrisy bleed them of lies\nRelease us from evil that lurks inside\n\nFather of mine\nIf thou art divine\nWhen will you rise again?\nI'm calling out!\n\nBorn of cancerous life all we touch withers and dies\nThe curse of humanity; a race against time\nWicked impulse to consume life\n\nWretched are those that be, search not for why\nCold demons barely alive\nIn wake of insanity why won't you rise?\nRelease us from evil that lurks inside\n\nFather of mine\nIf thou art divine\nWhen will you rise again?\nWill you not rise again?\n\n",
                    "darklyrics_url": "http://www.darklyrics.com/lyrics/abysmaldawn/fromashes.html#5"
                },
                {
                    "name": "Solitude's Demise",
                    "length": "04:25",
                    "url": "https://www.metal-archives.com/release/ajax-view-lyrics/id/811233",
                    "darklyrics": "\nRestless beings ones who walk this earth unseen eternally\nLonging to be free\n\nA new day has dawned\nWhat's to become of them?\n\nAncient tongues of old once spoke of\nSolitude's demise\nEchoing from a silence broken\nOnly I can hear their cries\n\nSpirits that long to be free enter my thoughts possessing me\n\nNow I've seen the absence of humanity roaming free through out our history\nThe fallen of this age have come with weary eyes and broken hearts\nCalling me to end this misery\n\nAncient tongues of old once spoke of\nSolitude's demise\nEchoing from a silence broken\nOnly I can hear their cries\nWill they ever escape and be reborn?\nRemnants of a past frozen\nKept alive in shapeless forms\n\nA new day has dawned...\n\n",
                    "darklyrics_url": "http://www.darklyrics.com/lyrics/abysmaldawn/fromashes.html#6"
                },
                {
                    "name": "State of Mind",
                    "length": "04:04",
                    "url": "https://www.metal-archives.com/release/ajax-view-lyrics/id/811234",
                    "darklyrics": "\nTorrents of anger running through my veins\nLying in isolation in darkness I remain\nIn waiting for a sign of past visions of my life\n\nDrift back to a distant primal self and visualize\nWorlds locked within the make up of our cells\nTranscend this life\n\nThrough the ages I've kept a part of us throughout time\nI'm lost inside the mind in which I hide\nI know what's seen by eyes is all a state of mind\nIf I'm dreaming I can't wake up\n\nFrom conception we begin\nDying matter never ends\nAre we only bred to die?\nJust a shadow of our time\n\nThe mind brings the defiance of the soul\n\nThe history of mankind\nThe haunting images curse this life\nI awaken and now realize it is all a state of mind\nA prison well designed\nOur limits defined\n\n",
                    "darklyrics_url": "http://www.darklyrics.com/lyrics/abysmaldawn/fromashes.html#7"
                },
                {
                    "name": "Salting the Earth",
                    "length": "03:23",
                    "url": "https://www.metal-archives.com/release/ajax-view-lyrics/id/811235",
                    "darklyrics": "\nSave me now from this plane\nLiquefy my hatred\nGive us shelter from the rain\nEmbrace your safety\nheading through the fog\nFloating in a dream\nAwaken from the torment\nWe are obscene\n\nFloating now in a dream\nHolding back the urge to scream\n\nWinds befall endlessly\nBeating at a figure\nShout into the heartless gray\n\"What's next to conquer?\"\nHeading through the fog\nFloating in a dream\nAwaken from the torment\nWe are obscene\n\nUnconquerable now we're salting the earth\n\nI foresee the end complete\nRitually engulfed in suffering\nWalk with me through fields of greed\nPerpetually enslaved to selfish need\n\nWill we find solace when we know the truth?\nWill it bring us peace, or piece of mind?\nNow bringing out our weakness; devotion absolute\nStaring blankly at an empty sky\n\nUnconquerable now we're salting the earth\nHabitual, lifeless and born without worth\n\nI foresee the end complete\nRitually engulfed in suffering\nWalk with me through fields of greed\nPerpetually enslaved to selfish need\nBorn to suffering\nWalk through fields of greed now\n\n",
                    "darklyrics_url": "http://www.darklyrics.com/lyrics/abysmaldawn/fromashes.html#8"
                },
                {
                    "name": "Crown Desire",
                    "length": "04:25",
                    "url": "https://www.metal-archives.com/release/ajax-view-lyrics/id/811236",
                    "darklyrics": "\nExtracting cruelty\nFrom those who go unseen\nFrom a heart of malice\nComes grave atrocity\n\nCold is the flesh that yearns for the sun\nLying in earth forgotten, rotten and gone\n\nOh crown desire\nYour thorns once made me weep\nPain now inspires\nThese wounds so bitter sweet\n\nRoses once teardrops now fall in her hand\nWoo the forsaken wearing the crown of desire\n\nGods cannot be failing now\nWhores cannot be caring now\nWorlds seem to be crumbling down\nTime cannot be running out\n\nRotten and gone\nYearn for the sun\nWoo the forsaken\nDesire has come\n\n\n\n",
                    "darklyrics_url": "http://www.darklyrics.com/lyrics/abysmaldawn/fromashes.html#9"
                }
            ],
            "song_names": [
                "Impending Doom",
                "In the Hands of Death",
                "Blacken the Sky",
                "Servants to Their Knees",
                "Wicked Impulse",
                "Solitude's Demise",
                "State of Mind",
                "Salting the Earth",
                "Crown Desire"
            ]
        },
        {
            "name": "Programmed to Consume",
            "type": "Full-length",
            "year": 2008,
            "review_num": 6,
            "review_avg": 70,
            "url": "https://www.metal-archives.com/albums/Abysmal_Dawn/Programmed_to_Consume/188747",
            "reviews_url": "https://www.metal-archives.com/reviews/Abysmal_Dawn/Programmed_to_Consume/188747/",
            "reviews": [
                {
                    "title": "It's Alright... - 68%",
                    "content": "And that's all this album is, really. It's alright, its okay, and it's very standard. Every riff on here, every groove, every drumbeat, and every growl...is standard and kind of nonexistent. Now, I was given this album by a friend to listen to, and I only had a little amount of interest when I recieved it in a trade. The first few listens ended with me dissatisfied, I didn't even care that I had used up forty minutes of the day; it just seemed like another album. \n\nAnd that's where this album falls down on its face. As I've said about five times already, this album is standard technical death metal. Although the band can write a good riff (see: intro to 'Twilight's Fallen' or 'Grotesque Modern Art'), they seem content with pedal point riffs that don't do much for the song or for the album, either. \n\nThe guitars are tuned low (B, I think) to give it a bit of chunk because I don't think this album would sound heavy without the heavy detuning, and the guitars have this airy, modern sound that really gets on my nerves. I'm a huge fan of those old South American buzzsaw tones, and this is about as far away from those as possible. The riffs, as I said before, either consist of pedal points, technical idiocy, or the occasional really good death metal riff. \n\nThe bass is absolutely nonexistent. I've heard later-era Slayer albums with more bass presence. It's sad, really. The drums are competent for a modern technical death metal release. What I mean by that, is that you get your helpings of blast beats, huge double bass fills and patterns, and rolls from hell. Now this is fine and dandy, but this permeates the album with a feeling of \"look at me guys\". \n\nThe vocals are most definitely the highlight here. Really, Mr. Elliot is a phenomenal vocalist in all categories. His lows have a gurgle and power that remind of Mikael Akerfeldt, but a bit lower and a little less powerful, and his highs have this airy, but weak, quality to them. One issue I have with this album's vocals, is they all sound detuned in the studio, as if Charles can't go this low. He might be able to, but it just feels automated and processed.\n\nAnd, here is another issue. The production; I am a firm believer in analog recording, and especially cheap analog recording, and production like this album is just irritatingly clean. It feels as if robots are playing this album, but not in a group, as if they all have their own rooms and everything is handled with a stupidly mechanical feel.\n\nSo, overall, the album is weak in the instrumental aspect, production aspects, and songwriting aspects, but strong in the vocal and lyrical categories. I don't recommend this for anyone, unless you really like modern tech death with a sheen so bright, you'll blind yourself.",
                    "date": "August 8th, 2009"
                },
                {
                    "title": "A step into old school death metal - 82%",
                    "content": "Abysmal Dawns' latest release Programmed to Consume seems to take a step back to the beginning of death metal, with the intense thrashy riffs and blaring blast beats this album gets you pumped.\n\nThe album opens up with the title track \"Programmed to Consume\", using some static and a deranged voice panning left to right and back again to give this apocalyptic feeling right from the start. At the end of this strange message you get the hear the power of the drums, the guitars, and something else, Elliot's vocals. They are nothing short of amazing switching it up from the low growls to these powerful highs which have some clarity to the pronunciations. \n\nThere are a good amount of memorable tracks on this album i.e. Twilight's Fallen, Grotesque Modern Art, and this beautiful instrumental aeon Aomegas. \nTwilight's Fallen starts off with a catchy rhythm to it. It gives the drummer a chance to do more than the standard blasts and double bass. The chorus also features some nice backing vocals from Jacob Enfinger of Reciprocal, giving a strong foundation for the song.\n\nNow as I mentioned above aeon Aomegas is one of the most memorable tracks on Programmed to Consume. It lets Jamie Boulanger step into the spot light a bit, being that Elliot plays the majority of solos on the album. It shows that Abysmal Dawn does have some great writing talent. aeon Aomegas would have to be the most creative song on the album, given its not the most creative album,(but hey who cares it still sounds great), the acoustic guitar, and rolling thunder in the background gives this song a nice dark feeling to it that leaves the listener in a pleasant awe by the end.\n\nSo anyways Abysmal Dawns' Programmed to Consume does deserve a listen. I'm happy to have this in my collection, and hopefully they have more to come.",
                    "date": "July 27th, 2009"
                },
                {
                    "title": "remember this name - 75%",
                    "content": "My first exposure to Abysmal Dawn was the band\u2019s 2006 debut album From Ashes which is one of the most uninspiring and insipid albums I\u2019ve heard and it was only after some constant praise from a friend on the forums that I bothered giving this album a try. I have to say that I\u2019m pretty glad I did.\n\nAbysmal Dawn\u2019s Programmed to Consume is the band\u2019s second full length out this year through Relapse. The band play a form of death metal that is derivative but at the same time is stuffed full of terrific grooves and the kind of hell for leather aggression that you expect from a death metal band. At the same time, there are enough touches of inspiration, changing of tempos, kickass soloing and slight flirtation with black metal to keep things always interesting.\n\nThe band\u2019s sound is a nice who\u2019s who of classic death metal with songs bearing touches of everything from Malevolent Creation to Morbid Angel and Suffocation while the lead playing reminds me of Decapitated. It is in fact the guitar playing of Charles Elliot and Ian Jekelis that sets this band apart from a large chunk of their peers. The songs are full of great riffs that go from jackhammer intensity to slowed down atmospheric guitar parts and every song on this album has at least one really big fat groove. The high quality lead playing is simply the icing on the cake. Elliot also turns in a very good performance as vocalist alternating between a solid death metal growl a raspy voice that is very effective.\n\nStand out tracks include album opener and title song Programmed to Consume, the mid paced groove monster Twilight\u2019s Fallen, The Descent with its slight black metal feel mixed up with classic Morbid Angel and the superb album closer Walk the Path of Fire.\n\nOverall, Programmed to Consume is a high quality death metal album. The band is not doing anything new within the genre but much like Thorium, they stick to writing memorable songs within a well established framework and manage to pull off a very enjoyable album. Also, with the level of improvement between the debut and this album the band might well pull off something truly special next time around. As it is, they\u2019ve come pretty close this time. \n\nOriginally written for http://www.kvltsite.com",
                    "date": "December 11th, 2008"
                },
                {
                    "title": "Original? Nope But Who Cares? - 75%",
                    "content": "I rarely do this but I bought this record on a whim. Yes I was actually lured by the little header that Relapse put and after listening to it at the store decided it was worth my money. What I have garnered upon multiple listens is that this record does not stretch the boundaries of metal, but rather does a good job at not conforming to the standard modern day \"uber tech kitchen sink with no balls\" sound that many a \"death metal\" band are trying nowadays. Abysmal Dawn do it the old fashioned way; pummeling yet groovy riffs along with monster vocals and guitar solos. Is there anything wrong with that?\n\nMy favorite element of the band's sound is from the vocal aspect. Charles Elliot, the band's leader and main songwriter also has a devastating pair of pipes. His lows, which he uses most often are guttural, balsy and remind me of Mikael Aekerfeldt's delivery. His highs are not as awesome but nonetheless get the job done. \n\nThe guitar playing is tight and concise, with the odd good solo thrown in for good measure. Nothing insanely shredderific but that is not this band's calling. They throw in a good amount of melody as well as straight-up pummeling and old school death metal grooves. \n\nOverall this is text book death metal. No gimmicks, no \"core\" to be found (thank Satan!). This band is a lot more metal than many modern day pretenders. \n\nAs for album highlights, the opener and title track \"Programmed to Consume\" has some great moments, \"Grotesque Modern Art\" rocks and \"Aeon Aomegas\" is an acoustic interlude which reminds me of some early Gorguts moments and the closer \"Walk the Path of Fire\" is pretty brutal. \n\nAs previously stated, there is nothing totally new about this band, rather they execute death metal pretty well. The band gets points for having done their homework. I hope this becomes more of a norm in the modern death metal scene.",
                    "date": "October 5th, 2008"
                },
                {
                    "title": "Run-Of-The-Mill Death Metal - 50%",
                    "content": "Simply put, \u201cProgrammed to Consume\u201d is by-the-books death metal with standard thrashy riffs and speedy tremolo picking. The effort is lacking life, passion, and none of the songs feature anything resembling a hook. The only two real glimpses of creative hope was the acoustic break in the middle of the album, and the lyrical concepts spewed forth by vocalist Charles Elliot, which deal with some almost progressive content about science fiction and social commentaries. Charles is in fact the bands strongest point, with his growls resembling the powerful Mikael \u00c5kerfeldt of Opeth, accented by high screams.\n\nAs it stands, I personally don\u2019t think all is lost. There are some subtle nasty melodies riding beneath the action. Perhaps Abysmal Dawn just needs another album to hit their stride, as I can almost feel a yearning for something different bubbling beneath the surface. If that day chooses to rear it\u2019s ugly head, then that will be the day that Abysmal Dawn will truly be a force to be reckoned with.\n\nOriginally posted at www.waytooloud.com",
                    "date": "June 21st, 2008"
                },
                {
                    "title": "A Solid outting - 70%",
                    "content": "Death metal itself is a genre that has had it's ups and downs. In recent years, a select few bands have taken to stretching the boundaries of the genre in one direction or the other. Old school bands are coming back, hardcore breakdowns have made their way in (and have been ridiculously overdone), and still others push the technical boundaries of what they do.\n\nAbysmal Dawn was originally brought to my attention for having a former member of L.A.'s Rise, a band I had the pleasure of seeing at Milwaukee Metalfest one year thinking that they stood out quite a bit. This CD has a LOT of elements, but none of them being too original. That being said, this is a very solid outting by a very capable band. I get a very 1997 vibe off of the whole thing. There are riffs that could have come straight off of Cannibal Corpse's more technical material of the day (which isn't to say it's tech-death by any stretch). Some of the drum/guitar interplay reminds me a little bit of latter-day Gorguts as well, but nowhere near as out-there with the oddball noises and pick scrapes. The blast beats are very few and far between, the typical speed of this disc is either plodding and slow or Slayer-beat. The vocals are kinda squashed in the mix...no mic cupping since the vocalist also plays guitar...kinda reminiscent of what Muhammed sounds like in Necrophagist. One thing the packaging said that confused me was that amidst all the death metal bands that the band was compared to, \"Testament\" was in there in bold print and I couldn't even picture that, but now after hearing a few guitar solos, I see what they're talking about. The soloing definitely has a Skolnick kind of vibe with the excess reverb and the occasional sweep arpeggio. Very cool.\n\nOriginality isn't present here in the slightest. But if you're just looking for a kick-ass death metal disc, this is pretty damn good.",
                    "date": "May 21st, 2008"
                }
            ],
            "songs": [
                {
                    "name": "Programmed to Consume",
                    "length": "04:21",
                    "url": "https://www.metal-archives.com/release/ajax-view-lyrics/id/1336523",
                    "darklyrics": "\nLies are fed through structures quelling our mistrust\nIgnorance is fodder for machines of want\nFollowers saturate the earth\nAutomate consumption and remove our minor worth\nWhat are we, a collection of failures?\nFueling now what must be done?\nDo we work for what we've created?\nJust byproducts of manmade gods\nI'm the end for you\nYour impending doom\nYou must obey the limits\nYou're programmed to consume\nSeparate from feeling and hurt them when you must\nWill is slowly slipping as gears turn to rust\nFollowers saturate the earth\nAutomate consumption and remove our minor worth\nWhat are we now but untimely fissures\nIn a system soon to be undone?\nDo we work for what we've created?\nJust byproducts of manmade gods\n\n\n\nI am alive within your structure built against thought\nFoundations bled now topple under sensation to fall\nMan creates his prison\nBlind and void of vision\nConditioned by the system you're never free\nA symptom of the sickness that is us\nEndless waking nightmare dilutes the dream\nRapid growing contagion of the soul\nI'm the end for you\nThere's nothing you can do\nYou've created your limits\nYou're programmed to consume\n\n",
                    "darklyrics_url": "http://www.darklyrics.com/lyrics/abysmaldawn/programmedtoconsume.html#1"
                },
                {
                    "name": "Compulsory Resurrection",
                    "length": "04:10",
                    "url": "https://www.metal-archives.com/release/ajax-view-lyrics/id/1336524",
                    "darklyrics": "\nHis DNA was reconstructed\nThe laws of nature which once obstructed\nA mortal man to rise again\nHave been rewritten to cleanse our sins\nHope in turn has made them blind\nCannot perceive the harsh realities that be\nTheir savior has risen to bring about the Christian holocaust\nYou must believe for this is a sign\nFar beyond a dream he rises from torment divine\nGod is in me but now that I can see\nThey're putting out my eyes\nCompulsory resurrection\nWill bring an end to their infection\nFor how much longer can they defend\nAn artificial savior which bleeds like men\nYou must believe for this is a sign\nFar beyond a dream he rises from torment divine\nGod is in me but now that I can see\nThey're putting out my eyes\nWorlds they change yet reinstate their sordid martyrs up a upon a cross\n\n",
                    "darklyrics_url": "http://www.darklyrics.com/lyrics/abysmaldawn/programmedtoconsume.html#2"
                },
                {
                    "name": "Twilight's Fallen",
                    "length": "05:29",
                    "url": "https://www.metal-archives.com/release/ajax-view-lyrics/id/1336525",
                    "darklyrics": "\nBorn into the realm of infamy\nMy mind secedes into the calm\nAngels weep in the throes of their humility\nAnother day has come and gone\nTwilight's fallen\nConsumed by dark\nGod is forgotten\nYour savior's lost\nKneel now at the altar of greed and hypocrisy\nGather strength to carry on\nThe cross they bear grows heavy on their weakened anatomies\nThe weight of guilt has brought them down\nTwilight's fallen\nConsumed by dark\nGod is forgotten\nYour saviors lost\nYou can't be saved a truth obscured by lies\nWe are the plague from which you cannot hide\nTwilight's fallen\nConsumed by dark\nHorrors forgotten\nReturn at once\nThis ripe disease has stripped them of self worth\nThe crows they feed and move for the kill\nSpiritual oppression awakens iconoclasts\nViolent processions are soon revealed\nSet them free from the bonds of men\nLet them breathe without despair\nThe things I've seen have sparked a new rebirth\nProvoked by scenes that make me ill\nSet them free from the bonds of men\nLet them breathe without despair\nSpiritual oppression awakens iconoclasts\nViolent processions will rid them of false hope... false hope\nPlunged into the land of infamy\nA world consumed by rights and wrongs\nYou can't be saved a truth obscured by lies\nWe are the plague from which you cannot hide\n\n",
                    "darklyrics_url": "http://www.darklyrics.com/lyrics/abysmaldawn/programmedtoconsume.html#3"
                },
                {
                    "name": "Grotesque Modern Art",
                    "length": "03:10",
                    "url": "https://www.metal-archives.com/release/ajax-view-lyrics/id/1336526",
                    "darklyrics": "\nSpill onto canvas\nGruesome art stirs the consciousness\nA last exhibit a masterpiece of mortal flesh\nI'm falling down\nMy last breath is leaving now\nI die wanting to show my truth\nPoison leaves my eyes\nA work of progress in the gallery laid to rest\nI'm bought and sold an ornament in their control\nNever wanted acceptance, so turn away in ignorance\nMy death is art and suffering is tortured bliss\nI'm falling down\nMy last breath is leaving now\nI die wanting to show my truth\nPoison leaves my eyes\nAbsolve me and show my bleeding heart\nFor all to see in the gallery of grotesque modern art\nA portrait steals the soul\nKnow me upon the wall\n\n",
                    "darklyrics_url": "http://www.darklyrics.com/lyrics/abysmaldawn/programmedtoconsume.html#4"
                },
                {
                    "name": "A Remission of Life",
                    "length": "03:46",
                    "url": "https://www.metal-archives.com/release/ajax-view-lyrics/id/1336527",
                    "darklyrics": "\nChildren condemned by the light\nMourn their instinctive fears\nTheir questioning nature will disprove the lies\nContainment of valor abandoned and now cast aside\nChildren born just to die\nLiving in mortal fear\nBring on dissension and break through their lines\nYou live an invention without meaning or true sacrifice\nYou cannot deny\nA remission of life\nCaptive inside of their lives\nPurpose never clear\nThe knowledge is there for you to find\nThe truth you may abhor\nQuesting for your human rights\nIn perilous longing forevermore\nChildren born just to die\nControlled by mortal fear\n\n",
                    "darklyrics_url": "http://www.darklyrics.com/lyrics/abysmaldawn/programmedtoconsume.html#5"
                },
                {
                    "name": "The Descent",
                    "length": "04:17",
                    "url": "https://www.metal-archives.com/release/ajax-view-lyrics/id/1336528",
                    "darklyrics": "\nAs I breathe this cold that confines me\nIt is I who hopes to bring light to this valley of death\nBehind the shadows of lies\nBrilliant beams converge now to blind me\nI cannot feel shame nor regret but in the presence of death\nWhen the vultures arrive\nSlaves, your time of descent will come with us all\nPain the way of all flesh that withers to old\nAll that you dream will be forgotten\nAnd burn with the kindred of souls\nI am the seed who was begotten\nTo rot with the waste of this earth down below\nNow burn with the kindred of souls\nYour hopes have now aged and withered away\nAll that you dream will be forgotten\nAnd burn with the kindred of souls\nI am the seed who was begotten\nTo rot with the waste of his earth down below\n\n",
                    "darklyrics_url": "http://www.darklyrics.com/lyrics/abysmaldawn/programmedtoconsume.html#6"
                },
                {
                    "name": "Aeon Aomegas",
                    "length": "01:42",
                    "url": "https://www.metal-archives.com/release/ajax-view-lyrics/id/1336529",
                    "darklyrics": "\n\n\n",
                    "darklyrics_url": "http://www.darklyrics.com/lyrics/abysmaldawn/programmedtoconsume.html#7"
                },
                {
                    "name": "Cease to Comprehend",
                    "length": "04:48",
                    "url": "https://www.metal-archives.com/release/ajax-view-lyrics/id/1336530",
                    "darklyrics": "\nYou hide behind a mask of ignorance\nYour poor excuse won't last as your defense\nYou spend a lifetime living in contempt\nYour end will soon come fast\nYour time is at an end\nI wreak vengeance on all of your kind\nI bring judgment and the ending of lies\nStep to the pulpit and hang your head\nLive for this moment before we make you dead\nDeceit that you've spread now is met with consequence\nWe reap the bitter fruits of this our sweet revenge\nYou seem to cease to comprehend\nWords have a meaning, which you need to understand\nI will your kingdom gone\nRetribution swift and cold\nYou seem to cease to comprehend\nWords have a meaning, which you need to understand\nI will your kingdom gone\nYou take one last gasp pleading innocence\nYour pain is all we ask as we make amends\nYou've spent a lifetime living in contempt\nYour demise comes at least\nPlead for the very end\nI wreak vengeance on all of your kind\nBringing judgment and the ending of lies\nStep to the pulpit and hang your head\nLive for this moment before we make you dead\nDeceit that you've spread now is met with consequence\nWe reap the bitter fruits of this our sweet revenge\n\n",
                    "darklyrics_url": "http://www.darklyrics.com/lyrics/abysmaldawn/programmedtoconsume.html#8"
                },
                {
                    "name": "Walk the Path of Fire",
                    "length": "05:40",
                    "url": "https://www.metal-archives.com/release/ajax-view-lyrics/id/1336531",
                    "darklyrics": "\nWe wanted so much but were doomed right from the start\nThe yearning, wanting more that comes with beating hearts\nThe path is shown and now we learn\nThrough trial and tribulation we grow and burn\nChoose to walk the path of fire and return\nWith knowledge of a lost empire\nWe have forsaken dreams with envy in our hearts\nThe bitterness in me consumes my every thought\nThe path is shown and now we learn\nThrough trial and tribulation we grow\nThis haunted soul will never rest in peace\nUntil it learns it has expired\nRemembering yet clinging onto nothing\nWe wander on this wretched earth all alone\nChoose to walk the path of fire and return\nWith knowledge of a lost empire we now burn\nWallowing in the waste of doubt\nEmpathy given then taken\nMisery will see this out\nThe truly free have nothing for taking\nHow should I feel when I feel nothing?\nThis void is growing now\nAm I now free?\nNow I have nothing\nA smile can fool you all\nWhen we finally reach those false shores of hope long desired\nThere's no turning back\nIn remembrance of things past we drift now and wonder\nWhy we've chosen the path of fire?\n\n\n\n\n",
                    "darklyrics_url": "http://www.darklyrics.com/lyrics/abysmaldawn/programmedtoconsume.html#9"
                }
            ],
            "song_names": [
                "Programmed to Consume",
                "Compulsory Resurrection",
                "Twilight's Fallen",
                "Grotesque Modern Art",
                "A Remission of Life",
                "The Descent",
                "Aeon Aomegas",
                "Cease to Comprehend",
                "Walk the Path of Fire"
            ]
        },
        {
            "name": "Leveling the Plane of Existence",
            "type": "Full-length",
            "year": 2011,
            "review_num": 4,
            "review_avg": 72,
            "url": "https://www.metal-archives.com/albums/Abysmal_Dawn/Leveling_the_Plane_of_Existence/289824",
            "reviews_url": "https://www.metal-archives.com/reviews/Abysmal_Dawn/Leveling_the_Plane_of_Existence/289824/",
            "reviews": [
                {
                    "title": "Abysmal Dawn - Leveling the Plane of Existence - 80%",
                    "content": "This is one of the better death metal releases in my opinion this year. The guys in Abysmal Dawn play semi technical death metal in the vein of old Morbid Angel. But its also pretty groovy at times as well which in the grand scheme of things works in their favor. Now the album clocks in at just under 40 minutes which is just about the perfect length I think. It isn't too short but doesn't drag on too long either.\n\nOn vocals (and guitars) we have Charles Elliot and he does a pretty good job here. Elliot mainly uses a deeper death growl but bassist Mike Casio also chimes in with higher rasps as well from time to time. Just enough to change it up and make sure the vox aren't so one dimensional.\n\nAs far as Elliot's skills with the guitar they are pretty good and the riffs are enjoyable. They are technical to a degree without having the listener lose interest in whats going on. I especially enjoy whats going on in In Service of Time which serves as the best cut on the album in my humble opinion. But its not all fast paced death metal there are a few slower numbers which are just as good like Perpetual Dormancy and The Sleeper Awakens. These two tracks break up the speed but flow well with the rest of the more technical tracks. The Sleeper Awakens is especially a nice album closer.\n\nThe drumming of Scott Fuller isn't very showy its sort of your run of the mill death metal stuff. Its actually pretty tight and in no way sloppy but not over done which can annoy me with certain drummers. As usual there is quite a bit of blast beats and pretty constant double bass.\n\nLeveling the Plane of Existence gives us some in your face straight to the point death metal. The riffing doesn't get old and continues to be a good listen which is always great. And thankfully the songs are kept short instead of treading into the norms of some death metal bands to write \"epic\" songs that go off into the double digits for time. There is really nothing I can complain about accept if perhaps the drumming were a little more inventive, but that's about it.",
                    "date": "October 7th, 2011"
                },
                {
                    "title": "Just Wait for the New Morbid Angel - 60%",
                    "content": "Abysmal Dawn is a straight-up death metal band from Los Angeles. I decided to pick up their third full-length, Leveling the Plane of Existence, based purely on the strength of the awesome album art. I'm not sure what it is, but it looks cool.\n\nAnyway, after listening to the album, I have one question. Didn't anyone tell these guys Morbid Angel are already releasing an album this year? Their tones are close replicas of Morbid Angel, and their mid-paced chugging riffs have MA written all over them. The solos are of the slow chromatic variety as well. But few of the riffs have the memorability of an MA riff, and the solos seem to be thrown together without any thought put into them. \"Rapture Renowned\" and \"Manufactured Humanity\" are completely and entirely forgettable.\n\nThere are a few points of dim, obscured light, however. Other than a clumsy point in the solo of \"Rapture Renowned\", they play their instruments competently, and the death growls are competent as well. Closer \"The Sleeper Awakens\" changes things up quite a bit, sounding more like one of The Haunted's slower tracks. There is a catchy chorus to \"In Service of Time\", and \"My Own Savior\" gets a great groove going. Sadly, when they're at their best, it sounds even more like Morbid Angel, so as they gain in quality they lose in identity. \n\nThe Verdict: Morbid Angel are already releasing an album this year. You're better off waiting for that. This is not a terrible album by any means, but it's not going to be remembered by year's end.\n\noriginally written for http://fullmetalattorney.blogspot.com/",
                    "date": "April 21st, 2011"
                },
                {
                    "title": "Proving decent death metal can come from the U.S. - 80%",
                    "content": "A few days ago, Abysmal Dawn released their third full length Leveling the Plane of Existence, and it's fairly rad. This is one of those bands that makes America proud, showing that Europeans aren't the only ones who can write death metal that's brutal and well-composed at the same time. Think Suffocation, early Decrepit Birth, Hate Eternal and just a hint of Decapitated thrown into a blender, and you have the basic recipe for Abysmal Dawn.\n\nRight, let's get into this thing. The first thing that stood out for me on this album was its production value. It's funny I mentioned that they sound like Hate Eternal, because this album was mastered by none other than Erik Rutan, and his expertise really shines through here. The whole thing sounds crystal clear, but not in that sterile, overproduced way. No, what I mean by that is you can clearly hear everything going on at once; from the beefy riffs to the machine gun drums and shredding solos, nothing is left out. I wouldn't say it sounds organic, but it definitely sounds like real people playing real instruments and doing a damn good job at it, which leads me to my next topic, the music itself. As I said in the previous paragraph, the music on Leveling the Plane of Existence is very well written, settling comfortably into that gray area where it's not tech death but still much more technically proficient than your average death metal band. These guys didn't just slap a bunch of heavy-sounding riffs together and call it a song; no sir, you can tell by listening that the band put a lot of effort into their songs, spending a lot of time writing and revising until they felt everything was just right. Each song flows smoothly and no two songs sound exactly the same, as is the the problem with so many other bands these days.\n\nAs you may have gathered by now, this is a great album, but at the same time it's not without its pitfalls. I did have a couple minor issues with it, but nothing that ruined the experience. For one, there are times when it feels like there's a bit too much experimentation going on, most notably in the closing song \"The Sleeper Awakens\". For the most part it's just as good as the rest of the album, but then it suddenly slows down and turns into what I believe was a weird attempt at an atmospheric black metal segment, kind of like the beginning of \"Der Rutenmarsch\" from Belphegor. I admire the open-mindedness guys, but stick to death metal, it's what you're good at. The only other issue I had was that while it is a very good album, in all honesty it doesn't really stand out from the rest of the genre. The whole time I was listening to (and enjoying) this album, I just couldn't shake the impression that it sounded like an American band doing what plenty of other European bands like Disavowed and Hour of Penance have already done. But in the end, it's still totally worth getting.\n\n\nRead more album reviews and news at http://moshrebellion.blogspot.com",
                    "date": "February 7th, 2011"
                },
                {
                    "title": "No, but level within the plane of existence - 68%",
                    "content": "Californian death metal. In the past decade we have been inundated with scores of brutal, belligerent bands who seamlessly marry the extremity of their influences with thirsty technical ability and the psycho-intellectual ardour of apocalyptic futurism. Names like Decrepit Birth, Severed Savior, Odious Mortem and The Faceless instantly come to mind, but in truth there are a large number of similar minded acts who are not necessarily attempting to reinvent the grinding wheels from which they have been spawned, but steer their vehicles of devastation through sidereal expanses of terrain that continue to entertain the willing younger generation of death metal fanatics (and rare old timers) who don't shun their explosive proficiency. Abysmal Dawn is one such act, and through their deals with Relapse and Crash Music, they have numbered themselves among the most visible in this burgeoning scene.\n\nWhether they deserve the recognition or not is up for debate. I found both of their previous albums, From Ashes and Programmed to Consume to be decent, but ultimately too easy to relegate to the pile of forgetfulness. Great cover art, fluid technical abilities and enough of the sheer brutal aesthetic to satisfy fans of their primary influences like Suffocation, Morbid Angel and Cryptopsy, but little to grasp beyond a few mere dizzying headbang sessions. They are certainly capable of whittling out appropriate, acrobatic riffs: check the :48 second mark in \"Rapture Renowned\" or the driving, melodic spike that opens \"Manufactured Humanity\". But more often than not, the brighter moments are packaged within mere functional ballast that seems to exist only to fill the space of the composition. The band is never quite so schizoid and waltzing as Odious Mortem, extraneously jazzy as The Faceless, or ominous as Decrepit Birth, but they share a lot in common with most of the California counterparts.\n\nLeveling the Plane of Existence is far from a boring album. Their jerking dynamic skills alone will guarantee that you don't doze off through the 40 minutes of material, but there are simply too few moments that manifest into something really gripping. The solos are competent but often feel like they stretch just a few seconds long into meaninglessness, and the breakdowns offer nothing more than chugging, ballistic competence. The production is polished and low end, with moments like the muted intro to \"In Service of Time\" as the control group, but at best the band pull off a few great riffs that serve them as a West Coast alternative to early Decapitated. There is certainly a market for this style, and Abysmal Dawn obviously put effort forward in the album's creation, but I found it subtly less enjoyable than their last two, and I think they've got better in them.\n\n-autothrall\nhttp://www.fromthedustreturned.com",
                    "date": "February 1st, 2011"
                }
            ],
            "songs": [
                {
                    "name": "The Age of Ruin",
                    "length": "01:40",
                    "url": "https://www.metal-archives.com/release/ajax-view-lyrics/id/2031550",
                    "darklyrics": "\n\n\n",
                    "darklyrics_url": "http://www.darklyrics.com/lyrics/abysmaldawn/levelingtheplaneofexistence.html#1"
                },
                {
                    "name": "Pixilated Ignorance",
                    "length": "03:50",
                    "url": "https://www.metal-archives.com/release/ajax-view-lyrics/id/2031551",
                    "darklyrics": "\nI am the new flesh\nA distorted human being\nProjections altered states within my mind\nIs this a dream or another state of consciousness?\nReality of a fiction in my eyes\n\nViolence engulfs the living dream\nReprograms me for control\nTorture viewed upon the screen\nInfluence over us all\n\nI am the new flesh\nA distorted human being\nA soldier in the battle for control\nI see my new self in pixilated ignorance\nAn image condemned to leave me cold\n\n\nPerpetuation of fraud\nIndoctrination of your God\n\n\nVictimize masochistic masses\nDehumanize to gain control\nFortify your stranglehold\n\nPacify the living torment\nGenocide of the soul\nMortified you come to an end\nHumankind you're bought and sold\n\n\n\nI live confined by all that I perceive\nKill me projections of life made to deceive\n\n\n\n\n\n",
                    "darklyrics_url": "http://www.darklyrics.com/lyrics/abysmaldawn/levelingtheplaneofexistence.html#2"
                },
                {
                    "name": "In Service of Time",
                    "length": "04:48",
                    "url": "https://www.metal-archives.com/release/ajax-view-lyrics/id/2031552",
                    "darklyrics": "\nTime moves in this vicious endless circle\nFulfilling the so called will of the divine\nTo enter this world alive is that same as when we die\nCrawling on our knees in service of time\n\n\nChasing a dream you cannot seem to forget\nMistakes that you've made remembered in your dying breath\nTime has a way of collecting its debts\nBringing us closer to death\n\nTime adds to the weight upon heavy shoulders\nWith the knowledge that you will surely die\n\n\n\nFeel the decay of your life\n\nCruelty is false eternity\nFor the ones immortal in their own minds\nWe're born and raised to die\nThere's no meaning to this life\nIndebted to a God enslaved by time\n\nMan is a servant enslaved by time\nGod is a servant enslaved by\u2026\n\nTime moves in this vicious endless circle\nFulfilling the so called will of the divine\nThere is no time for regret only regret with time\nThe fountains of your youth have run dry\n\n\n\n",
                    "darklyrics_url": "http://www.darklyrics.com/lyrics/abysmaldawn/levelingtheplaneofexistence.html#3"
                },
                {
                    "name": "Rapture Renowned",
                    "length": "04:27",
                    "url": "https://www.metal-archives.com/release/ajax-view-lyrics/id/2031553",
                    "darklyrics": "\nMy lust for power is my life\nI align myself with those in darkness\nI do refuse to see yet no I am not blind\nNow I must endure this on my own\n\nAmbitions and cold\nNow die alone\n\nI leave the ones I loved behind\nFollowing my wanton heart of darkness\nMy selfish needs the change constantly with time\nAnd now my dreams have turned to stone\n\nAmbitions and cold\nNow die alone\n\nMy disease \u2013 mortality\nLong to live in memories\nSelfish needs will bring no peace\nAdmit fault to admit defeat\n\n\nMy sins are atoned\nIn rapture renowned\nMy sins are atoned\nI see the world through narrow eyes\nYou all were fashioned in my likeness\nAm I not God and has my kingdom come?\nNo, I must endure this on my own\n\nExalt me and praise my likeness\nSickening being your time will come\nCut from me this rib of darkness\nSet me free to carry on\n\n\n\n",
                    "darklyrics_url": "http://www.darklyrics.com/lyrics/abysmaldawn/levelingtheplaneofexistence.html#4"
                },
                {
                    "name": "Our Primitive Nature",
                    "length": "00:56",
                    "url": "https://www.metal-archives.com/release/ajax-view-lyrics/id/2031554",
                    "darklyrics": "\n\n\n",
                    "darklyrics_url": "http://www.darklyrics.com/lyrics/abysmaldawn/levelingtheplaneofexistence.html#5"
                },
                {
                    "name": "Perpetual Dormancy",
                    "length": "04:41",
                    "url": "https://www.metal-archives.com/release/ajax-view-lyrics/id/2031555",
                    "darklyrics": "\nSpiraling down into a world without a conscious\nSelflessness a vision rarely seen\nCrawling out of the sickness that surrounds us\nDrifting from a womb of selfish greed\n\nThe righteous are long for death\nMartyrs now cognizant\n\nFilled with doubt my hatred becomes boundless\nCannot rest in dens of enemies\nLet them pray for a change that they'll call progress\nRenew their faith so that they may proceed\n\nThe righteous are longing for death\nMartyrs now cognizant\n\nI see the herds of passive flesh\nPlunging to their untimely deaths\nOur world is falling to pieces\n\n\nThe essence of this world is rotten\nDecaying in a violent sea\nLost souls forgotten\nIn perpetual dormancy\n\nI see the herds of passive flesh\nWandering from the hope they've left\nCannot forget their faces\n\n\n\n\n\n",
                    "darklyrics_url": "http://www.darklyrics.com/lyrics/abysmaldawn/levelingtheplaneofexistence.html#6"
                },
                {
                    "name": "Leveling the Plane of Existence",
                    "length": "04:43",
                    "url": "https://www.metal-archives.com/release/ajax-view-lyrics/id/2031556",
                    "darklyrics": "\nEndless seas of spontaneous generation\nExtinction in the wake of the new dawn\nErosion of our species comes now in due time\nEvolution at the cost of our own blood\nWrithing in misery rapture comes now to us all\nHideous violent beings your decadence has come and gone\n\n\nWorthless forms of life\nCaught in the path of resistance\nYour old order dies\nWe're leveling the plane of existence\n\nCleansing act of insidious evolution\nMalignancy expunged now from this world\nA new form of life \u2013 a new era has begun\nDegradation the commencement of rebirth\n\n\n\nThe waters will rise and your cities will crumble\nWashed away with the tide drift off into nothing\nThe winter arrives and then turns to fire\nNo one will survive you're compost for creation\n\n\n\nYour old order dies!\n\n",
                    "darklyrics_url": "http://www.darklyrics.com/lyrics/abysmaldawn/levelingtheplaneofexistence.html#7"
                },
                {
                    "name": "Manufactured Humanity",
                    "length": "02:58",
                    "url": "https://www.metal-archives.com/release/ajax-view-lyrics/id/2031557",
                    "darklyrics": "\nThey come to steal my soul\nFor this shell in their control\nI look into darkness that stress back at me\nTrapped in this cell I long to be free\n\nMy mind tortured day and night as I choke back a cry\nCondemned to observation with this cloned form of life\nBaring my resemblance I want him to die\n\n\nArtificially grown\nManufactured humanity\nWe're genetically cloned\n\nIt's eyes now seem to look with a gaze made of stone\nA morbid fascination to reap what they have sown\nI murder this reflection this reflection so that I stand alone\n\nThe secrets of the soul\nUnlocked as my sanity unfolds\nWatch as this false form of life seems to fade\nThe essence of which I've learned to hate\n\nIn secrecy carried out experimentation\nHorrific dream from which I cannot awaken\nHeartless being soulless incarnation\nInsanity \u2013 mentally deconstructed\n\n\n\n",
                    "darklyrics_url": "http://www.darklyrics.com/lyrics/abysmaldawn/levelingtheplaneofexistence.html#8"
                },
                {
                    "name": "My Own Savior",
                    "length": "04:18",
                    "url": "https://www.metal-archives.com/release/ajax-view-lyrics/id/2031558",
                    "darklyrics": "\nOh god is this the only path for me\nOr is there some choice left?\nWhile reaching for the stars we fall into regret\nIn deepest times of woe our destinies are met\n\nThe pain in me has finally left\nI died to pay my last respects\nTo the thing I was and now I must endure\nI know now I was weak and suffering's the cure\n\n\nI'm my own savior\nGod lies in me\nReborn I'm my own creator\nI control my destiny\u2026\nControl my destiny\u2026\nI control my destiny\n\nWe fall then rise with this everlasting ebb and flow\n\n\n\n",
                    "darklyrics_url": "http://www.darklyrics.com/lyrics/abysmaldawn/levelingtheplaneofexistence.html#9"
                },
                {
                    "name": "The Sleeper Awakens",
                    "length": "06:37",
                    "url": "https://www.metal-archives.com/release/ajax-view-lyrics/id/2031559",
                    "darklyrics": "\nEmpty as I lay here in waiting\nLooking for a sign of life within this gloomy soul\nOur time has expired but I will not let go\nInside of me I fight this battle alone\n\n\nAnd the full moon will rise\nOn this world we've forsaken\nNow that we've finally arrived\nLet the sleeper awaken\n\nDystopia your children lay broken\nNow sleep and dream through this future uncertain\nLet the sun warm my face as my eyes burn with sulfur\nLet me drink from your fountain just to die then of hunger\n\n\n\nPain leaves their eyes\nNow is there hope or only a fantasy?\n\nFeel the change now with the dawn\nWondering what's to become\nExpediency of death and birth\nDescending into this blackened earth\nShadows cast to obstruct our view\nConcealing us from a shameful truth\nCling the rotten breast and thirst for life\nHear the weeping brood of all mankind\n\nPain leaves their eyes\nNow is there hope or only a fantasy?\n\n\n\n\n",
                    "darklyrics_url": "http://www.darklyrics.com/lyrics/abysmaldawn/levelingtheplaneofexistence.html#10"
                }
            ],
            "song_names": [
                "The Age of Ruin",
                "Pixilated Ignorance",
                "In Service of Time",
                "Rapture Renowned",
                "Our Primitive Nature",
                "Perpetual Dormancy",
                "Leveling the Plane of Existence",
                "Manufactured Humanity",
                "My Own Savior",
                "The Sleeper Awakens"
            ]
        },
        {
            "name": "Obsolescence",
            "type": "Full-length",
            "year": 2014,
            "review_num": 3,
            "review_avg": 75,
            "url": "https://www.metal-archives.com/albums/Abysmal_Dawn/Obsolescence/442871",
            "reviews_url": "https://www.metal-archives.com/reviews/Abysmal_Dawn/Obsolescence/442871/",
            "reviews": [
                {
                    "title": "A dawn that should've matured more - 78%",
                    "content": "Growing stronger with every release, California death metal machine Abysmal Dawn has quickly become one of the more prominent names in the modern death metal scene with their stunning mixture of old-school rhythms with more modern technicality. Being the only release by the band as a four-piece with second guitarist Andy Nelson leaving the group afterwards as well as drummer Scott Fuller decamping as well, the group\u2019s fourth full-length effort was released October 24, 2014 on Relapse Records.\n\nAs with the majority of the modern death metal groups, the focus here is mainly on the album\u2019s unrelenting riff-work being present first and foremost. This one really tends to go for the deep churning riff-work and charging groove rhythms commonplace in the modern scene, all given a fine technical bent that makes the tracks seem far more devastating with dexterous drumming and swirling grinding patterns cropping into the riff-work as well. This makes for a solid intensity to the album that meshes quite nicely with the other sections here where the focus is on the more old-school rhythms as the charge shifts through simplistic mid-tempo tones with sweeping riffs, dynamic drumming and blazing melodic breaks that leave this one with plenty of variety and dynamic shifts between the tracks where it goes nicely between the frantic technicality elsewhere. This does start to wear thin here as the album does come off with more of a sense of familiarity as it goes along here with this one tending to feel rather much like most other bands of the style tend to do as it goes for the kind of familiar burst of grinding brutality and technicality before switching over into a more melodic passage and really makes this struggle to retain the attention as it goes along into the second half as you\u2019ve already heard the bands\u2019 tricks by that point. There\u2019s very little variety with this one that really sticks out here as it\u2019s without fail an either/or style release, and that makes for a finely performed if overall-bland offering. Still, it\u2019s good at what it does which makes it somewhat listenable if not a stand-out effort.\n\nThough there\u2019s plenty of moments where this one comes off as more one-note than it really should as the lack of real variety does wear thin here, this is still a decent enough effort when it really gets going that there\u2019s a lot to like here for most fans of modern death metal to really enjoy and get the most out of this one.",
                    "date": "June 6th, 2017"
                },
                {
                    "title": "Meat n potatos - 70%",
                    "content": "Too often modern death metal bands seem content to imitate genre originators ala Morbid Angel, Cannibal Corpse or Deicide. Hence, it is refreshing to hear a band that plays traditional death metal and somehow manages to come across as reasonably unique. And, with Obsolescence, Abysmal Dawn do just that.\n\nSure, it's not mind blowing, it's certainly not innovative, and it's not even an awesome example of traditional death metal. Occasionally it does delve into clone territory with some sections hearkening back to Bloodbath and Immolation, as well as occasionally delving into derivative technical death metal.\n\nIt is, however, a reasonably satisfying affair with lots of great chunky riffs. The song writing is proficient enough, and they occasionally come up with a real memorable song like \"Inanimate.\" The band does display a bit of variety which keeps it interesting; they effortlessly go from almost Kataklysm-esque grooves to brutal blasts to mellow bits, and it's technical at times but not in an irritating or overblown way. To close the album off, there's a cover of Dissection's \"Night Blood\" which adds some melodic black metal elements in.\n\nThe mix is quite good. Too often modern death metal bands amp up the drums when compared to the guitars but Abysmal Dawn rightfully keeps the guitars up in the mix. The sound is also not sterile, another of this reviewer's pet peeves in the genre. \n\nCharles Elliott does his best in showcasing that he should have been the next vocalist for Bloodbath as opposed to Nick Holmes. His voice is very much in the vein of Pete T\u00e4gtgren or Mikael Akerfeldt, and he would've fit in perfectly on Bloodbath's new one.\n\nSo in the end, Obsolescence is an enjoyable if unspectacular affair. It does show signs of potential greatness. Provided all their ducks come in a row, Abysmal Dawn could be coming up with a classic of their own next time around.",
                    "date": "February 18th, 2016"
                },
                {
                    "title": "If only they could perfect slavery ... - 78%",
                    "content": "I can't believe, a year after this albums release it hasn't been reviewed.\n\nAbysmal Dawn is a technical death metal band from Los Angeles, California; probably the most unlikely of places to find good technical death metal. But there you have it. They're previous works were nice, if slightly underwhelming takes on the genre. The production values and song writing have gotten as significant boost on this album.\n\nThe production, first and foremost, is just about perfect. Sharp, snappy drums, meaty but clear guitar tone and a sweet over all mix. \n\nI gotta acknowledge this drummer, because he's so free with his use of cymbals and toms, and yet it doesn't sound too chaotic or random, and always helps moves the music forward, even while standing on it's own legs.\n\nThe band's sound is like good ol' US death metal got sprinkled with the technical stylings of Canada and Europe, that is to say it's not blended in, but rather pretty patchy. For example, the first two tracks are very European with slightly neo-classical riffage, and a touch of melody in the vein of the Europeans, but the next three tracks are more rhythmic, even occasionally groovy and Eastern US sounding. Come to think of it, tracks 7 and 8 have even a flair of European black metal chords.\n\nThe album is over all very solid death metal, that, although is certainly pretty generic doesn't fail to get the head nodding and evoke all the proper murder instincts that death metal should. There are two standout tracks however. Easily the best track on the album is Perfecting Slavery which is hardhitting, tight, and exemplary technical death metal. It has fast, neo-classical type riffs, fantastic drumming, and all the whirlwind riffing you could ever want from a awesome technical death metal track. The other standout track is The Inevitable Return to Darkness which is the nice almost-epic closer has a truckload of riffs and opens up to some sweet melodies toward the end and breaks down nicely.\n\nVery solid release from these guys, their stock is definitely on the rise. If they continue with tracks like Perfecting Slavery, I dare say they could be in the top of their class. Absolutely check out Perfecting Slavery, it's one of the best executed technical death metal tracks in recent memory.",
                    "date": "October 30th, 2015"
                }
            ],
            "songs": [
                {
                    "name": "Human Obsolescence",
                    "length": "04:30",
                    "url": "https://www.metal-archives.com/release/ajax-view-lyrics/id/3043216",
                    "darklyrics": "\nDeterioration begins\nThe stage is set as we rush towards the end\nYou were programmed since birth\nThe epigenesis of a mechanized world\n\nYou live a life of regret\nThe harsh reality of the ends to be met\nAnd in this lottery of birth\nYou were cast aside and made to serve\n\nThe experience of you life\nA fading memory plagued by laws of wrong and right\nBut what could you have done?\nThe rules were already set before you had begun\nIt's too late to turn back now\nNo tears\nJust lay your head in doubt\nAnd accept now what's to come\n\n\n\nOur world of human obsolescence\nForever holds us in chains until we all turn to dust\n\n\n\nYour expiration is met\nYour purpose is fulfilled; Make way for the next\nYou're at one with the earth\nYour fragile anatomy released at last\n\n",
                    "darklyrics_url": "http://www.darklyrics.com/lyrics/abysmaldawn/obsolescence.html#1"
                },
                {
                    "name": "Perfecting Slavery",
                    "length": "04:46",
                    "url": "https://www.metal-archives.com/release/ajax-view-lyrics/id/3043217",
                    "darklyrics": "\nIn a constant state of over-stimulation\nAnd we're not afraid to let our bodies die\nWe join the world of their cruel, cold design\nPacified, digitized beings are slowly inducted\n\nOur prison state becomes a state of mind\nAmbivalent towards everything\nConstantly immersed in our misinformation\nThe truth we seek is pulling us in every...\n\nMinds preoccupied\nThe trivial diverts our lives\nA cage we can't perceive\nSimulating reality\n\nDistract and sub-divide\nVoluntarily dehumanized\nAccruing misery\nPerfecting slavery\n\nCrave a smile of vacant contentment\nAnd find serenity in the machine\nThis mechanism for greed and hate\nDrives us to exceed our needs\n\nCan't you see our ambition makes us cruel?\nCan't you see our ambition makes us ugly?\nCapacity for love now dissipates\nJoin in the procession towards our fate\n\nMinds preoccupied\nThe trivial diverts our lives\nA cage we can't perceive\nSimulating reality\n\nDistract and sub-divide\nVoluntarily dehumanized\nAccruing misery\nPerfecting slavery\n\nOur anger subsides\n\nNo truth can be seen in any direction\nMisled and deceived with no resolution\nWe thrive in our own complacent enjoyment\nBombarded by madness you cannot evade\n\n\n\nNow imminent is the enslavement of mankind\nCannot believe in anything\nTechnological advancement hinders with time\nRest assured our faineancy will soon bring about this\nFall into our darkest days\nAs we witness the joy ripped from life\n\n",
                    "darklyrics_url": "http://www.darklyrics.com/lyrics/abysmaldawn/obsolescence.html#2"
                },
                {
                    "name": "Inanimate",
                    "length": "04:15",
                    "url": "https://www.metal-archives.com/release/ajax-view-lyrics/id/3043218",
                    "darklyrics": "\nThe desire to feel is a common mistake in life\nDegenerative will; slowly beaten down with time\nYou will not last when only the objects survive\nYou are consumed within the jaws of paradise\n\nCasting out emotion there\u2019s no time to feel\nToothed cogged machines that churn maim and kill\n\nYou can\u2019t stop what\u2019s coming\nYou\u2019ve known this all along\nJoin the martyrs that die for nothing\nOr slaves that don\u2019t live at all\n\nYou will know peace when your foolish idealism dies\nThe vultures feast on your ultimate sacrifice\n\nFastening the tourniquet around your neck\nEmbrace tranquility in your last act\n\nYou can\u2019t stop what\u2019s coming\nNow face this on your own\nNo violent new beginning\nNo tyrants overthrown\n\nYou have no time to bleed for weakness must never be shown\nAnd you must not ever be caught in an action of love\nThe sickening reality that nothing will ever be done\nPlagues us eternally and grows now out of control\n\nJoined in our apathy; immersed in a festering world\nYou were not meant to be conscious of what they have done\nEarth and sky cradle the disillusioned and abandoned souls\nCowering rats that feed on the shit and piss over the earth\n\n",
                    "darklyrics_url": "http://www.darklyrics.com/lyrics/abysmaldawn/obsolescence.html#3"
                },
                {
                    "name": "Devouring the Essence of God",
                    "length": "03:19",
                    "url": "https://www.metal-archives.com/release/ajax-view-lyrics/id/3043219",
                    "darklyrics": "\nFalling through dimensions\nOnce unknown until now\nExistence spread like cracks upon a wall\nExpanding over ages\nTheir imperfections slowly grew\nAnd crumbled in the onset of eternity, eternally\n\nThese blinding streaks of light\nCould they be our souls?\nWhat do I wish to find\nIn these crystals made of gold?\n\nThe unraveling of the mind\nI feel my body cold\nBut spiritually I'm alive\nconsciousness sustained by thought\n\nSeeing such perfection\nMagnified a millions times\nIs when the faults we cannot see are shown\nFiring in and out of our futile existence\nOur energy is drifting through eternity, eternally\n\nDevour the wisdom of the ancient ones\nDevour the truth you can't touch\nDevour the knowledge of eternities\nDevour the essence of god\n\n\n\nNow returning to these shackles\nOf my helpless human form\nBut haunted by the visions I now know\nShed this dying matter\nAnd join the worlds of light\nReconstituted by the elements of eternity, eternally\n\n",
                    "darklyrics_url": "http://www.darklyrics.com/lyrics/abysmaldawn/obsolescence.html#4"
                },
                {
                    "name": "One Percent Incomplete",
                    "length": "03:34",
                    "url": "https://www.metal-archives.com/release/ajax-view-lyrics/id/3043220",
                    "darklyrics": "\nGrant us vengeance and nullify\nThese acts of treason that we despise\nRestore balance far and wide\nTheir life-stock plummets as we occupy\n\nAs I look down on the world below\nThe streets are filled with bankrupt souls\nBodies falling from the sky\nLife-long assets liquefied\n\nFor all that you want you're nothing to give\nOur reason to hate a reason to live\nNo longer can you be bailed out\nYou can't enslave us!\n\nWe free ourselves of their control\nTake back the freedom that they stole\nCast aside we cast you out\nYou can't enslave us!\n\nI see a perfect world on percent incomplete\nAnd now we purge ourselves of terror\nImperialistic genocide reanimates the monetized\nJoin us or live this lie\n\nAs they give back to the earth they stole\nThey pay the interest that they owe\nRetribution from on high\nOn their deaths we capitalize\n\nI see a perfect world on percent incomplete\nAnd now we purge ourselves of terror\nImperialistic genocide reanimates the monetized\nJoin us or live this lie\n\nOr maybe you always land on your feet?\n\n\n\nAs I look down on the world below\nThe sight of murder chills my soul\nBodies piling miles high\nWill our history justify?\n\nFor all that you want you're nothing to give\nOur reason to hate a reason to live\nNo longer can you be bailed out\nYou can't enslave us!\n\nFreed us of their control\nGive back the freedom that they stole\nSevered the hand that handed out\nNow what do we do?\n\n",
                    "darklyrics_url": "http://www.darklyrics.com/lyrics/abysmaldawn/obsolescence.html#5"
                },
                {
                    "name": "Loathed in Life / Praised in Death",
                    "length": "04:51",
                    "url": "https://www.metal-archives.com/release/ajax-view-lyrics/id/3043221",
                    "darklyrics": "\nTheir time has come...\n\nWhores and baying jackals\nCome to pay respects\nWeeping as they mourn their icon\nA saint only in death\n\nDon't try to understand what's going on\nJust know past events will be chanced before too long\nThese liars at a funeral will soon feed\nOn an open casket and vacant memories\n\nBefore the worms can feast\nThey're misremembered for what they were\nThe crows descend on grief\nAnd amity that never was\n\nSo mank souls bereaved\nLook how they carry on\nWhy do they feel the need\nTo praise the dead they once abhorred?\n\nOnce loathed in life\nNow praised in death\n\nI know what they all seek\nA brief connection to this world\nA break from apathy\nTo feel the semblance of a soul\n\nYou can always count on those\nIgnorant to truths they know\nSuch polite hypocrisy\nCan't you see there's something wrong?\n\nOnce loathed in life\nNow praised in death\nBesieged by lies\nOnce loathed in death\nFools acquiesce\n\nYou know you can's escape it\nSo you soon accept it\nAs they shun those who oppose them\nThe reality sets in\nScattering like the ashes of the wicked dead\nCowards crawl to their holes\nWith their spines and thoughts bereft\n\n\n\nWe mute the silent screams\nAs our live are carried on\nDisavowing sickening acts\nOnce the horror's laid to rest\n\nAnd you dare not speak the truth\nOr you will be spat upon\nRewrite their epitaphs\nAnd preach the good of what they were\n\n",
                    "darklyrics_url": "http://www.darklyrics.com/lyrics/abysmaldawn/obsolescence.html#6"
                },
                {
                    "name": "By My Demons",
                    "length": "04:09",
                    "url": "https://www.metal-archives.com/release/ajax-view-lyrics/id/3043222",
                    "darklyrics": "\nThe hatred within me, a gift I once revered\nGrow now like a cancer on my soul\nAn unwelcome friend eviscerates the heart\nLeaving a spirit withered and broken\n\nI was torn apart by my demons\nNow it's time for me to take control\nI must rid myself of these demons\nBut do I want to let them go?\n\nReforged in fire and carved now into stone\nA monument to obstacles overcome\nHurt the one you love and show you love yourself\nThis is all I've ever learned or known\n\nI was torn apart by my demons\nNow it's time for me to take control\nI must rid myself of these demons\nBut do I want to let them go?\n\n\n\nAddicted to the cycle of this tumultuous life\nInspiring abundant tortured art\nYou know it's darkest right before the dawn\nSo bathe in eclipse and rope to be reborn\n\nI was torn apart by my demons\nNow it's time for me to take control\nI must rid myself of these demons\nBut do I want to let them go?\n\n",
                    "darklyrics_url": "http://www.darklyrics.com/lyrics/abysmaldawn/obsolescence.html#7"
                },
                {
                    "name": "Laborem Morte Liberat Te",
                    "length": "05:21",
                    "url": "https://www.metal-archives.com/release/ajax-view-lyrics/id/3043223"
                },
                {
                    "name": "The Inevitable Return to Darkness",
                    "length": "06:11",
                    "url": "https://www.metal-archives.com/release/ajax-view-lyrics/id/3043224",
                    "darklyrics": "\nA meteor rips clear across our skies\nBringing forth the death of all life\nThis distant traveler meets its journeys end\nBringing judgement as it swiftly descends\n\nWandering through these clouds made of ash\nStruggling to maintain control\nMental capacities under collapse\nWitnessing the final days of man\n\nFor all these years we reigned supreme\nReturning now to celestial debris\nThe food chain collapses under vast scorched skies\nThis climate shift condemns us to die\n\nForaging through remnants of mankind\nScavenge the relics of our time\nRetracing the footsteps of our past\nTrying to salvage what is left\n\nBalance is stricken from our mother Earth\nViolence conceived our universe\nSo it will end as it began\nReady now for a second chance\n\nThis loneliness brought on by isolation\nMaddens you to the point of craving death\nTraumatized with no apparent destination\nYou soon pursue the only option you see left\nThe pain of life exceeding fear of death\n\nHeading for this glowing luminescence \nIts gravity accretes a mass of churning souls\nThis single point is the origin of creation \nIt\u2019s where it all began and where we shall return\n\nAwakening as an enlightened apparition\nConscious of the truth once obscured from our view\nDrifting from sordid realms of the living \nAware of the purpose you subconsciously knew\n\nWe\u2019re all a disease\nIn an omnipresent being\nA cancer inside of a god\nIts defenses striking at us\n\nKnow that everything must serve a purpose even if that means to consume and destroy\nAnd you\u2019re a part of this infection; an agent of chaos on a quest to restore the darkness\u2026\n\n",
                    "darklyrics_url": "http://www.darklyrics.com/lyrics/abysmaldawn/obsolescence.html#9"
                },
                {
                    "name": "Night's Blood (Dissection cover)",
                    "length": "07:04",
                    "url": "https://www.metal-archives.com/release/ajax-view-lyrics/id/3043225"
                }
            ],
            "song_names": [
                "Human Obsolescence",
                "Perfecting Slavery",
                "Inanimate",
                "Devouring the Essence of God",
                "One Percent Incomplete",
                "Loathed in Life / Praised in Death",
                "By My Demons",
                "Laborem Morte Liberat Te",
                "The Inevitable Return to Darkness",
                "Night's Blood (Dissection cover)"
            ]
        },
        {
            "name": "Phylogenesis",
            "type": "Full-length",
            "year": 2020,
            "review_num": 0,
            "review_avg": null,
            "url": "https://www.metal-archives.com/albums/Abysmal_Dawn/Phylogenesis/822113",
            "reviews_url": null,
            "reviews": [],
            "songs": [
                {
                    "name": "Mundane Existence",
                    "length": "03:56",
                    "url": null
                },
                {
                    "name": "The Path of the Totalitarian",
                    "length": "04:17",
                    "url": null
                },
                {
                    "name": "Hedonistic",
                    "length": "04:20",
                    "url": null
                },
                {
                    "name": "A Speck in the Fabric of Eternity",
                    "length": "04:46",
                    "url": null
                },
                {
                    "name": "Coerced Evolution",
                    "length": "05:28",
                    "url": null
                },
                {
                    "name": "True to the Blind",
                    "length": "03:46",
                    "url": null
                },
                {
                    "name": "Soul\u2010Sick Nation",
                    "length": "05:52",
                    "url": null
                },
                {
                    "name": "The Lament Configuration",
                    "length": "06:18",
                    "url": null
                }
            ],
            "song_names": [
                "Mundane Existence",
                "The Path of the Totalitarian",
                "Hedonistic",
                "A Speck in the Fabric of Eternity",
                "Coerced Evolution",
                "True to the Blind",
                "Soul\u2010Sick Nation",
                "The Lament Configuration"
            ]
        }
    ],
    "album_names": [
        "From Ashes",
        "Programmed to Consume",
        "Leveling the Plane of Existence",
        "Obsolescence",
        "Phylogenesis"
    ],
    "info": {
        "Country of origin": "United States",
        "Location": "Los Angeles, California",
        "Status": "Active",
        "Formed in": "2003",
        "Genre": "Death Metal",
        "Lyrical themes": "Occult, Loss, Sci-fi, Social commentary",
        "Current label": "Season of Mist",
        "Years active": "\n2003-present "
    }
}