{
    "name": "Acrania",
    "id": "3540359582",
    "url": "https://www.metal-archives.com/bands/Acrania/3540359582",
    "albums": [
        {
            "name": "Totalitarian Dystopia",
            "type": "Full-length",
            "year": 2014,
            "review_num": 4,
            "review_avg": 63,
            "url": "https://www.metal-archives.com/albums/Acrania/Totalitarian_Dystopia/428779",
            "reviews_url": "https://www.metal-archives.com/reviews/Acrania/Totalitarian_Dystopia/428779/",
            "reviews": [
                {
                    "title": "\"Politicore\"? More like \"mediocore\" - 58%",
                    "content": "British deathcore trio Acrania came up in 2012, did a little reinventing of the genre's wheel with a VERY sick EP that I loved back when it debuted in 2013, but they began to lose a bit of their luster as the years progressed. Aside from the cringe-worthy idea that they think they're \"slam\" and unfunny Facebook page memes they post before reaching their demise, they released this okay full-length. \n\nBreakdowns, pig squeals and fast hip hop-inspired vocals is the best way I can describe this album. In a lot of ways, this album actually reminds me of hip hop. Luke Griffin, the vocalist here, is mixed so high in the songs that he sounds as if he's a rapper vocalizing atop of the instrumental sections that just happens to be a band. The guitars and drums behind him work a lot like a rap beat and he's just the star here doing his thing. \n\nNeedless to say (or should I say, already to say), this album is a very vocal-driven record. Most riffs and blast beats aren't near as memorable as vocal bars come out to be, he growls at such a speed that even Busta Rhymes or Twista vibes come forth; both great rappers I should add. Griffin's instance on politics really shine on this too. He gets straight to the point like \"TIME TO REALIZE THAT WHOEVER YOU VOTE FOR, IT'LL MAKE NO DIFFERENCE!\" takes nothing wasted in the point of his delivery. I'll admit: Griffin is a okay vocalist, he's good at fronting a band like this, but he's not something I'd call great or amazing. The idea that he may be \"good\" is sort of a illusion simply foreshadowed by the fact that he can growl really fast in a rapper-like aesthetic and also because he can pig squeal (\"BREE BREE!\"), all the while negating the idea that the man can't guttural, his shrieks are weak and he layers his performance with overdubs more often than not. Griffin isn't great, but he does a great job at disguising the fact that he's more than just okay.\n\nAs for the instruments (whoa, I actually got here) there isn't much. As I said, without Griffin, this album would be probably horridly boring and I bet you that nobody would care about the band in general. They got the typical deathcore formula, which includes your breakdowns, your tremolo, the occasional slam riff and lots of triggered blast beats. There's even a instrumental track, \"Survival Sequence\" which feels more like a filler than a captivating melodic piece that most deathcore album interludes tend to consist of, so it's not worth your time and if you ask me, even disrupts the flow of the album.\n\nAll in all, if you're going to consider listening to this band, I'd much rather recommend their EP because every track is a banger on that one. In contrast to their EP, this album comes up short with mediocre instrumental performance and overly-crucial vocalist who saves the show a little too much than he should. For third wave deathcore, this album is fine, but I'd still recommend earlier British deathcore acts such as Postmortem Promises, Annotations of an Autopsy or Thrown to Belial (Griffin's previous band before joining Acrania) over this.",
                    "date": "January 31st, 2018"
                },
                {
                    "title": "The slow, bloated path to improvement. - 60%",
                    "content": "Acrania is one of those bands that attracts attention by going so heavily into cliche territory that they end up garnering notoriety through negative response. They made a violent yet monotonous splash into the metal world with an EP dubbed The Beginning Of The End in 2013 that sort of proved the old rule that the only bad news is no news at all, given that they acquired label support for their recently released debut LP Totalitarian Dystopia. Surprisingly enough, this latest release has ushered in a new era what many dismissed as a banal purveyance of modernity under the guise of a band. In other words, it appears that Acrania is upping their game a bit while still being safely nestled within the boundaries of deathcore cliche, mostly by expanding upon some former gimmicks that placed a slight degree of intrigue into their otherwise stale and contrived formula as it was observed previously.\n\nWhile this band's obsession with politics is something of a needed break from the usually one-dimensional lyrical pursuit of gore and violence associated with brutal bands, it turns out to be the least interesting aspect of this album. Instead, this album manages to pull off a somewhat decent \"jack of all trades\" approach to extreme metal, resulting in a smattering of technical, brutal, slam and progressive elements that treats the listener to a veritable hyper-activity inducing stew of sugar and caffeine. This is naturally accompanied by a stew of varying toneless vocalizations, from ear-shattering shrieks akin to a latter day Carcass on crack approach, to a hodgepodge of deeper guttural noises exemplifying the band's interest in brutality and hardcore posturing. At times things get a bit disjointed, but overall these songs manage to maintain a semblance of order in spite of the jarring shifts in feel and the out-of-nowhere technical fills from the bass and guitars.\n\nOverall this album tends to be a fairly straight line listen with few climactic points, primarily because the same mixture of varying extreme elements tend to find themselves falling into the same place on each song. Be this as it may, the furious and fancy display of noodling \"Messiah Of Manipulation\" manages to hit all the extreme stylistic bases with the greatest degree of effectiveness, occasionally conjuring up elements of Cryptopsy and Beyond Creation between the frantic blasting, funky slap bass runs and jarring slam sections that jam on the breaks of what is otherwise among the more frenetic songs on here. Likewise, the title song \"Totalitarian Dystopia\" manages to up the ante in the technical riffing department and the lone fully instrumental interlude \"Survival Sequence\" sees the return of the guitar soloing chops that was one of the few redeeming qualities of this band's previous EP, along with some industrial/groove tinged lead guitar noise when not shredding it up.\n\nThere is definitely some interesting things brewing in this album, though overall its still pretty difficult to truly love this band since their generally formulaic and overly derivative sound gives them something of a dispassionate character. At its peak, it sounds like post-Lord Worm era Cryptopsy meshed with some of the more stripped down slam bands when they go into their breakdown sections and even the occasional djent elements of recent Meshuggah. The problem is that apart from the overt political themes, it doesn't really leap out and leave the sort of impression that many past excursions into style splicing from years prior have done. It manages to keep from being boring and occasionally sends a few exciting moments the listener's way, but it struggles to get beyond just cutting it.",
                    "date": "May 25th, 2015"
                },
                {
                    "title": "Entertainingly inconsistent - 55%",
                    "content": "It\u2019s no mystery why Acrania gets so much shit from most of the metal crowd: it\u2019s just another gimmick band that relies way more on image than actual music, and it took little time before Unique Leader Records found them and decided to cash on their \u201cshocking\u201d visual appeal with this first full-length.\n\nFirst of all: look at their concept. These guys labels themselves with the ridiculous term \u201cpoliticore\u201d, and their official photos show them in a sort of \u201cterrorist/revolutionary\u201d look, with their faces covered and a kinda \u201churr durr\u201d general aesthetic: they exactly look like those dumb \u201cviolent protesters\u201d who start riots where they just crush and burn cars and stuff, disturbing the traffic and often involving the lives of innocent people, giving the \u201cbastard cops\u201d a valid reason to sedate what\u2019s nothing but a pathetic excuse for random violence, rather than an actual \u201cprotest act\u201d. Clap clap. This is already a pretty smart concept, I guess.\n\nBut let\u2019s put their image aside for a moment, because every band deserves the benefit of doubt until you haven\u2019t heard their music. And when I first listened to \u201cTotalitarian Dystopia\u201d, I was completely careless about whatever \u201cimage gimmick\u201d this band could have: I was just curious to hear a band whose name was often mentioned in recent times, both in positive and negative ways. Anyhow, I was ultimately disappointed with what I found. This band plays some sort of mixture between slam and deathcore (commonly named \u201cbrutal deathcore\u201d). Despite this precise and identifiable label, I still can\u2019t think of any band which sounds particularly similar to Acrania; not because they possess a very personal and remarkable sound, but for the exact opposite reason: their music is too impersonal, taking a fuckload of cliches and using them just in a superficial way, never focusing properly on a specific idea in order to expand it and come up with something memorable, like even the majority of generic bands usually tries to do. Perhaps, in the deathcore field, there\u2019s at least one band I could compare to Acrania: Emmure. And, well, that\u2019s not a good thing I guess. Yes, this is basically Emmure playing slam death, and in fact both bands suffer of the same problems I mentioned before: impersonality and lack of focus. Of course Emmure is ten thousand times worse than Acrania (at least, the latter aren\u2019t as repetitive, monochord and ridiculous!), but in terms of attitude, I see little difference.\n\nAs expected, this is nothing but a mess of slams, chugs and breakdowns. Most of the slams sound utterly generic and formulaic to the point that they don\u2019t even remind you to the bands that inspired Acrania - which at least are usually more personal and distinguishable on their own. The album begins with \u201cHollow\u201d, a short instrumental intro where, after an ear-piercing dissonance, an assault of monochord chugs kicks in, adding even some blast-beats and ending up in a very goofy combination (stuff like that was done much better on Carnifex\u2019s \u201cSlit Wrist Savior\u201d); there are even some tremolo riffs which you probably already heard countless times if you listen to death metal by more than one day. The following tracks are mostly composed of other banal and inconsistent slams, with the addition of some other tricks in the desperate attempt to differentiate each song: there are some other tremolo riffs scattered around the album (most of them are quite generic, but still with some good surprises to be found here and there: there is some really kickass tremolo riffage on \u201cServants of Hypocrisy\u201d, \u201cSusceptible to Retinal Reprogrammability\u201d, \u201cDisillusion in a Discordant System\u201d and the dissonant intro of \u201cLobotomise, Deshumanise, Negate.\u201d), random dissonances which attempt to create a \u201cdystopic\u201d atmosphere (like on \u201cFestering with Dishonesty\u201d and \u201cSurvival Sequence\u201d) and irritating modern tech death wankery (like on the title-track, but in all honesty there\u2019s also a decent tech death riff to be found on \u201cA Gluttonous Abomination\u201d).\n\nHowever, surprisingly, the whole pack doesn\u2019t sound as tedious as it may seem. This album is not really GOOD by any means, and it\u2019s devoid of any depth even for slam/core standards - but Unique Leader manages to mask the lack of ideas of this band with a fucking bouncy, bombastic production that works perfectly, and manages to catch the ears of the naivest listeners (and, let\u2019s be honest... most deathcore/slam fans, especially the younger ones, are all pretty naive about their tastes, and they\u2019ll surely fall in this trap). Well, I\u2019ll admit myself... I fucking love this production. It makes even the dullest and most banal slam sound like a fucking bulldozer, and you can\u2019t help but bang your head and mosh to it, regardless of how much \u201coriginal\u201d or \u201cpersonal\u201d this stuff is. This factor doesn\u2019t justify the album per se, but it surely makes it a bit more enjoyable even in its absurd mediocrity (and this is something that utterly worthless bands such as Emmure or Suffokate cannot obtain): let\u2019s say I\u2019ll praise the producer for this, rather than the band. And, truth be told, sometimes even the band itself does its good job at moshy stuff: there are some vaguely interesting slam/chug sequences on \u201cSurvival Sequence\u201d (enriched by a very cool solo), and the \u201cdissonant\u201d slams of \u201cA Gluttonous Abomination\u201d are fucking killer too. Other examples of good slams can be found on \u201cSusceptible to Retinal Reprogrammability\u201d and \u201cLobotomise, Dehumanise, Negate.\u201d. As you see, summing all its components, this album is far from being utter garbage.\n\nBut, well... something that I really cannot forgive is the lyrical component. As I said before, Acrania define themselves as \u201cpoliticore\u201d, and in fact their lyrics are a very poor and cheap attempt at \u201cpolitical topics\u201d, in the most banal and rehashed way possible. Their \u201cpolitical lyrics\u201d are filled with juvenile cliches, generic and directionless conspiracy theories (without a concrete topic to really focus on) and modern \u201dfuck the system\u201d stereotypes that every pseudo-leftist/communist teenager could come up with. I\u2019m not against protest lyrics, but come on, how many times have you heard this before? By the way... it seems that the lyrics are the only real purpose of this album, and this would explain why most of the music beneath them is pretty mediocre: I think that the band didn\u2019t pay so much attention to their own compositions, but focused mostly on writing \u201cshocking\u201d lyrics in order to enforce their \u201cdifferent image\u201d in the deathcore crowd (after all, who needs good music when you have image?). And the worst of all is how these lyrics are actually crafted. Just read the lyrics of the title-track to see what I mean: even the most serious topics are dealt in a very \u201cbro-like\u201d way. These lyrics seem to be a cross between the funny, demented idiocy of early Limp Bizkit and some hypothetical sense of \u201csocial consciousness\u201d: and say what you will, but Limp Bizkit for their time used to be quite fun indeed, while shit like this, Emmure or Attila just sucks ass.\n\nAnd, well, the vocal performance is even more pathetic: it\u2019s nothing but a suffocated, half-assed growling/screaming that tries in vain to replicate Job for a Cowboy\u2019s style. The growls are just mediocre and often delivered very superficially, while the screams are downright awful. And, worst of all... on many songs (especially \u201cServants of Hypocrisy\u201d and the title-track), the vocalist goes through some ridiculous tongue-twister vocal lines, sounding like some sort of br00tal version of Serj Tankian. Really, at this point, I could almost consider Acrania as a slam/deathcore parody of System of a Down: both bands contain \u201csocial\u201d lyrics delivered in weird manners, with the only difference being that System of a Down are actually awesome at what they do, while Acrania just fails miserably. If all they want is to write the slam version of \u201cChop Suey!\u201d, they should instantly leave the hall.\n\nHowever, let\u2019s see things for what they are: \u201cTotalitarian Dystopia\u201d is a very inconsistent record, marked also by a very pointless and pretentious concept which almost seems to have more importance than the music itself... but in the end, it\u2019s also pretty entertaining for what it is. I could recommend this album if you don\u2019t care that much about actual quality and you just want something to mosh around: then, this record would be a pretty cool deal, thanks to its hyper-bouncy, bottom-heavy guitar tone that works perfectly for mindless slamming/chugging. On the contrary, if your musical perspective goes beyond the \u201cdisco music\u201d mentality (because, let\u2019s be honest... there\u2019s little difference between modern hardcore kids and disco music fans!), then stay away from this. I, personally, can\u2019t really bring myself to appreciate this album, but it\u2019s not bad to put on from time to time as background music if I just wanna hear something really heavy and gross for the pure, unadulterated sake of heaviness and grossness. However, every time I want some really quality slam, I\u2019d rather listen to Cephalotripsy all the way.",
                    "date": "March 29th, 2015"
                },
                {
                    "title": "Solid Work - 80%",
                    "content": "Acrania is a band that seems to get a lot of crap lately, from people I know personally and all over the internet from people who know of them. Personally I have been a fan since the beginning with their EP, \"The Beginning of the End\", and believe that while they can be pretty generic at times there is kernels of skill put into their music. They fall into the the venn diagram of slam and deathcore, right in the middle. Before I start on the music itself though, I'd like to talk these two sub genres.\n\nDeathcore and slam are two of the most criticized and stigmatized of metal genres today, seen as generic, lacking of skill and emotion, and just plain bad. Many times when I see a review for a deathcore or slam band (much more often than not deathcore) the reviewer will spend more time bashing their personal problems with the genre rather than the music itself. I feel this is one of the major problems with these genres, people look at the music for the stereotypes, rather than what the music contains. When you listen to deathcore or slam you shouldn't be looking for technicality or skill or thoughtful lyrics or inventive riffs, you listen to it for the music contains: pure brutality, and heaviness. There are exceptions of course, bands like Katalepsy and Rings of Saturn that mix massive amounts of technical skill with these genres, but the vast majority tend to be pretty generic.\n\nThat being said, I will be looking at this album for what it truly is: heavy, brutal, and just plain silly at times. The first thing Id like to mention is there are many breakdowns, both core breakdowns based on open notes, and crushing slower slams (sometimes called slamdowns but eh, that's over thinking it) as expected of any band of these two genres. The breakdowns and slams are all over the place and can be generic, but they are placed well. They create wonderful headbanging moments to contrast with the standard tremolo/blastbeat patterns common in this style. 'They are heavy, crushing, downtuned ridiculously low, and just downright awesome in general. You really get a sense of force in the slams, with heavy bass foundation that puts a real kick.\n\nThe second thing is the drumming, which is quite good in my opinion. While it does sound quite triggered and processed, this is not a huge problem with me; only small. They blasts are spectacular along with the riffing from the guitars and the slower passages and fills present in the slams and breakdowns are fantastic. It all is mixed well, with a perfect balance of a forceful, bass-filled kick, mid range snare, and toms fills not overpowering the other drum sounds. To me that is what makes good drumming on an album, the tone and forcefulness of the kit, especially with the bass. I like to hear the boom and power of the kick, and with this album the drummer really delivers.\n\nThe bass was sadly underplayed in this album, which is my major problem with the album, the reason I gave it an 80. The bass guitar drops are replaced with synthesized drops, and you cannot really hear the bass guitar anymore, one thing that was a huge selling point on their EP for me. I am a bass player and while it is not common to hear the bass much in metal, it is quite refreshing to hear bass drops and good fills and licks from the guitarist himself rather than a machine. If the bass was better mixed on this album I would have rated probably more around 93.\n\nThe vocals are my favorite part of this album as they remind me of one of my favorite bands for years. The singer has a similar style to, yes, the dreaded, Job for a Cowboy. I don't care what people say about the actual music, John Davy of JFAC is one of my favorite vocalists and has a very unique style. The vocalist of Acrania has a style like John in that there are pig squeals in there like their EP and JFACs Doom, and he easily switches between high, mid, low, screams and squeals. This is a trait I see that proves skill in singing in metal, since I do vocals for my black metal project and can say that being able to do this is an essential skill. While there isn't much emotion the execution and style is enough for me. My only problem is the lyrics themselves, as they are really just anti government, curse filled, little thought put into lyrics akin to many a punk band.\n\nIn the end I was extremely satisfied from this album, it did what it set out to do: be heavy, be brutal, and get their message across. That they did. It isn't a treasure trove of skill, like from bands like Beyond Creation, and Abysmal Dawn, but I can hear a kernel of skill growing in their music. Hopefully in the future their later works will be much more skillful and easier a listen for the average metalhead. Still quite a solid piece of work, and look forward to more. Songs to listen to: \"Title Track\", \"Survival Sequence\", \"Servants of Hypocrisy\".",
                    "date": "October 23rd, 2014"
                }
            ],
            "songs": [
                {
                    "name": "Hollow",
                    "length": "02:22",
                    "url": "https://www.metal-archives.com/release/ajax-view-lyrics/id/2957668",
                    "darklyrics": "\n\n",
                    "darklyrics_url": "http://www.darklyrics.com/lyrics/acrania/totalitariandystopia.html#1"
                },
                {
                    "name": "Festering with Dishonesty",
                    "length": "03:46",
                    "url": "https://www.metal-archives.com/release/ajax-view-lyrics/id/2957669",
                    "darklyrics": "\nA spectacle in vain of fictional entertainment\r\nNothing more than a distraction\r\nWith the characters created \r\nBy such influential men behind the scenes\n\r\nCamera, action\r\nMake up, action\r\nLies, snap\r\nFucking action!\n\r\nLightning, action\r\nLines at the ready\r\nLies, snap\r\nFucking action!\n\r\nCreatively designing the illusion of choice\r\nIntrinsically sculpting \r\nAt the aura of democracy\r\nOh, this suit makes you look so honest\n\r\nA certain type of lightning gives a warm glow\r\nNow take your fucking scripts!\n\r\nPersonalities\r\nQuirks and trivialities\r\nSpring from scriptwriters tongues\r\nSo trivially\n\r\nBuilding a theatrical mass distraction\r\nThat these puppets stand for\n\r\nRadically different\r\nPolitical philosophies\r\nMisrepresenting cleverly\r\nLike some cheap reality TV show\n\r\nIncreased surveillance\r\nTax and more control\r\nWe'll try to lower taxes\r\nBut we'll take more from the poor\n\r\nLike a sacrificial ritual\r\nTo monetary systems\r\nThe stars of the show fake a smile and\r\nTake their seats upon the glutinous wings of arrogance\n\r\nWatch\r\nFollow the script\r\nIf you think that it will make the slightest difference\r\nVote\r\nWaste your time on a fictional debate\n\r\nPertaining to a legion of lies\r\nObey this puppet\r\nShow stuck on repeat\r\nThe illusion of choice\n\r\nEat up\r\nYou pigs\n\r\nGorging yourself upon their fucking lies\n\r\nInfatuated with \r\nOpposing parties quarreling for inconsistent reasons\r\nCompeting superficially \r\nFestering with dishonesty\r\nShaking hands behind the scenes\n\r\nEntertaining the blind \r\nPay close attention\r\nCharismatic tyranny!\r\nDo you have no memory?\n\r\nYou're dancing with hypocrisy\r\nPart of the system\r\nEverybody's fast asleep\n\r\nTime to realize\r\nThat whoever you'll vote for\r\nIt'll make no difference\r\nThey are one and the same!\n\r\nHow could you think their one to trust?\r\nGlorifying the pursuit of greed and lust\r\nThese streets were never paved in gold\r\nThey're littered with the bodies of the ones who said no\n\r\nVote for Corruption\n\n",
                    "darklyrics_url": "http://www.darklyrics.com/lyrics/acrania/totalitariandystopia.html#2"
                },
                {
                    "name": "Totalitarian Dystopia",
                    "length": "04:50",
                    "url": "https://www.metal-archives.com/release/ajax-view-lyrics/id/2957670",
                    "darklyrics": "\nFollow in line. Don't ask questions! A totalitarian dystopia with all of your wealth just locked away in their machines, just digits on a screen. You say \"I'm free,\" whilst obeying the command of this authoritarian globalist agenda. A totalitarian dystopia with a nail of\npropaganda through each eye. \"Whilst we whisper that we don't want your excuses, we don't give a fuck about the ills of man. We are selling war and you are buying it, you whores!\" Peddlers of destruction: \"Why don't you bow down and pay your taxes, slaves? We are selling\nwar and you are buying it. Just trust us and our death, fear, lies, paper, and fictitious enemies for you to fear! We are selling war and you are buying it, you fictitious cunts! Keep playing your role of the systems bitch. Keep playing your role as the systems bitch,\nyou little bitch!\" Bow down before this disgusting, secretive elite commanding from the shadows with a globalist agenda for enslavement of your life. Conspiring domination through an authoritarian dystopia. There will be no witness to their crimes, war, destruction,\nfinancial suffocation of a species in decline. Instead the sheep will honor this agenda through attractive means of propaganda. They inject distraction. Turn on your poison, compulsively consuming reason. You make me sick, you little piece of shit. Everybody has a price\nthese days, so wake the fuck up! Your pathetic weak mindedness has gone on for too long. It's clear that ignorance is like a brother to the human race. See through the shit and wake the fuck up. It's clear that ignorance is like a brother to the human race. See through\nthe shit. You're living in a corporatocracy devastation of the mind to be orchestrated by an unduly influential cabal that is operating sinisterly, insisting upon greed. Whilst the media tells us to: grind, grind, keep funding the bullshit. Dig deep, dig deep. Maim it,\nrape it, and leave it to rot. Grind, grind, keep funding this fucking shit! Mindlessly ignorant in bliss. Wake up you system whores, ripping out the nails of propaganda from your eyes. Truth bleeding, seething, gushing from the wound. Blood spray splatters on the masses.\nLook! Look at the state of the world! A totalitarian dystopia!\n\n",
                    "darklyrics_url": "http://www.darklyrics.com/lyrics/acrania/totalitariandystopia.html#3"
                },
                {
                    "name": "Servants of Hypocrisy",
                    "length": "03:43",
                    "url": "https://www.metal-archives.com/release/ajax-view-lyrics/id/2957671",
                    "darklyrics": "\nWelcome to the illusion you're suspended in, wasting time with the worshiping of such charismatic puppets, just like sheep led to the shepherd. Why don't you take a look inside your precious hierarchy? Wasting time with worshiping a contradictious web of bludgeoned truths spun by the twisted and sick tongue of ever so desperate men, cattle! You're blinded, herded by a falsely approved prophet. You're blinded, drowning in a disgusting lack of individuality, servants of hypocrisy, brainwashed by religious belief. How the fuck did we let our race become like cattle? You're blinded, drowning in a sea of disillusion. You're blinded! They've got you distracted. Mind well and truly twisted and warped with inconsistencies. Specimens of mass distraction. How did we let our race become like cattle?\n\nLaughing at the crowds outside religious institutions while they're plotting vile intrusions of your mind. In time, their secrets will be unveiled. Knowledge fractured and jaded.\nWhat was always encapsulated in the essence of life itself, but you'll obey while your priests say \"amen,\" as they molest. Your priests say \"amen,\" while they molest.\n\nAwake yet sleeping, grazing on their fields of inhibitions. Stop sleeping! End all of this misguided bliss. Time to play with consciousness and explore your potential as a being of the universe, undistracted by their fairy tales. Stop slaving! Leaders sit on thrones of gold, while watching children starve. Churches are rich, while millions suffer. \"Please just give us three pounds a month.\" What? Are you dumb? Do the math! They're scamming humanity! Wake up, you servile cunts! Cunts!\n\nThere is nothing to be taught. Just look inside. The truth will set you free. Just abandon this pack mentality. A pawn of beliefs, useful manipulation techniques, you see? So many wars constructed under your force fed systems of control.\n\nNow the financially warped whisper orders to the puppets of their misguiding regimes. \"Make your followers say, amen while we molest. Make them say \"Amen,\" make them say \"Amen,\" while they molest them! ...And rape their minds, making them submissive to the will of those who wish to dominate over them. Amen. Amen.\n\n",
                    "darklyrics_url": "http://www.darklyrics.com/lyrics/acrania/totalitariandystopia.html#4"
                },
                {
                    "name": "Survival Sequence",
                    "length": "02:35",
                    "url": "https://www.metal-archives.com/release/ajax-view-lyrics/id/2957672",
                    "darklyrics": "\n\n",
                    "darklyrics_url": "http://www.darklyrics.com/lyrics/acrania/totalitariandystopia.html#5"
                },
                {
                    "name": "A Gluttonous Abomination",
                    "length": "06:23",
                    "url": "https://www.metal-archives.com/release/ajax-view-lyrics/id/2957673",
                    "darklyrics": "\nWallowing in a dreamless state, Wake up, you brainwashed, mindless slut. We scheme to awaken your mind. We scheme to cut you, bitch! We'll slice at your warped view of existence, and remove the ignorance buried deep behind those dormant eyes, as we surgically sift\nthrough the oppression, the bloodshed, and lies! Financial domination, privatized banking systems. Blueh! Spreading disease like greedy fleas draining the blood of society. We're bathing in tyrannical decay. He wakes up to a dull, gray empty room, empty like his soul.\nEmpty like some coward cunt afraid of getting fucked. He turns to the TV, drooling over a decomposition of his mind, shoveling an artificial mess of pulp down his throat, almost suffocating whilst he is inhaling the filth of massive corporations. We will not be a victim\nto your bleak conformity, gagged with eyes sewn shut whilst buttoning a pristine suit. He breaks the television trance only to straighten his tie for he cannot possible be late for his purpose. Sickening, sickening, sickening, as he earns his wages, spreading starvation,\ndeath and disease to fill his own greedy, gluttonous stomach with the lives of thousands. Pushing buttons in the name of worldwide suffering, suffering, suffering. Just to stuff his face with garbage. Buy new clothing, new devices, cowering in material misguided bliss.\nHe cannot see past this falseness, dancing on a grave of objects. We must forcibly awake him from this trance. Go! We'll just wait outside on the regular until you show your ugly mug, then we'll cut it out: your blackened view of life. Mug, go! He earns his place\nsupporting financial decay: A grotesque, disgusting, excuse for a human being. Mind numbed through a mandatory repetition of routine. Propaganda pumps like pulp through a machine. His optic lens is scalded, retina processing incorrectly. We'll rip apart your skull and\ndecalcify. Dirty establishment serving slut. You coward cunt, it's time to wake up you authoritative kneeling whore! Get on your knees! Nothing more than a maggot simply sustaining. A subject of a torturous awakening. Get on your knees! We'll force feed you truth with a\nnice smile! Meditative insight as we delve inside. Blood will be your new adversary, strapped to a chair with your eyes forced open. Forced to watch his own manufactured atrocities now. Third eye forced open with Dimethyl crystals ensure he's chained into a meditative\nstate. Lost in complexity of geometric design, he's finally forced to face himself now. A torturous awakening. A torturous awakening. Eyes forced open with Dimethyl crystals ensure he's chained into a meditative state. Lost in complexity of geometric design. He's finally\nforced to face himself now. Let's see your money save you now! Your silently wallowing in realization, choking on gluttony, you gluttonous abomination. Now do you see, finally, that this life consists of more than just you?\n\n",
                    "darklyrics_url": "http://www.darklyrics.com/lyrics/acrania/totalitariandystopia.html#6"
                },
                {
                    "name": "Susceptible to Retinal Reprogrammability",
                    "length": "03:32",
                    "url": "https://www.metal-archives.com/release/ajax-view-lyrics/id/2957674",
                    "darklyrics": "\nSo, let me brainwash you.\r\nInhale the fetid lies I force down your fragile throat.\r\nDissecting synapses and shedding dreams.\r\nUnder the weight of my pixelated seams, the gutter wreak of decomposing intellect and...\r\nAs I subtly hypnotize you you're perplexed in awe of this machine.\r\nYou pathetic and distracted waste of a creation.\n\r\nWhy not open up your uninspired eyelids to the truth, look at proof of the filth you perpetuate so precisely.\r\nIntellectual decline is an angel to the disconcerting leaders of a disappearing planet as they secretly conspire, to force feed you the...\n\r\nLies I force down your fragile throat, you're led like cattle to the slaughter-couch.\r\nTake a seat and prepare for lobotomy.\r\nI'm like a skilled surgeons defective hand, oh fuck it let's all go consume.\n\r\nBombarded with unimportant technology, fucking buy it!\r\nCelebrity infatuation.\r\nBeauty, plastic surgery, you're too fucking fat.\r\nSmoke this, don't smoke that, now pay us money for this pointless patch.\n\r\nSIT THE FUCK DOWN AND TUNE IN!\r\nEntertainment drooling from your open mouth.\r\nSeeding, feeding.\r\nMy empirical static draws you closer, entertainment drooling from your open mouth.\r\nSeeding, feeding.\n\r\nGRRRRRRRRRRRRR!\r\nYou better get beautiful.\r\nTo the soothing tune of misinformation.\r\nYou better keep serving.\n\r\nGrind, sleep, grind.\r\nConsume and pay the...\r\nWar led system as it marches, arms wide open, acceptant of hypocrisy.\r\nLed by corrupted puppeteers, choking murder.\r\nAn uninspired hierarchy of liars sitting on thrones made of spare tamed intellect and...\n\r\nSomething save us!\r\nNothing can save you.\r\nFrom this corrupt...\r\nShut the fuck up, watch the latest headlines cattle. Everything will be ok.\r\nWhat about the poison in our water supply, wars for oil, false flag attacks?\r\nShut the fuck up now, hush why don't you go back to sleep? Everything will be ok, listen to your TV!\r\nMaybe I should just sit down and watch an episode of bullshit?\n\r\nTake a seat and watch your life unfold as you do nothing but save up for a house with a car and that lush car from the Ad before you curl up, tune out, DIE!\n\r\nDON'T DARE TOUCH THAT DIAL!\r\nSo, you've fulfilled lies saturated on your lifeless corpse.\r\nA wad of worthless money tightly clutched in one hand.\r\nAnd in the glow of my pixelated stare, you see this program's drawing to an end.\r\nAnd I've dissected synapses and shed your dreams, they've been precisely extracted from your head.\r\nAnd you lapped up your decomposed intellect.\n\r\nEverything will be OK, I'll just sit down and watch some bullshit.\n\n",
                    "darklyrics_url": "http://www.darklyrics.com/lyrics/acrania/totalitariandystopia.html#7"
                },
                {
                    "name": "Lobotomise, Dehumanise, Negate. [LDN]",
                    "length": "03:51",
                    "url": "https://www.metal-archives.com/release/ajax-view-lyrics/id/2957675"
                },
                {
                    "name": "Messiah of Manipulation",
                    "length": "02:47",
                    "url": "https://www.metal-archives.com/release/ajax-view-lyrics/id/2957676",
                    "darklyrics": "\nManiac scientist\nWarped with a lust for miscreation manically at work\nSkillfully, sick & so precisely slicing at the living flesh& bone\n\nExperiments pluck at every cell of this complex & self aware organism\nRipping through its free will like a scalpel through a piece of meat\nEven if you could speak, there is nothing you can say to change my mind\nYour mind will be mine\nSlice\n\nMessiah of manipulation\nListen here\nIt's for your own good\nYou'll become more than a man\nMore like a machine that's capable of such a superior rate of extermination\nThere will be no remorse as you massacre at my command\n\nWith a & surgical alteration\nI will take away your sense of fear\n\nYour veins & arteries will carry my own brand of poison\nA chemical cocktail of mind altering & stimulating drugs keeps you acting as my puppet\nI'll mutate genetics until you can feel no pain\n\nMy tools intelligently feast upon the prefrontal cortex\nDehumanization occurs as my tools intelligently feast on the prefrontal cortex\n\nNow arise transhumance machine of war\nGenetically mutated tool of genocide\nLaughing at the birthing of his neuroscientific prototype\n\nHow far can we push this Godlike science?\nAs the stench of anesthetic tastes almost pungent in the air\n\nMagnetic stimulation\nIt's brain rewired\nIt feels no weakness\nWretched inhuman creation\nA spawn of man\nGo forth my dehumanized monster\n& hail the impending scientific dictatorship\nFor I am a messiah\nMessiah of manipulation \nSlice\n\n",
                    "darklyrics_url": "http://www.darklyrics.com/lyrics/acrania/totalitariandystopia.html#9"
                },
                {
                    "name": "Disillusion in a Discordant System",
                    "length": "02:53",
                    "url": "https://www.metal-archives.com/release/ajax-view-lyrics/id/2957677",
                    "darklyrics": "\nTo neglect & to fuck\n\nRather than to protect & to serve\nProtectors of the public, like fuck\nWhat a joke authorities have become\nServants to the corporations & the government\nA grievance to your fellow man\n\nOh, little piggy\nWhat's that little piggy?\n\"Oink, oink\"\nWould you like some bacon to go with your arrogance?\nBeating skin & cracking bone as a profit to the rich\nI bet you think you're something special\nWhile you're cracking skulls but your instrument of sick agendas\nBurn your badge & join your brothers\nYour job role is as a professional cunt\nSo do humanity a favor & join as we protest\n\nMaiming & raping & pillaging & fucking manufactured devastation\nDon't be so pompous, causing a raucous for mass enslavement\nOh, little piggy\nDid you really think you lent hand, little piggy\nDelusional in your authority\nThe truth: you're nothing but a pawn\n\nArresting for profit\nAn expert extortionist, funneling the money from pockets of the public to the palms of the corrupt\nDetaining for profit\nDid your know you take orders from a banker cartel?\nFrom a bunch of fucking scum\n\nYou don't have to say anything\nAnything you do, say will be given in evidence\n\"Oink, oink\"\nFuck your authority\n\nUsing powers to enslave, intimidate, extort & falsely accuse\nThreaten, assault & murder\nInherently evil acts by evil people\nRelinquish respect for these fuckers\n\nLooking down on the public\nFrom a pedestal build of exploitation\nDo you even remember the last time they protected & served you?\nNo, the police neglect & then fuck you over\nOur point is made \n\nSend them to the slaughterhouse\n\n\n\n\n",
                    "darklyrics_url": "http://www.darklyrics.com/lyrics/acrania/totalitariandystopia.html#10"
                }
            ],
            "song_names": [
                "Hollow",
                "Festering with Dishonesty",
                "Totalitarian Dystopia",
                "Servants of Hypocrisy",
                "Survival Sequence",
                "A Gluttonous Abomination",
                "Susceptible to Retinal Reprogrammability",
                "Lobotomise, Dehumanise, Negate. [LDN]",
                "Messiah of Manipulation",
                "Disillusion in a Discordant System"
            ]
        }
    ],
    "album_names": [
        "Totalitarian Dystopia"
    ],
    "info": {
        "Country of origin": "United Kingdom",
        "Location": "London, England",
        "Status": "Active",
        "Formed in": "2012",
        "Genre": "Brutal Deathcore",
        "Lyrical themes": "Politics, Social Criticism, Embezzlement, Police Brutality",
        "Current label": "Unsigned/independent",
        "Years active": "\n2012-2015,\n2017-present "
    }
}