{
    "name": "Acrostichon",
    "id": "871",
    "url": "https://www.metal-archives.com/bands/Acrostichon/871",
    "albums": [
        {
            "name": "Engraved in Black",
            "type": "Full-length",
            "year": 1993,
            "review_num": 2,
            "review_avg": 93,
            "url": "https://www.metal-archives.com/albums/Acrostichon/Engraved_in_Black/2272",
            "reviews_url": "https://www.metal-archives.com/reviews/Acrostichon/Engraved_in_Black/2272/",
            "reviews": [
                {
                    "title": "Feels great to listen to it again! - 90%",
                    "content": "I am and I think I always have been a big fan of the Dutch death metal, with such bands as Asphyx, Gorefest, God Dethroned, Thanatos, Excavation, Delirium, Sinister, Mystic Charm, Pestilence, Beyond Belief, Acrostichon, Eternal Solstice plus few more, which I probably forgot now. This country had unique, heavy feeling when speaking of the sound and style of the bands from Holland and that is why so many of them really were my favourites \u2013 and still are, as they are just immortal classics for me. Anyway, here I am going to review another classic album \u2013 Acrostichon\u2019s \u201cEngraved In Black\u201d. Well, Acrostichon for sure is one of those bands, which I got to know quite early, as I used to have a cassette version of this album in the mid 90\u2019s, I think it was released by Lout Out, but I am not 100% sure now. I lost this cassette years ago. Recently I\u2019ve noticed that Memento Mori from Spain is going to re-issue this album on CD, with some demo songs as bonus\u2026 and wow, just as many similar reissues it quickly ended up on my shipping list. Somehow though I was postponing the purchase, until one day I saw that Doomentia Records from Czech Republic plans to release a vinyl version of \u201cEngraved In Black\u201d. And let\u2019s be honest \u2013 to have this record on vinyl became a quick priority for me, as such classics are best to have on this format. More so, Doomentia planned to issue \u201cEngraved In Black\u201d in very special way\u2026 and well, now I hold this piece of vinyl in my hands and I can say that The Crypt Records, which used to release the best pieces of vinyl records in recent years, now has a strong competitor, as Doomentia did just absolutely fuckin perfect and damn excellent work with \u201cEngraved In Black\u201d. Holding this album in hands is just something fantastic. \n\nThe whole album is housed in heavy and thick cardboard gatefold cover, which trust me is very impressive. Then you open it and see the title: Acrostichon - \u201cEngraved In Black\u201d (Twentieth anniversary edition)\u2026 there\u2019s 24 pages booklet glued to the gatefold, so you turn the page and there are some comments from the musicians of Acrostichon and from Paul Speckmann. Cool! And then going through rest of the pages \u2013 there are many archive photos, all the lyrics for the album, with each song having a comment, which is something really cool, as this way you can know something more about the whole album, like for example the fact that \u201cImmolation of the Agnostic\u201d was the very first song written by Richard Schouten for Acrostichon (it also opened most of the gigs, which Acrostichon played). Finally there are few graphics in this booklet\u2026 and trust me, everyting really does look amazing. The layout, graphics, font, which they used \u2013 everything looks absolutely damn impressive. \nFor this and Memento Mori\u2019s issue of \u201cEngraved In Black\u201d Acrostichon changed the front cover \u2013 and I usually moan that I don\u2019t like when bands change the covers when they re-release their albums, as I think that the artwork is also an essential part of the music. They\u2019ve changed the cover here, because \u2013 as Richard Schouten wrote \u2013 he simply wasn\u2019t happy with the original artwork. And yeah, I definitely agree that this new drawing he did for \u201cEngraved In Black\u201d looks better and actually is damn scary hehe, but I would like to see the original cover used somewhere in the middle of the booklet as well (just like Centinex did for their \u201cSubconscious Lobotomy\u201d reissue \u2013 they had new front cover, but the old one has been shown in the booklet). So, it is a bit shame they haven\u2019t reminded us the original artwork, especially that it wasn\u2019t so bad, really\u2026 Luckily this new front cover looks great and vinyl edition of \u201cEngraved In Black\u201d contains a huge poster with it. So, the whole vinyl, with its heavy 350 grams cover and booklet looks astonishing. This vinyl is not cheap, but it is worth all money you\u2019ll spend on it. Doomentia did excellent job, in my opinion\u2026 and if I had something to moan about then maybe the fact that \u201cEngraved In Black\u201d vinyl edition hasn\u2019t got any Acrostichon demos as bonus (all in all they appeared on the CD version). I actually hoped that there will be a two LP set, with a couple of demos and EPs on the second record as a bonus\u2026 Sadly, they haven\u2019t done that, so maybe one day they\u2019ll issue a separate vinyl edition with Acrostichon demos for the collectors? It would be cool.\n\nOK, finally so I have this long sought after vinyl edition of \u201cEngraved In Black\u201d\u2026 time to write something about the music, right? Well, Acrostichon is a classic representative of Dutch death metal \u2013 and Dutchs were all mainly about the atmosphere, about the heavy, massive death metal, with a lot of doomy parts, but with some more grinding moments here and there. And \u201cEngraved In Black\u201d is a classic example of this style. From the beginning it will certainly remind you such bands as Asphyx, early Gorefest, Mystic Charm and \u201cConsuming Impulse\u201d era Pestilence. On top of these bands, I would mention some American acts, such as Master, Derketa and Mythic \u2013 and obviously also Autopsy (so bands, which also had a strong doom influence in their music) and finally in few moments I can also smell a Swedish odour! Think of all these bands, listen to such songs as the mentioned before \u201cImmolation of the Agnostic\u201d and you\u2019ll instantly recognize what do I mean. This song alone has really a strong bond to what Asphyx used to do. There really is a great, slow, doomy, dark and obscure riff, great heavy and massive part, which will crush your bones and flesh into one disgusting and stinking pile of carcass. Unlike Asphyx I think that Acrostichon more often used faster parts, so the music is more dynamic, with a lot of variety between all the songs and is also more brutal, especially with Corinne\u2019s vocals, which are just unearthly (maybe they could have been better, but that woman seriously sounds angry and furious). But seriously, \u201cEngraved In Black\u201d is just a prime old school death metal. I worship such music, with its obscure and dark atmosphere, killer feeling (something all these modern death metal albums are completely lacking), really good, but still slightly raw production (here by Colin Richardson!)\u2026 It is priceless for me, to have such albums and listen to them. The time flies, it has already been almost 20 years since I have listened to \u201cEngraved In Black\u201d for the first time, but I still find this LP as something utterly refreshing and I am very enthusiastic to listen to it.\nStandout tracks: \u201cImmolation of the Agnostic\u201d, \u201cLost Remembrance\u201d, \u201cRelics\u201d, \u201cEngraved In Black\u201d\nFinal rate: 90/100",
                    "date": "August 9th, 2013"
                },
                {
                    "title": "A forgotten Dutch death metal gem - 95%",
                    "content": "One of the most funny things I recall from those days was that vocalist Corine said in an interview that she disliked the Gorefest debut (Mindloss) only having one new song. When Acrostichon\u2019s \u201c Engraved In Black\u201d finally came out it also featured\u2026. One new song. And that was \u201cZombies\u201d. A great song by the way. A lyrical tribute to old horror movies and musically inspired by the likes of Autopsy and Coroner with a touch of hardcore punk backing vocals.\n\nThe production (Colin Richardson) was a lot sharper than their demos were. The guitars still sounded heavy but they had so much more definition. And of course the drums sounded more mature. Bass and vocals? Just as good as always really. The rest of the album consists of material that was written from 1987 to 1991. So a lot of diversity was to be expected. We have ancient songs like \u201cHavoc\u201d and \u201cMentally Deficient\u201d which are relatively shorter songs and more straight forward than the newer material. Especially the catchiness and rhythms of \u201cMentally Deficient\u201d are memorable.\n\nThen there are the most catchy songs from their \u201cDehumanized\u201d demo, namely \u201cDehymanized\u201dand \u201cLost Remembrance\u201d. I still wonder why the epic \u201cThriving On Chaos\u201d was not included since that song had proved to be a live favorite. Still, \u201cDehymanized\u201dand \u201cLost Remembrance\u201d were the most brutal (and as said, catchy) songs from that demo, so no complaints here. Opener \u201cImmolation Of The Agnostic\u201d came from the first ever demo \u201cPrologue\u201d and with this production is becomes clear how good and well crafted this song actually is. It goes through all tempi and dynamics Acrotichon were know for yet still remaining a strong and coherent composition. Truly a classic Acrostichon song!\n\nThe remaining three songs (\u201cWalker Of Worlds\u201d, \u201cRelics\u201d and \u201cEngraved in Black\u201d) are all around the 6 minute mark and combine the intensity of their shorter songs with the earlier mentioned more epic and elaborate \u201cImmolation Of The Agnostic \u201d. These three songs came from their earlier 1991 live tape (on which relics was still called \u201cGerminant Malefaction\u201d) and with this production they sound even better (the cymbals on that demo were quite annoying). \u201cWalker Of Worlds\u201d has some amazing speed but it becomes obvious blast speed drums are not Serge Smolders\u2019 favorite thing to do (well maybe they are but he sounds better and more convincing when playing D-beat or doom).\n\n\u201cRelics\u201d has also appeared earlier on a Peaceville sampler and that version was slightly more enjoyable because of the longer intro and the production (which lay soundwise between this album and their Dehumanized demo). Also the version of \u201cMentally Deficient\u201d which had appeared on the D.S.F.A. 3 sampler was slightly better than this version (again, because of the production)\n\nSo even if the production was not their best, it surely was better than their earlier demos. Acrostichon sounded more dynamic than other Dutch death metal bands in that period. The balance between ultra doom, speed and even some groove gave them their own specific sound. Not forgetting to mention Corine\u2019s vocals. So deep, so dirty! Guitarist Richard Schouten was the main songwriter for the band and surely gave the world some marvellous death metal classics! The other guitarist Jos had the hots for classic metal and it showed! His solo\u2019s were high standard for death metal criteria. \n\nTry to imagine combining Autopsy with Nihilist but with a more in your face production and throw in some extra Black Sabbath and a few hints of ancient thrash. Acrostichon had character!\n\nToo bad it took them a few years before finally releasing their debut album. If they'd done that 2 years earlier, they might have become a lot bigger than they did in the end. By the way: the artwork sucks. But their artwork always sucked.",
                    "date": "June 29th, 2011"
                }
            ],
            "songs": [
                {
                    "name": "Immolation of the Agnostic",
                    "length": "07:24",
                    "url": "https://www.metal-archives.com/release/ajax-view-lyrics/id/21782",
                    "darklyrics": "\n\n",
                    "darklyrics_url": "http://www.darklyrics.com/lyrics/acrostichon/engravedinblack.html#1"
                },
                {
                    "name": "Walker of Worlds",
                    "length": "05:44",
                    "url": "https://www.metal-archives.com/release/ajax-view-lyrics/id/21783",
                    "darklyrics": "\nWalker of worlds\nFilled with men\nCeltic tradition\nHuman forms will burn\nGrotesque male formed starue\nStructured maze of wood\nHundreds die by fire\nHuman forms will burn\n\nSkin drips off like wax\nThe stench of burning blood\nTheir final experience\nCauterized 'till death\nReality is illusion\nI have broken through\nSoul will survive\nTo walk the dark path\n\nGiant wooden skeleton\nPrison walls in human form\nWickerman\nHuman forms will burn\nWalker of worlds\nExchange of dimension\nGoing to where's no god\nJust darkness and desire\n\nHuman forms will burn\n\n",
                    "darklyrics_url": "http://www.darklyrics.com/lyrics/acrostichon/engravedinblack.html#2"
                },
                {
                    "name": "Dehumanized",
                    "length": "04:04",
                    "url": "https://www.metal-archives.com/release/ajax-view-lyrics/id/21784",
                    "darklyrics": "\nHaunted with fear\nWatch the others die\nExperience of fear\nHuman forms will burn\n\nDehumanizing beings\nFill the wickerman\nCeltic folk tradition\nHuman forms will burn\n\nI cannot believe\nI deserve this fate\nOthers did it too\nHundreds of them are here\n\nGiant wooden statue\nFilled with criminals\nExterior beauty\nHundreds will die tonights\n\nSmell of burning flesh\nEntering my brain\nSkin turns to black\nBlood boils, Death\n\n\n\n",
                    "darklyrics_url": "http://www.darklyrics.com/lyrics/acrostichon/engravedinblack.html#3"
                },
                {
                    "name": "Mentally Deficient",
                    "length": "03:46",
                    "url": "https://www.metal-archives.com/release/ajax-view-lyrics/id/21785",
                    "darklyrics": "\nI set my foot in my cottage\nEyes attracted by human debris\nFloorboards covered in spinal fluids\nOozing liquid putresence\nOpen the fridge; gory sight\nHuman remains; total disgust\nMummified body concealed\nRotting corpse beneath\n\nDigging up corpses from remote graves\nDeathmasks fill every space on the wall\nWalking through the house dressed in human skin\nWearing them for hours for peculiar thrills\n\nAm I the source of these human remains\nMy mind is blank, eternal haze\nI cannot remember the things I've done\nLost remembrance, consiousness gone\n\n",
                    "darklyrics_url": "http://www.darklyrics.com/lyrics/acrostichon/engravedinblack.html#4"
                },
                {
                    "name": "Lost Remembrance",
                    "length": "04:33",
                    "url": "https://www.metal-archives.com/release/ajax-view-lyrics/id/21786",
                    "darklyrics": "\n\n",
                    "darklyrics_url": "http://www.darklyrics.com/lyrics/acrostichon/engravedinblack.html#5"
                },
                {
                    "name": "Zombies",
                    "length": "03:51",
                    "url": "https://www.metal-archives.com/release/ajax-view-lyrics/id/21787",
                    "darklyrics": "\nTotally controlled\nIt has filled your mind\nAttracted all your feelings\nCaught you from behind\nKeeps away the thoughts\nFrom your consious life\nRemoves all the pleasure\nHurts you like a knife\n\nNo emotions in your face\nApathetic creature\nA zombie (that's what you are)\nAnd you are on your own\nTell me there's a way\nFor me to take away your pain\nFill me in on the horrors\nThat haunt your brain\n\nZOMBIES!!\n\n\n\n",
                    "darklyrics_url": "http://www.darklyrics.com/lyrics/acrostichon/engravedinblack.html#6"
                },
                {
                    "name": "Havoc",
                    "length": "04:23",
                    "url": "https://www.metal-archives.com/release/ajax-view-lyrics/id/21788",
                    "darklyrics": "\nWe fight on this field of honour\nMaimed bodies everywhere\nWe mystify our feelings\nThinking anyone cares\nThis mystical sphere\nMalice of the mind\nWe will soon die here\nOur bodies they won't find\n\nThey call this a field of honour\nBut I just feel pain\nFour of us against an army\nIt is just insane\nMalediction of the mind\nWe're the tyrants quarries\nFairy massacre\nIs there life beyond death\n\nThe tyrants soldiers\nTry to pierce my heart\nMy armour won't last for long\nMind and body will part\nBlood enters my mouth\nI try to scream\nI see blood everywhere\nIs this true or just a dream\n\n",
                    "darklyrics_url": "http://www.darklyrics.com/lyrics/acrostichon/engravedinblack.html#7"
                },
                {
                    "name": "Relics",
                    "length": "06:13",
                    "url": "https://www.metal-archives.com/release/ajax-view-lyrics/id/21789",
                    "darklyrics": "\nWalls covered in bloodstains\nDoor bolted from the inside\nBedclothes ripped off\nTangled in bloodstained garments\nRaw mass of human flesh\nOnce it was a woman\nCold blooded experiment\nDeformed anatomy\n\nEars and nose had been ripped off the corpse\nPharynx torn\nFacial features obliterated\nLower portion of the body\nIncluding the uterus had been cut out\nRemoved and lacerated\n\nOn the table beside the bed\nLike two pieces of meat... sickly placed\nThose mounds of flesh proved to be the victims breasts\n\nSymmetrically arranged\nHer heart and kidneys\nBits of flesh hanging from picture frame nails\n\nTen weeks came to a climax\nKilling number eight\nCruel bestiality\n\n",
                    "darklyrics_url": "http://www.darklyrics.com/lyrics/acrostichon/engravedinblack.html#8"
                },
                {
                    "name": "Engraved in Black",
                    "length": "05:56",
                    "url": "https://www.metal-archives.com/release/ajax-view-lyrics/id/21790",
                    "darklyrics": "\nThere's no turning back\nBack out of life\nLife's adversity\nA grotesque contradiction\n\nDrowning in hope\nHope gets distorted\nDistorted mental state\nFeel the pain of life\n\nI hold in contempt\nThose without thoughts\nA stupid kind of happyness\nNot aware of what's to come\n\n\nScarce moment of joy\nTo good to be true\nFeelings lighten up\nWho will take it away\n\nThinking you've got friends\nFeeling good inside\nComparative moments\nOf joy will fade away\nGaining feelings\nIt feels so good inside\nComparative moments of joy\nWill be taken away\n\n\n\nPeople surrounding me\nDon't understand my ways\nForcing myself into depression\n\n\n\nGoing through a mental hell\nBust up my own mind\nComparative moment of joy\nHas been taken away\nTime after time\nThings seem so different\nDon't grow attached to people\nThey'll take it all away\n\n\n\n",
                    "darklyrics_url": "http://www.darklyrics.com/lyrics/acrostichon/engravedinblack.html#9"
                }
            ],
            "song_names": [
                "Immolation of the Agnostic",
                "Walker of Worlds",
                "Dehumanized",
                "Mentally Deficient",
                "Lost Remembrance",
                "Zombies",
                "Havoc",
                "Relics",
                "Engraved in Black"
            ]
        },
        {
            "name": "Sentenced",
            "type": "Full-length",
            "year": 1995,
            "review_num": 1,
            "review_avg": 80,
            "url": "https://www.metal-archives.com/albums/Acrostichon/Sentenced/2271",
            "reviews_url": "https://www.metal-archives.com/reviews/Acrostichon/Sentenced/2271/",
            "reviews": [
                {
                    "title": "Some excellent songs yet something was missing... - 80%",
                    "content": "The biggest problem with Sentenced is very simple. The drum production. A lot of these songs had been played a while live and I also got some of them on a live vhs from those days. When Sentenced finally came out the production really damaged the the dynamics of those songs. And dynamics were something very important to the Acrostichon sound.\n\nSongs like \u201cShelter\u201d and especially \u201cSnapshot\u201d represented the faster and more aggressive side of Acrostichon. \u201cSnapshot\u201d even had some typical thrash metal riffing emphasizing the speed. The songs \u201cForgotten\u201d and \u201cVictims\u201d are the best songs here. Both around 5 minues and filled with changes in pace and key. They were typical Acrostichon compositions but the variation of the vocals this time were a slight step forward.\n\nNow two other new songs (\u201cMurder\u201d and \u201cMonsters\u201d) were also recorded but ended up on their earlier \u201cForgotten\u201d EP. One wonders why did not make the album since they would easily have been two of the better songs! (\u201cMurder\u201d balancing between Snapshot and Shelter and \u201cMonsters\u201d being a very \u2018happy\u2019 and catchy death metal tune paying tribute to horror movies). If someone ever decides to re-release this album, do include these songs as bonus tracks.\n\nAs said there is a slight progress on this album. Corine\u2019s vocals aren\u2019t always just deep and low anymore (don't worry, she doesn't really 'sing'). This really does wonders on some songs and makes their sound even more varied. Secondly guitarist Richard Schouten had been replaced by Michel Meeuwissen who played slightly thrashier than his predecessor.\n\nBut in the end it is really the dated digital drum production that is killing the metal attitude of this album. The drums are triggered and the samples are far from adequate. One wonders if drummer Serge agreed to this since normally he is such a briliant live musician (as he shows these days with for instance the crossover band Milkman). \n\n\u201cSentenced\u201d is pretty good but could have been so much better!",
                    "date": "August 5th, 2008"
                }
            ],
            "songs": [
                {
                    "name": "Sentenced",
                    "length": "06:09",
                    "url": "https://www.metal-archives.com/release/ajax-view-lyrics/id/21773",
                    "darklyrics": "\n\n\nborn out of love\nin a world of hatred\nno future a birth\ndeath always to close\n\nfalling of rain\nmemories fade away\na new start of life\nin decay of death\n\nonly way out\nis too far away\nmy entire race\nlives his last day\n\na source of hope\nin a world gone mad\npeace at last\nafter millions are dead\n\nback into hell; certain of death\nafter all the horrors; i've now found peace\ni create my own destiny; in my last breath\ni'm free at last\n\n",
                    "darklyrics_url": "http://www.darklyrics.com/lyrics/acrostichon/sentenced.html#1"
                },
                {
                    "name": "Snapshot",
                    "length": "01:33",
                    "url": "https://www.metal-archives.com/release/ajax-view-lyrics/id/21774",
                    "darklyrics": "\n\n\ni'm riding the lies\nsweet forest of lies\nmy own few lines\nbetween my eyes\n\ni feel the rage; i touch my lips\ntaste the blood drawn from my wrists\nit tastes so good; i dance the walls of fire\nmy fears are satisfied through darkness and desire\n\n",
                    "darklyrics_url": "http://www.darklyrics.com/lyrics/acrostichon/sentenced.html#2"
                },
                {
                    "name": "Forgotten",
                    "length": "04:56",
                    "url": "https://www.metal-archives.com/release/ajax-view-lyrics/id/21775",
                    "darklyrics": "\n\n\n\"i am clean forgotten\nas a dead man out of mind\ni am become like a broken vessel\n\nfor i have heard\nthe blasphemy of the multitude\nans fear is on every side\nwhile they conspire against me\"\n\ndrowning in a sea\na sea of twisted shapes\nescaping from reality\nnot knowing how to behave\n\ni find myself in the last fase\nprepare for neverending days\nbeyond consious life\ni feel myself die\n\ni left my innosense behind\ni heard the distant cries\ni know your cause, your task\nso please take down that mask\n\n",
                    "darklyrics_url": "http://www.darklyrics.com/lyrics/acrostichon/sentenced.html#3"
                },
                {
                    "name": "Guilt",
                    "length": "06:29",
                    "url": "https://www.metal-archives.com/release/ajax-view-lyrics/id/21776",
                    "darklyrics": "\n\n\nguilt is growing in my head\nbuilding on a painful past\ndistorting all i think and see\nmy mask is your reality\n\ninnosense on it's own\namong the tempting forces\ni'd so much like to fit in\nbut i'm a victim of society\n\n\n\nour depreciated world\none big chicken house\nfilled with selfishness\nis growing worse\nhypnotized, then wide awake\ni had to shift the blame to me\nthen sliding into\na sickening pit of beastial pleasure\n\nperformed my fear and fantasy\nforgot about reality\nacted compulsive, non-intentionally\nbear the truth deep in me\n\n\n\nunstoppable, on the first impulse\ndesperate, the only way to forget\nimmediate, relief, social isolation\nbitterness, the price of control\n\n\n\nnow living with the burden\nin my callous brain\nreliving this certain crime each day\nmy punishment is here to stay\n\n\n\n",
                    "darklyrics_url": "http://www.darklyrics.com/lyrics/acrostichon/sentenced.html#4"
                },
                {
                    "name": "Sleepless",
                    "length": "06:37",
                    "url": "https://www.metal-archives.com/release/ajax-view-lyrics/id/21777",
                    "darklyrics": "\n\n\nstaring blind; there'sonly\ndarkness\nbothered by too many thoughts\nthoughts of this scattered\nworld\nfilled with only bitterness\n\nthe more i try to ease my mind\nthe more sorrow i feel\nthe more i try to find the\nproblem\nthe less it seems to care\n\nwalking through a land of memories\na world that's now irrelevant\ntomorow's comming much to close\nstill i've got no peace of mind\n\ngetting angry at myself\nbecause of my self-compassion\nas if there are no other problems\nthan the life of luxury i live\n\nreality is fading away\nfinally my mind is slipping blanc\nalready sk's turning grey\narival of another day\n\n",
                    "darklyrics_url": "http://www.darklyrics.com/lyrics/acrostichon/sentenced.html#5"
                },
                {
                    "name": "Victims",
                    "length": "05:05",
                    "url": "https://www.metal-archives.com/release/ajax-view-lyrics/id/21778",
                    "darklyrics": "\n\n\nyou are so changed since i met you\nvague moments seem to come more\noften\nwhy do you use it; throwing your life\naway\ntearing your friends and family with\nyou\n\nfirst on party's, now you can't miss\nyour daily dose\nan egoist or just a stupid bastard\ndon't you see there's more to live for\nyou seem to be content, but are you ?\n\nwhy ? are you thinking only about yourself\nhow ! can you live like this; you only have yourself\nwhen ! will you realize, when will you realize\nvictims ! why can't you see\n\nsometimes i wonder why people use drugs\nstarted as a game now there's nothing left for you\nit isn't cool; it doesn't solve problems\nyou just create other ones you don't see\n\nyour body and emotions are like a shrinking nut\nsurrounded by a haze of unreality\ncreating your own perfect chaos\nneverending ignorance\n\n",
                    "darklyrics_url": "http://www.darklyrics.com/lyrics/acrostichon/sentenced.html#6"
                },
                {
                    "name": "Scarred",
                    "length": "05:46",
                    "url": "https://www.metal-archives.com/release/ajax-view-lyrics/id/21779",
                    "darklyrics": "\n\n\nVoices inside\nKeep on twisting my thoughts\nthings that are rationally right\nsre crooked to me\nbut i make it work my way\nthe thoughts inside\nare painfully and cruel\nbut they are a fuel so strong\nthat it makes my life go wrong\n\ni seek their pain\nto ease my mind\nit makes pain in my head\nseem less bright\nand brings me closer to delight\ni feel my past\ngetting control over me\nwhen will i be freed\nfrom this misery\nwhen my mind let me be\nit seems that no\nbody understands\nthe pain that's in my head\nit's only eased by death\nit's the only way to live\nit seems that no\nbody understands\nthat chaos in my life\nit's hurting me so much\ni want to hurt somebody else\n\na memory of burning flesh\nis the deepest thought for me\nthe shadows keep hurting me\nit's blackening all of this\n\n",
                    "darklyrics_url": "http://www.darklyrics.com/lyrics/acrostichon/sentenced.html#7"
                },
                {
                    "name": "Shelter",
                    "length": "03:34",
                    "url": "https://www.metal-archives.com/release/ajax-view-lyrics/id/21780",
                    "darklyrics": "\n\n\nmisery's pouring down\nimpossible to ignore\neverywhere he goes\nhis head gets filled with more\n\nnever mind direction\nthe clouds will always haunt\nlike a knive above his head\nkilling without a sound\nalways on the run\nknowing he can't hide\nunable to reach his shelter\n'cause his shelter lies inside\ndoomed to walk the earth\nwith this burden on his mind\ntrying to erase the scars\nno shelter he will find\n\n",
                    "darklyrics_url": "http://www.darklyrics.com/lyrics/acrostichon/sentenced.html#8"
                },
                {
                    "name": "Pain",
                    "length": "05:03",
                    "url": "https://www.metal-archives.com/release/ajax-view-lyrics/id/21781",
                    "darklyrics": "\n\n\nportraits; all over this wall\nmurdered morals taking my fall\nvelvet footsteps caressing the floor\nlisten carefully; i want to be shure\n\nthe pig is laughing; moments of doubt\naddicted to hatred; forcing the pain\n\nall these portraits remind me of the\nwater is burning; forcing away\n\nslip into\nthe sin of living\nhas been forgiven\ni ask for war\n(but) i'm getting more\ni don't understand\n\ni suck the barrel\ni lick the bullet\nit removes my mind\nto a faraway place\nwhere there's still space\nfor my kind\nthe pig is laughing; moments of doubt\naddicted to hatred; forcing the pain\n\n\n\n\n",
                    "darklyrics_url": "http://www.darklyrics.com/lyrics/acrostichon/sentenced.html#9"
                }
            ],
            "song_names": [
                "Sentenced",
                "Snapshot",
                "Forgotten",
                "Guilt",
                "Sleepless",
                "Victims",
                "Scarred",
                "Shelter",
                "Pain"
            ]
        }
    ],
    "album_names": [
        "Engraved in Black",
        "Sentenced"
    ],
    "info": {
        "Country of origin": "Netherlands",
        "Location": "Tilburg, North Brabant",
        "Status": "Active",
        "Formed in": "1989",
        "Genre": "Death Metal",
        "Lyrical themes": "Gore, Death, Mutilation, War",
        "Current label": "Double Noise Recordings",
        "Years active": "\n1989-1998,\n2009-present "
    }
}