{
    "name": "Aftermath",
    "id": "527",
    "url": "https://www.metal-archives.com/bands/Aftermath/527",
    "albums": [
        {
            "name": "Eyes of Tomorrow",
            "type": "Full-length",
            "year": 1994,
            "review_num": 3,
            "review_avg": 92,
            "url": "https://www.metal-archives.com/albums/Aftermath/Eyes_of_Tomorrow/1791",
            "reviews_url": "https://www.metal-archives.com/reviews/Aftermath/Eyes_of_Tomorrow/1791/",
            "reviews": [
                {
                    "title": "Sounds That Bring Hope on the Canvas of Tomorrow - 100%",
                    "content": "When I got this album, I thought I was getting some kind of a follow-up to the Arizona power/thrash metal band of the same name whose older efforts I had and liked. There was no Internet at the time, and no one knew what he/she was getting at times; all was based on the word of the folks you were getting it from, very often without a tracklist or any other additional piece of information. So you can imagine my surprise when I heard the first few notes\u2026 this was quite a transformation witnessed here, but I guess anything was possible after The Black Album, \u201cForce of Habit\u201d, and \u201cRenewal\u201d... \n\nso I was listening to this effort nodding in approval thoroughly appreciating this new direction taken by the band, also admiring their ability to outgrow their retro metal roots for something much trendier, something that sounded like nothing they had meddled with in the past. Good, really good stuff\u2026 it was quite a few months later when a guy I knew asked me for the Arizona dream\u2026 sorry, band works, and I also handed him the album reviewed here. The man brought back the cassettes a week later saying \u201cBro, these guys here are another Aftermath, from Chicago. Nothing to do with the others\u2026\u201d. Aha.\n\nI have to admit that I had the feeling I was listening to another outfit, but I had no idea there were other Aftermaths from the US; I mean, who else would have thought of using that moniker, for crying out loud! Anyway, I did my homework now that I knew what I was looking for although it took me quite a while to track down the band\u2019s early demos. It turned out that they were playing some pretty rough, primal thrash bordering on proto-death at the beginning, but by the \u201cWords That Echo Fear\u201d demo in 1989 more original strokes had started sneaking into the rigorous uncompromising approach promising more interesting things to come. The \u201cRoadrunner Demo\u201d from 1990 contained four tracks from the album here carving the path the guys had chosen to explore, the one of technical/progressive thrash metal glory.\n\nThis opus comes as a marvellous compilation of several masterpieces released a bit earlier: Anacrusis\u2019 \u201cScreams & Whispers\u201d and Coroner\u2019s last two. In other words, the guys have produced an encyclopaedia of the post-classic progressive thrash saga poured in over an hour. \u201cWords That Echo Fear\u201d leaves no stone unturned with its rampant rhythm-section the guys shredding with jumpy choppy riffs, the thrashing carnival stopping for a breath-taking balladic interlude. Worth of note are the sinister mean, semi-declamatory vocals very reminiscent of Ron Royce (Coroner) which become a bit more lyrical on the title-track, an amorphous technicaller which riff-patterns become even more hectic and jumpier also enriched with a supreme galloping passage thrown mid-way. \u201cBeing\u201d is a surreal masterpiece of weird twisted riffs bouncing in and out of existence before a more dramatic section puts an end to their chaotic interplay the latter recalling a motif from Coroner\u2019s \u201cSemtex Revolution\u201d from \u201cMental Vortex\u201d; more balladic brilliance served in the middle under the dance of sprightly virtuoso leads. \u201cExperience\u201d would be quite \u201can experience\u201d, an 8.5-min progressive saga that \u201cflirts\u201d with the ballad initially its calm \u201cwaters\u201d intercepted by brash jarring rhythms which adhere to more classic overtones recalling \u201cMental Vortex\u201d again, the complex drama reaching fever-pitch towards the middle until the next in line quiet lead-driven passage pacifies the tense environment. \n\n\u201cAfraid of Time\u201d is a more immediate jumper the band weaving intricate, labyrinthine mosaics the serpentine riff-formulas knowing a few more melodic respites along the way, the guys leaving their hearts and souls on the fabulous Shrapnel-like lead section. \u201cReflecting Pictures\u201d is a heavy steam-rolling thrasher with busy, fairly technical riffage which jumps up and down to a seriously dizzying effect the \u201cmadness\u201d aggravated by the heavily synthesized tone that the vocals take; great lyrical progressivisms bring enormous relief from the \u201cinsane\u201d picture alongside some of the most stunning technical dashes of the 90\u2019s, a superb \u201ctechnical vs. melody\u201d symbiosis which later acts like Theory in Practice and Psycroptic (\u201cThe Sceptre of the Ancients\u201d, above all) made their own by building their entire repertoire on it. \u201cChange of Mood\u201d is indeed \u201ca change of mood\u201d towards a more aggressive way of execution the band bracing themselves for a contrasting marriage between atmosphere and hard sharp thrashing akin to Anacrusis\u2019 mentioned magnum opus with more lead-driven balladisms befalling the enchanted listener, the calm before the storm the latter coming in the form of vitriolic spastic rhythms, and a sudden galloping application towards the end. \u201cThe Act of Unspoken Wisdom\u201d starts with a most tantalizing melodic introduction which is expressed through minimalistic lead insertions which emerge above ground as stylish riffs, this encompassing musical panorama assisted by effective declamatory tirades. \u201cWhisper of a Dream\u201d tries to justify its \u201cdreamy\u201d title with a romantic balladic inauguration, but expect more technical exuberance of the creepy minimalistic variety, a very effective gimmick also bringing a lot of atmosphere into the eventful, complex tapestry; watch out for the abrupt fast-paced \u201cskirmish\u201d ala Anacrusis\u2019 \u201cDivision\u201d from \u201cScreams & Whipsers\u201d where technical and melodic variations form a tight knot. \u201cProud Reflex\u201d is the last technical/progressive masterpiece the band shooting all the competition around with a sizzling array of ultimately stylish riffs which remorseless stride is nowhere broken reminding of Nasty Savage\u2019s \u201cPenetration Point\u201d as well, a relaxing balladic motif putting everyone to sleep\u2026 not so fast as the guys have prepared one more perplexing pile of mind-scratching dashes, the \u201crude awakening\u201d at the end of this absolute no-brainer.\n\n1994 was the year when both the German and the Dutch scenes were getting ready for retirement after several very strong years giving the classic metal lovers plenty of moments to enjoy. Just when one thought that there couldn\u2019t be anything better than Skeptic Sense\u2019s \u201cPresence of Mind\u201d, or Aeons End\u2019s \u201cSpiral Seas\u201d, or Aleister\u2019s \u201cTribal tech\u201d that year, comes this opus to mess up the fans\u2019 top ten lists cause its place is nowhere but on the very top. The US wasn\u2019t taking a very active part on the thrash metal front in the early/mid-90\u2019s, being much more concerned with keeping death metal afloat, and spreading the aggro/groovy/alternative word far\u2019n wide. Well, these unknowns had made up for their homeland scene's disregard of the good old thrash; and not only, but they had produced one of the most shining examples of how the old and the modern school could \u201cpartner\u201d to bring the genre back to its former glories. It\u2019s probably the finest symbiosis ever created between the two trends in the annals of thrash edging out Aleister\u2019s \u201cTribal Tech\u201d due to its more old school feel, and Equinox\u2019s \u201cLabyrinth\u201d due to its more serious, less psychedelic approach to the genre.\n\nThe \u201ceyes of tomorrow\u201d stared into the future for one more spell two years later, the 1996 demo which contained four compositions that pretty much continued the tendency towards more futuristic ways of execution, polishing the several hard thrashing edges from the full-length, and presenting them in a more refined, less intense form. This informal swansong had a very dreamy, spacey feeling about it this time coming even close to the \u201cGrin\u201d sterile aesthetics, but with a very interesting anti-aggressive aura that screamed for elaboration the latter partly provided on the band continuation, Mother God Moviestar, with all the cuts from the demo featured on that formation's only album which was more on the modern industrialized rock side, think the Killing Joke exploits at around the same time. The Italians Jester Beast produced something equally as mesmerizing and ephemeral on the \u201cInfinite Jest\u201d EP (2012), but this captivating delivery largely remained untapped\u2026\n\nUntil the band\u2019s reformation in the new millennium, of course; which is a fact, and immediately \u201cbore\u201d several compilations, mostly of an early demo material. The \u201ceyes of tomorrow\u201d have been brought into the present, they predicted correctly the second ascension of our favourite thrash, and now the world is awaiting their contribution to it with trepidation. Make sure you keep the top of your top ten lists vacant\u2026 they can get seriously messed up again in the aftermath.",
                    "date": "April 6th, 2017"
                },
                {
                    "title": "Steel balls and meaningful technicality - 98%",
                    "content": "Tech/prog thrash metal from 1990. Written between 1988-1990, recorded in 1990, released 4 years later in 1994 due to record company bankruptcy. Chicago band.\n\nFucking relentless grooving riffs right off the bat. And the vocalist Charlie Tsiolis sounds like Ron Broder of Coroner. Hell yes! Okay, admittedly, the initial impression Aftermath's album made on me was superb to say the least. And after listening to the album practically non-stop for a whole few months I can safely say this will be one of my favourite albums ever.\n\nThem coming first as sounding like Coroner is not to say that Aftermath has no sound of their own. They also come from the same timeline as Coroner, the late 80's, so I speculate it's just a case of sharing the same kind of influences. They are somehow a little bit more badass than Coroner and I really dig the vocalist's style that has angry rant-like qualities sometimes. Love the lyrics too. The singer has a unique way of kinda going out of time here and there but it fits the mood of the lyrics so well and gives the music vast amounts of chaos and aggression, so it doesn't matter to me if it's on purpose or not. Check out the title track for example to hear his almost desperate ranting verses and the extremely catchy chorus which has a surprisingly complex vocal rhythm that may initially sound confusing but the riff and the bass hitting the chords are so metal it's impossible to resist moshing. The singer pulls off a pretty varied effort considering the whole album, sounding emotional and even haunting on other tracks, like the awesome \u201dProud Reflex\u201d.\n\nThe band is organically tight and I love how the album sounds production wise. Especially the drums sound excellent. I think the drums bring this album to a whole new level of technicality because the player, Ray Schmidt, basically avoids cliches like the classic thrash beat and clearly has more influences than Overkill and Kill 'Em All.\n\nThe bass is luckily very audible because the player complements the riffs with just the right mixture of simply rounding up headbanging moments and adding more unique lines that snake around the guitars. There are quite a few moments of the bass going full on solo and it's great because the player has the confidence and the skill to pull it off, like the latter part of \u201dBeing\u201d for example. The guitars are natural in a way that you can actually hear there are two different players performing on each side. My only, and minimal, gripe is that the soloing could have maybe used a bit more composing to make the leads catchier.\n\nThe songs are entertaining in a way only the best tech-thrash bands get. The longer tunes sound epic and not just long for the sake of being long, like for example the atmospheric \u201dChange Of Mood\u201d or the excellent \u201dExperience\u201d with it's aggravated, ranting lyrics about corrupt leaders and the naive people following them. \u201dChange Of Mood\u201d has a one of a kind feel, it's amazing how they found the perfect lyrical content to fit the melancholy riffs. And for a lengthy song it grabs you right from the first second because the lyrics describe a depressed mind so well. What I really like is that Aftermath goes in guns blazing omitting prog cliches like unnecessary keyboard intros altogether. Well, the 10th track, an instrumental jam piece called \u201dSnuff\u201d is pretty trivial, but it is fortunately tagged at the end of the album and I guess the controlled guitar feedback makes it sound pretty sinister.\n\nI just don't get bored with this album and it pours energy to my day. Eyes Of Tomorrow has a unique atmosphere and steel balls with just the right amount of almost punk-like aggression mixed with meaningful technicality.\n\n(Sidenote: the 2015 reissue by Shadow Kingdom records has bonus tracks from a 1988 demo and a 1996 demo but I'm only reviewing the actual record that spans the first 10 tracks.)",
                    "date": "May 2nd, 2016"
                },
                {
                    "title": "Progressive Thrash. - 78%",
                    "content": "\"Eyes of Tomorrow\" is one of those overlooked albums. A sad fact, considering these guys were in the same vein as Anacrusis, Mekong Delta and Atheist, to name a few.\n\nThis is one of those albums that's hard to get into, but once you assimilate the songs, it's just brilliant and completely stands out in the crowd.\n\nTechnical and progressive, this album showcases some pretty new ideas and influences with songs like the aptly-titled \"Experience\". There is a thrash influence there, with lots of weird melodic/harmonic ideas and odd time signatures. \"Change of Mood\" is another piece where you can find some jazz concepts mixed in. The top musicianship certainly helps the songs to grow and develop, even though they are filled with many aspects that are/were not present in thrash metal or heavy metal in general.\n\nBut I can't get into the vocals yet. There is an annoying effect they use on this album that just gets on my nerves after a couple songs. This is really sad, 'cause I think the vocal lines are pretty good.\n\nAnyway, if you are looking for some new (old) thrash with progressive influences, Aftermath is the way to go.",
                    "date": "July 23rd, 2003"
                }
            ],
            "songs": [
                {
                    "name": "Words That Echo Fear",
                    "length": "06:10",
                    "url": "https://www.metal-archives.com/release/ajax-view-lyrics/id/17242"
                },
                {
                    "name": "Eyes of Tomorrow",
                    "length": "03:47",
                    "url": "https://www.metal-archives.com/release/ajax-view-lyrics/id/17243"
                },
                {
                    "name": "Being",
                    "length": "04:26",
                    "url": "https://www.metal-archives.com/release/ajax-view-lyrics/id/17244"
                },
                {
                    "name": "Experience",
                    "length": "08:22",
                    "url": "https://www.metal-archives.com/release/ajax-view-lyrics/id/17245"
                },
                {
                    "name": "Afraid of Time",
                    "length": "03:39",
                    "url": "https://www.metal-archives.com/release/ajax-view-lyrics/id/17246"
                },
                {
                    "name": "Reflecting Pictures",
                    "length": "05:43",
                    "url": "https://www.metal-archives.com/release/ajax-view-lyrics/id/17247"
                },
                {
                    "name": "Change of Mood",
                    "length": "07:42",
                    "url": "https://www.metal-archives.com/release/ajax-view-lyrics/id/17248"
                },
                {
                    "name": "The Act of Unspoken Wisdom",
                    "length": "04:09",
                    "url": "https://www.metal-archives.com/release/ajax-view-lyrics/id/17249"
                },
                {
                    "name": "Whisper of a Dream",
                    "length": "06:14",
                    "url": "https://www.metal-archives.com/release/ajax-view-lyrics/id/17250"
                },
                {
                    "name": "Proud Reflex",
                    "length": "05:09",
                    "url": "https://www.metal-archives.com/release/ajax-view-lyrics/id/17251"
                },
                {
                    "name": "Snuff",
                    "length": "01:00",
                    "url": "https://www.metal-archives.com/release/ajax-view-lyrics/id/17252"
                }
            ],
            "song_names": [
                "Words That Echo Fear",
                "Eyes of Tomorrow",
                "Being",
                "Experience",
                "Afraid of Time",
                "Reflecting Pictures",
                "Change of Mood",
                "The Act of Unspoken Wisdom",
                "Whisper of a Dream",
                "Proud Reflex",
                "Snuff"
            ]
        },
        {
            "name": "There Is Something Wrong",
            "type": "Full-length",
            "year": 2019,
            "review_num": 2,
            "review_avg": 57,
            "url": "https://www.metal-archives.com/albums/Aftermath/There_Is_Something_Wrong/759562",
            "reviews_url": "https://www.metal-archives.com/reviews/Aftermath/There_Is_Something_Wrong/759562/",
            "reviews": [
                {
                    "title": "You Fuckin' Bet There Is... - 29%",
                    "content": "Ohhh boy, this is a weird one. I always favour thrash acts over other styles when I flick through promos to review, simply because it's my favourite sub-genre and I find there's far more variety out there than naysayers would have you believe. However, occasionally I come across something that makes me yearn for less variety because they've taken experimentation the wrong way.\n\nChicago's Aftermath are a peculiar anomaly in that they formed way back in 1985 and produced a shit ton of EPs, demos and splits. They didn't get round to releasing a full-length, Eyes Of Tomorrow, until 1994 Even in thrash's waning years, this proved to be a sorely overlooked album which pushed the boundaries of the sub-genre and could have pioneered a new progressive, experimental direction for the style. Unfortunately, the '90s happened. We wouldn't see Aftermath release another LP until February 2019. There Is Something Wrong is the quintet's sophomore effort and their first in 25 years. Fellow thrashers Sacred Reich pulled a similar return to the fold this year with Awakening< , but that turned out to be a massive disappointment. This album also disappoints, but in a totally off-the-wall way.\n\nI found myself scratching my head for the majority of this release, wondering why the hell they had made such odd decisions. After the short intro \"Can You Feel It?\", I felt the use of media cuttings, press samples and sound effects was a little intrusive, but they were used as transitions between the songs on the first half of the album, so I accepted them as a linking theme. However, the latter half lets this trait get totally out of control, to the point where tracks like \"A Handful Of Dynamite\" can barely be called 'songs' and would be more suited as obscure B-sides on a noise album. Being labelled as 'technical progressive thrash metal' on Metal Archives was one thing, but literally filling 4-7 minute tracks with nothing but samples from documentaries and news reports is just taking the piss. The worst offenders here are \"Expulsion\" and \"Pseudocide\" which meander along totally aimlessly, and I literally never want to hear ever again.\n\nThe frustrating thing is that when they\u00a0do finally get around to thrashing like a real band, they can thrash pretty fuckin' hard and sweet. There's not much here, so make the most of tracks like \"Temptation Overthrown\" which is a solid tech/speed metal track, and the more rounded \"Scientists & Priest\" (probably the closest to a fully-fledged song on here). The production quality is solid, with the guitar/bass/drums combo making for a satisfyingly crunchy sound. Even the batshit burst of \"Diethanasia\" is not without its merits. Sure, it straddles the fence between cleverly playing around with time signatures and just...being wrong... But at least it's not devoid of energy and momentum. The title-track almost comes close to being a progressively tinged thrasher but, again, it's like the songwriter is spinning a freakin' wheel to decide what the next section will sound like. Despite the obvious flaws in the songwriting and flow, there is one aspect of this record which is unforgivable...\n\nThere Is Something Wrong?\u00a0Yeah, you bet there is. The fucking vocals and lyrics. If you remember Colorado metallers Havok and their 2017 album Conformicide, you'll doubtlessly remember the backlash over the ridiculous alt-right, conspiracy theorist, faux-rebellious lyrics which were so bad they flat-out ruined the experience for some listeners. Well, bold statement incoming:\u00a0There Is Something Wrong\u00a0 makes Conformicide sound like Death's\u00a0Symbolic.\u00a0At least Havok had a semblance of cohesive thought to their ramblings. Aftermath opt for total incoherence in their garbled excuse for a message. It's all predictable tin-foil hat bullshit about how governments are liars, pharmacies rule the world, JFK shot Abraham Lincoln on 9/11, blah-blah who actually fucking cares? The following is a genuine lyric from this 2019 'technical progressive thrash metal' album:",
                    "date": "November 30th, 2019"
                },
                {
                    "title": "There\u2019s Nothing Right in Prolonging the Aftermath\u2026 - 85%",
                    "content": "I checked the band page here shortly before Christmas, but there was nothing new posted\u2026 apparently the guys were content enough with roaming the world for the odd live stint after the reformation in 2014, in a way similar to their colleagues from Coroner, with no intentions of producing anything new\u2026\n\nbut there\u2019s always an aftermath to the aftermath, like my very wise grandmother used to say; in other words, lose no hope folks, and here I am, on a cold February afternoon, shortly after St. Valentine\u2019s Day, staring at this utterly unexpected, belated present given to me by this gorgeous female deity (name unspecified) that I have inexplicably forgotten about. Still, they love you selflessly and perennially, these female deities, regardless of whether you still\u2026 worship them or not, and gifts from them keep coming in one form or another. \n\nThis particular form, though, may surprise the band fans, especially those who were expecting a faithful follow-up to the grandiose \u201cEyes of Tomorrow\u201d; cause this isn\u2019t. However, it\u2019s a fairly interesting cross over the band\u2019s entire discography, not forgetting about the musicians\u2019 spell from the late-90\u2019s under the Mother God Moviestar moniker either, which may sound like a curious mish-mash on first, even second listen, but those who have been following the guys\u2019 career from the very beginning all the way to the present day will be hardly left disappointed.\n\nSo be prepared for a quirky progressive metal amalgam with thrash still leading the show but provided in a less serious, goofier shape. The various, plain disparate as well at times, nuances are scattered all over the band creating the illusion that this may as well be a logical sequel to \u201cEyes of Tomorrow\u201d initially with the jumpy neurotic progressiver \"False Flag Flying\", a really nice restless inauguration which unerringly serves the unique old/new school juxtaposition from said album. But then the short bursting thrashcore cuts (\u201cDiethanasia\u201d, \u201cSmash Reset Control\u201d) recalling the band\u2019s early demos come flying and the situation becomes fairly unpredictable, the listener further stunned by the unperturbed balladic ambience of \"Pseudocide\", a nod to the alternative/industrial rockabilias from Mother God Moviestar\u2019s only album; the abrasive music-less distraction \"A Handful of Dynamite\", and the noisy industrial parade \"Expulsion\".\n\nThe stylish progressive thrashisms don\u2019t jump out the window, mind you; they stay around being regularly provided either as outtakes from the more recent Voivod output (the vivid dystopian nightmare \"Scientists and Priest\") or as labyrinthine psychedelic journeys like the title-track where surprises lie in wait at every corner, with twists and turns following in dizzying succession recalling the works of other visionaries like Calhoun Conquer, Wartech, and Transilience. The ride never becomes too abstract on these more contrived numbers with \"Gaslight\" nicely blending intricate psychotic thrashing with sudden speedier escapades, and \"Temptation Overthrown\" shooting a delightful portion of fast-paced dissonant riffs, serving the template for the potential hyper-active remake of \u201cDimension Hatross\u201d either by Voivod themselves or by any other team of intrepid musicians.\n\nThere\u2019s a bit for everyone here, and although there will be some who will frown at the larger-than-life conglomerate cooked, the lack of perfect homogeneity works to the band\u2019s advantage\u2026 this time. Being missing from the scene for such a huge period, a veteran can surely choose to cover a wider area from their repertoire, not only to make their old fanbase feel nostalgic, but also to present the younger generation with an adequate picture of what was going on in the band camp before some of those folks were even born. I personally had no expectations whatsoever regarding this opus, again its emergence caught me absolutely unprepared, and although I immediately started praying for a faithful continuation to the \u201cEyes\u2026\u201d, I was by no means pulled back by these multifarious soundscapes. Provided that the Mother God Moviestar stint also worked for me to an extent, especially those tracks recorded earlier as the 1996 demo, I saw no major reasons to complain; it\u2019s the aftermath to the aftermath, after all, can we really expect strict order and robotic discipline from such unheralded occurrences\u2026\n\nno we can\u2019t, and these veterans from old Chicago town are back to show us that. There\u2019s nothing wrong with this new creation of theirs; on the contrary, there\u2019s always something right with anything/anyone that doesn\u2019t give up but keeps providing an aftermath to the aftermath to the aftermath to the aftermath\u2026 \n\nto the aftermath.",
                    "date": "February 25th, 2019"
                }
            ],
            "songs": [
                {
                    "name": "Can You Feel It?",
                    "length": "00:45",
                    "url": null
                },
                {
                    "name": "False Flag Flying",
                    "length": "05:59",
                    "url": "https://www.metal-archives.com/release/ajax-view-lyrics/id/4840395"
                },
                {
                    "name": "Diethanasia",
                    "length": "02:47",
                    "url": "https://www.metal-archives.com/release/ajax-view-lyrics/id/4840396"
                },
                {
                    "name": "Scientists and Priest",
                    "length": "05:33",
                    "url": "https://www.metal-archives.com/release/ajax-view-lyrics/id/4840397"
                },
                {
                    "name": "Smash Reset Control",
                    "length": "03:28",
                    "url": "https://www.metal-archives.com/release/ajax-view-lyrics/id/4840398"
                },
                {
                    "name": "Gaslight",
                    "length": "04:53",
                    "url": "https://www.metal-archives.com/release/ajax-view-lyrics/id/4840399"
                },
                {
                    "name": "A Handful of Dynamite",
                    "length": "02:25",
                    "url": null
                },
                {
                    "name": "Temptation Overthrown",
                    "length": "03:34",
                    "url": "https://www.metal-archives.com/release/ajax-view-lyrics/id/4840401"
                },
                {
                    "name": "Pseudocide",
                    "length": "06:53",
                    "url": null
                },
                {
                    "name": "There Is Something Wrong",
                    "length": "06:38",
                    "url": null
                },
                {
                    "name": "Expulsion",
                    "length": "04:23",
                    "url": null
                }
            ],
            "song_names": [
                "Can You Feel It?",
                "False Flag Flying",
                "Diethanasia",
                "Scientists and Priest",
                "Smash Reset Control",
                "Gaslight",
                "A Handful of Dynamite",
                "Temptation Overthrown",
                "Pseudocide",
                "There Is Something Wrong",
                "Expulsion"
            ]
        }
    ],
    "album_names": [
        "Eyes of Tomorrow",
        "There Is Something Wrong"
    ],
    "info": {
        "Country of origin": "United States",
        "Location": "Chicago, Illinois",
        "Status": "Active",
        "Formed in": "1985",
        "Genre": "Technical Progressive Thrash Metal",
        "Lyrical themes": "War, Life",
        "Current label": "Unsigned/independent",
        "Years active": "\n1985-1996,\n1996-1999 (as Mother God Moviestar),\n2014-present "
    }
}