{
    "name": "Agatus",
    "id": "935",
    "url": "https://www.metal-archives.com/bands/Agatus/935",
    "albums": [
        {
            "name": "Dawn of Martyrdom",
            "type": "Full-length",
            "year": 1996,
            "review_num": 4,
            "review_avg": 85,
            "url": "https://www.metal-archives.com/albums/Agatus/Dawn_of_Martyrdom/3357",
            "reviews_url": "https://www.metal-archives.com/reviews/Agatus/Dawn_of_Martyrdom/3357/",
            "reviews": [
                {
                    "title": "Dawn of Martyrdom - 89%",
                    "content": "After releasing the A Night of Dark Ages and Black Moon demos, Agatus released their first full-length album, Dawn of Martyrdom. Released on Hypervorea Records in the autumn of 1994, this L.P. is a good offering of Hellenic black metal, with a decent amount of northern influences. Somehow forgotten among the more popular bands, like Rotting Christ, Varathron and Necromantia, the debut record from Agatus is just as worthy of exploration.\n\nMusically, this includes a lot of the same techniques utilized by their Hellenic peers, yet the band also shows a healthy does of inspiration from the northern regions of Europe. It is built upon a solid foundation of epic metal riffs, pounding double-bass and cold tremolo melodies, many of which would not be out of place on one of the classic Norwegian albums. In fact, there appears to be a strong Burzum influence, even during the more mid-paced sections. Despite such clear inspiration for many of the guitar riffs, the percussion and synth are both very Greek in execution, with the former being quite prevalent. Some of the keyboard parts are so strangely upbeat that they severely distract from the vibe being created by the guitar riffs. This mixture may be a bit off-putting to some, who either want one style or another, but Agatus actually pulls this off very well. The vocals are another positive addition to the overall sound, possessing hints of a shredded throat that gives a rather tormented and impassioned feeling. This is most evident on \"Spirits from the Depths of the Earth\", which is one of the highlights of the album. Also present are the two tracks from the Black Moon promo, \"Black Moon's Blood\" and \"Force of Desecration\", in the exact same form and are the most straightforward songs on here. To contrast this, the two instrumental tracks are drenched in an odd Mediterranean atmosphere that seems at odds with the spirit of black metal. The songwriting is pretty strong, throughout the album, though it is not without its inconsistencies. However, taking into account the running time of 50 minutes, this is to be expected.\n\nThe production is not too bad, though it could have used some improvements. The percussion is too high in the mix, and sounds somewhat fake. Also, the guitars would have benefited from a more raw and sharp tone, which would have done well to emphasize the cold tremolo melodies. Then again, the type of production featured on Dawn of Martyrdom is one of the main things responsible for the Hellenic feeling. Either way, whether using another approach or just lowering the drums in order to allow more of a focus on the guitars, this small improvement could have made a lot of difference. The vocals are just right and, from the style to the placement in the overall mix, nothing should be changed about this element.\n\nIn the end, Dawn of Martyrdom is another solid release from the Hellenic Black Metal scene and placed Agatus among the second-tier bands like Legion of Doom and Thou Art Lord. Despite whatever flaws it may possess, this record is of a higher calibre than the likes of Crossing the Fiery Path or His Majesty at the Swamp. The music is rather dynamic, never boring, and one can tell that the band put every bit of energy that they had into this. It may take a couple listens to shake off the average impression and to really get what the band is doing here, but it is well worth the time.\n\nWritten for http://ritesoftheblackmoon.tripod.com",
                    "date": "January 30th, 2012"
                },
                {
                    "title": "A Scandinavian postcard arrives in Athens - 63%",
                    "content": "Oddly enough, I know a small number of individuals who prize this debut album, and its successor The Weaving Fates (from 2002) as two of the finest hours in all European black metal. Not only Greece, mind you, but the whole damned continent. While I am inclined to disagree with any such notion, I just find the sentiment striking: surely everything the band performs on Dawn of Martyrdom is pretty much par for the course from this genre in the mid-90s, with riffing streams that rarely evoke surprise, strong but standard drum work, the typical Greek flare for dramatic but uninspiring keyboard presentations and a powerful but ultimately futile frontman.\n\nNow, Agatus might sound better put together, at least for its time, than the other bands the members were involved with (primarily Zemial), but this is about the best thing I can say for them. Okay, maybe not: it's gotta be the outrageous tags the members used, like Eskarth the Dark One, Archon Vorskaath, and Prince Korthnage. All far more involved and barbaric than the usual handles being adopted by their northern kin. Dawn of Martyrdom is pretty much the definition of 'stock black metal', with not a single riff in about 51 minutes that goes anywhere you wouldn't expect it to. Think of the band as a merger of the core principles in the Greek scene (slower, glorious movements and melodies, plenty of synthesizer, and simple leads) and the Viking-like grandeur of bands like post-'88 Bathory, Enslaved and Immortal, and you've got a pretty clear picture of what they were attempting to accomplish.\n\nThere are plenty of rigorous, stomping open chord sequences as in \"Force of Desecration\" that scrawl at a mid pace, and then faster, more driving segments in \"Emerge...Through My Diabolic Possession\" or \"Demons of the Great Kingdom\", not to mention the clean guitar, ambient segues like \"When the Macabre Dance Begins\"; so Agatus is nothing if not mildly diverse in approach, and that trait lends itself well to the overall solidarity of the debut. The vocals are cast in the standard, malicious mold reminiscent of Quorthon (circa Blood Fire Death), but they never take the album to quite the next level. I'd credit Dawn of Martyrdom for having what must have been among the best production in Greece at the time, and the album trumps its neighbors Thy Mighty Contract, Non Serviam and His Majesty at the Swamp in at least that regard, but the writing in general is bland and forgettable, and nowhere near as 'diabolic' as the band seems to wish an impression upon its audience.\n\nYou may not have heard this album a thousand times before 1994, but you've certainly heard it since, and the chronological positioning of the Agatus debut in no way makes it remarkable enough to live up to its hype. Compare the album to In the Nightside Eclipse, Frost, Pure Holocaust or even For All Tid and it comes up short. However, it is hardly torment to listen through, it was massive sounding for the time, and if you are interested in something decidedly Greek with huge hints of the Scandinavian scene involved, it was perhaps the one place you could actually turn to. You'll also want to beware the No Colours 'bootleg'; unfortunately the one I'm reviewing, which has incorrect song titles even if they were nice enough to tack on the band's 1993 demo. Also, if it ever came down to a choice between both Agatus full-lengths, go with The Weaving Fates: the atmosphere there is somewhat less grandiose, but the writing is better and the guitar tone adds a lot of punch to the melodies.\n\n-autothrall\nhttp://www.fromthedustreturned.com",
                    "date": "July 8th, 2011"
                },
                {
                    "title": "Hellenic Black Metal Glory - 97%",
                    "content": "Agatus were one of the earlier Greek Black Metal bands and still belonged to the first wave of Hellenic BM. Formed in 1992, Agatus released their first demo \"Night of the Dark Ages\" in 1993, which already showed great potential and was a good showcase of what they were up to; Around a time where both Rotting Christ and Varathron released their highly-respected debuts, Agatus turned into a different direction. \n\nAgatus' focus lies not in utilizing fast, often harmonized tremolopicked leads and riffs, instead they form their ideas around power chords, which are used in many different speeds and forms. They are supported by more typical, but well understandable Black Metal vocals, as well as by traditional Hellenic keyboards. Even synth flutes appear (think of Necromantia) here and there. \n\nAgatus' riffs are amazingly well written. Even though they are not overly technical, they amaze with great chord progressions, intense memorability and a vast amount of catchiness. Two tracks here (\"When the Macabre Dance Begins\", \u201cNostalgia\u201d) are completely acoustic and feature some of the best string work I've ever heard. Again, no amazing technical skills used here, but I've never felt so much like being back in the medieval times. Think of \"Dark Medieval Times\", but just a hundred times more effective (and yes, I even like that album!)\n\nAnother point must be given to the drumming. It's skilled, furious, heavy and varied. The best drumming I've heard on any oldschool Greek BM album yet, by far. Sure, the competition is not that great (since lots of the early bands used drum-computers) but trust me, this guy knows his kit very well. Thundering doublebass, high-speed blastbeats and folky beats, everything here. \n\n\"Dawn of Martyrdom\" is a Greek Black Metal masterpiece and will send your mind right back to the middle ages. Great songwriting, great musicians and strong songs will guide you on your way. \n\nRecommended to all fans of the more extreme side of metal.\n\nHighlights: \n\nUnder the Spell of the Dragon\nDemons of the Great Kingdom\nWhen the Macabre Dance Begins\nSpirits from the Depths of the Earth\nNostalgia",
                    "date": "November 22nd, 2006"
                },
                {
                    "title": "Excellently written Greek bm in the '90s - 90%",
                    "content": "Greek mythology can be enriching to read. Take Zeus with his control over Mount Olympus. Along with his brothers Poseidon and Hades, who also shared their own important roles. Together they were gods of the vast sea, the grim underworld and the glorious sky. Even they were spawned from something greater. Their father was Cronus and upon birth he actually ate almost all of them until later spit up. Likewise, these three would create such amazing creations themselves, which would unfold many more interesting stories. Most of us have heard these characters and their tales before. They are nothing new to our tongues and ears, but, then again, it brings back an old feeling repeating them. Let's take advantage and add a twist to where this country came from and what we've learned up till now. Nothing too far out of the ordinary, but a meld of old and new vibes. A kind of tale where the past comes alive with a modern feeling.\n\nUnfolding this account, the band Agatus originally has blood ties to Greece and started turning historic pages in the early nineties. This is when other notable Hellenic metal acts were at the same time releasing monumental albums. Agatus and the band Zemial share members. Both groups play different tunes than some other infamous country mates. Some elements from Rotting Christ, Thou Art Lord and Necromantia come about, and also part of the sound they have comes from recording in Storm Studio. There are also areas where Agatus bring out nostalgic influence and give us their taste of Bathory's \"The Return\" and \"Under the Sign of the Black Mark.\" Except they play tighter, faster and with less emphasis on palm mutes than Bathory.\n\nUpon first listen, \"Dawn of Martyrdom\" is one of those surprisingly great finds that unfortunately didn't get mass printed copies. Underlined, it contains subtle hints of keyboards to add built-up climaxes. Then there are folk-like interludes, containing acoustic guitars as well as simulated flute, horns and tambourine to clench this particular type of ancient atmosphere. Overtop, they maintain a black metal side that can range from savage to melodic. \n\nThe main music has tendency to be carried by the guitars. They can be played simplistically, but at the same time dish out plenty of different modes of memorable, thought-through rhythms. These electric strings play a decent amount of faster tremolo sections, which can be mesmerizing when sustained, and then often when in this repetitious mode have another instrument take some of the reins in its place. On certain songs, there are two guitar tracks with some separate rhythms going at once. They seldom use palm mutes but carry out a fair share of single notes and faster strummed chords. What's great about the song writing is how they can blend together savageness with melody. More of his riffs are thicker and in the way of aggressive, but at times they can use higher accented strings and it doesn't sound out of place. The vocals are something of a raspy scream with an emphasis on coming from the throat instead of the gut. The projection has tendency to be a tad more pronounced than some other bands, with his words occasionally coming through with some audible translation. The keyboards, on the other hand, are a subtlety to the music. For instance, the song might work up to them with a certain effect to peak a particular moment in a song, such as choir or more unguessable effects with a stand-out higher or lower tone. The drumming maximizes the music with a certain amount of heaviness. Double bass is included quite frequently and with pounding force. Vorskaath peaks at a blast beat, but he also includes other various tempo changes to guide the music in different directions.\n\nThis album is surprisingly well written and has each instrument getting a chance to play their own part to the overall dark scheme. Whether it's the interlaced interludes, climatic and subtle keyboards, impacting vocals, memorable guitar lines, level drum sound, the band is able to put it all together with very little that gets in their way. There are just a few minor areas that could have used some more of the various change-ups the band consistently delivers, since some of these said portions might be a little basic with a primitive guitar line and the drums going for a repeated structure, then all but the vocalist rasping overtop.\n\n\"Dawn of Martyrdom\" isn't going for the most technical or out-there experimental vibes. It has some dramatic license and an epic feel to it. Agatus on occasion back track to an earlier metal scene and give some praise to fore-fronting bands like Bathory. Though this has its own separated personality and the ability to put all of the elements together effectively. Unfortunately, \"Dawn of Martyrdom\" didn't get its own deserved praise due to limited distribution. Still, keep a look out for this one.",
                    "date": "August 24th, 2006"
                }
            ],
            "songs": [
                {
                    "name": "Under the Spell of the Dragon",
                    "length": "07:47",
                    "url": "https://www.metal-archives.com/release/ajax-view-lyrics/id/31096"
                },
                {
                    "name": "Demons of the Great Kingdom",
                    "length": "05:32",
                    "url": "https://www.metal-archives.com/release/ajax-view-lyrics/id/31097"
                },
                {
                    "name": "Emerge... Through My Diabolic Possession",
                    "length": "05:38",
                    "url": "https://www.metal-archives.com/release/ajax-view-lyrics/id/31098"
                },
                {
                    "name": "Black Moon's Blood",
                    "length": "02:41",
                    "url": "https://www.metal-archives.com/release/ajax-view-lyrics/id/31099"
                },
                {
                    "name": "When the Macabre Dance Begins",
                    "length": "02:02",
                    "url": "https://www.metal-archives.com/release/ajax-view-lyrics/id/31100"
                },
                {
                    "name": "Spirits from the Depths of Earth",
                    "length": "07:21",
                    "url": "https://www.metal-archives.com/release/ajax-view-lyrics/id/31101"
                },
                {
                    "name": "Memories of the Cold Ages",
                    "length": "05:41",
                    "url": "https://www.metal-archives.com/release/ajax-view-lyrics/id/31102"
                },
                {
                    "name": "Force of Desecration",
                    "length": "03:00",
                    "url": "https://www.metal-archives.com/release/ajax-view-lyrics/id/31103"
                },
                {
                    "name": "King of the Forest",
                    "length": "09:06",
                    "url": "https://www.metal-archives.com/release/ajax-view-lyrics/id/31104"
                },
                {
                    "name": "Nostalgia...",
                    "length": "02:07",
                    "url": "https://www.metal-archives.com/release/ajax-view-lyrics/id/31105"
                }
            ],
            "song_names": [
                "Under the Spell of the Dragon",
                "Demons of the Great Kingdom",
                "Emerge... Through My Diabolic Possession",
                "Black Moon's Blood",
                "When the Macabre Dance Begins",
                "Spirits from the Depths of Earth",
                "Memories of the Cold Ages",
                "Force of Desecration",
                "King of the Forest",
                "Nostalgia..."
            ]
        },
        {
            "name": "The Weaving Fates",
            "type": "Full-length",
            "year": 2002,
            "review_num": 3,
            "review_avg": 80,
            "url": "https://www.metal-archives.com/albums/Agatus/The_Weaving_Fates/2427",
            "reviews_url": "https://www.metal-archives.com/reviews/Agatus/The_Weaving_Fates/2427/",
            "reviews": [
                {
                    "title": "The Weaving Fates - 75%",
                    "content": "When people think about Greek/Hellenic black metal, they usually think of bands such as Rotting Christ, Varathron, Kawir and other relatively well known bands , Agatus never came into any of my conversation about metal or extreme metal in general. I came across this band on you-tube, and this album served as a perfect introduction to the rest of their relatively small discography. This album is a very delicate mix of Norwegian, Swedish and Greek black metal. The primary bands that come to mind when I listen to this album are Bathory, Dimmu Borgir, Old man's Child and Iron Maiden. \n\nEach strong seems to have a very interesting aura about it. Each song builds upon the previous one and the whole album manages to keep a straight-forward pace up until the end. The riffs are very basic, however they have a very imposing presence in the album, and even though they might not be the most technically proficient, inventive or technical, they certainly do sound inspired. The vocal styles alter between shrieks, growls, epic clean vocals and raspy shouts. The bass is inaudible and I don't really have anything to add about its influence on the overall tapestry of this full-length. \n\nThis album came out in 2002, around this period, melodic and symphonic metal were experiencing a glut. A lot of bands active in the mid 90s, disbanded. The two flagship bands for this sub-genre, Cradle of FIlth and DImmu Borgir were taking a different approach towards a very similar blend of classical music and black metal. Agatus chose to walk the less discovered path, and started mixing new-wave of British heavy metal, with mid-90s norwegian black metal, and this album is a testament to this band's proficiency and legitimacy. \n\nThe drums, are in my opinion one of the reasons why this album stands out so much for me, rather than other examples of this eclectic style of black metal. The drummer really seems to know what he is doing. He keeps each instrument glued as one cohesive unit. The drum-fills and patterns are almost entrancing. I just wish they were a little bit higher in the mix. One of my gripes with the production of this album, is that the vocals are too imposing. I believe that had the vocals been mixed lower, they would have still done a good job at delivering the uniqueness of the vocals, while at the same time allowing the same level of prominence to the other highlight instruments. \n\nAnother small problem I have with this album is that even though they band seems to be quite sure of its identity. There's a sort of self-acknowledgement in the song-writing. It is as if the band seems to be unable to truly stand out on its own two feet. I believe that this is one of the main reasons why this band remains so unknown and only worshiped by a very small cult-fanbase. I recommend this album to any metal maniacs who like their brand of black metal tinged with an epic british metal vibe.",
                    "date": "September 15th, 2019"
                },
                {
                    "title": "Flaunting a finer thread - 70%",
                    "content": "The Weaving Fates is another highly lauded record from Greeks Agatus, but once again I must take exception to the enormous amounts of praise I have seen targeted in its direction. Oh, this is a decent accounting of the band's talents, and superior to the debut, yet not even remotely extraordinary. Where it exceeds the Dawn of Martyrdom is in the production, and by a lesser margin, the writing. The sophomore takes a more organic approach to the guitar tone, but the whole mix is refreshingly clean, where its predecessor was far more of an epic, harried charge of melodic black metal which drew upon the obvious Swedish parallels. The Weaving Fates is still quite melodic, mind you, but the guitars are so brazen and straight in your face that it does a more effective job of hammering the point.\n\nThere's also a potent, barbaric measure to a number of the tracks that almost betrays the cheesy eloquence of its cover art. Straight heavy metal chord patterns are 'woven' through the faster, bleeding breaks of melody and the result often makes you want to slam a mug of your chosen ambrosia down on the temple floor. \"The Weaving Fates\", \"Night of a Thousand Stars\", and \"\u03a0\u03c1\u03bf\u03b3\u03bf\u03bd\u03bf\u03bb\u03b1\u03c4\u03c1\u03af\u03b1 (Ancestor Worship)\" all exemplify such a principle, the latter my personal favorite of the band's career for its glistening, blissful bridge. Though the primary focus is on the guitars, the drums are also solid, and Agatus have not abandoned the synthesizers so favored by their Greek peers. Occasionally, these still feel somewhat cheesy, but I'd attribute this to the bright pads chosen to stand out from the guitar lines more than anything else. The harsher black metal vocals are just as bland as they have been for the previous releases, but Eskarth and Vorskaath will often use a more conversational, grimy tone that is far more appreciable if understated.\n\nOne aspect of the sophomore that I didn't really care for are the interludes and outros, which are pretty predictable, 'ancient' acoustic pieces with a minimum of percussion that never seem to go anywhere. The hidden 'outro' is a complete waste of time, one of those little clips of screwing around in the studio, packed into several minutes of silence. Who cares? At least tell a real joke or do something funny. The cover art is ugly and looks like a bad Romance novel from a time forlorn, or 1987. The lyrics are a mesh of the occult and mythological typically attributed to the Greek scene, but some of them are mediocre at best (\"Era of Tiamat\", \"\u03a0\u03c1\u03bf\u03b3\u03bf\u03bd\u03bf\u03bb\u03b1\u03c4\u03c1\u03af\u03b1\", or the title track). In the end, while a punchier and more poignant effort than the middling Dawn of Martyrdom, I simply have never derived as much enjoyment from this release as I have from Necromantia, Rotting Christ, Varathron, or a number of other Hellenic mainstays, including the brothers' other band Zemial, who are far more crude and evil than this. That said, The Weaving Fates would be unquestionably the place to start in the Agatus catalog.\n\n-autothrall\nhttp://www.fromthedustreturned.com",
                    "date": "August 1st, 2011"
                },
                {
                    "title": "Awesome album ! - 95%",
                    "content": "To start, I\u00b4m not all that familier with AGATUS and this latest CD is actually my first journey into their Blackend world. Being the curious person I am I decided to search out a little info and discovered they are originally from Greece but have relocated to Australia and that the two guys are also in ZEMIAL. I\u00b4m inclined to simply state: \"Buy this, it rules, period\" and leave it at that but I suppose you\u00b4ll want a little more, huh ? Well, \"The Weaving Fates\" presents a variety of styles / influences with Greek Black Metal being in the forefront (think VARATHRON or earlier ROTTING CHRIST) while also giving a healthy nod towards oldschool Traditional Metal and even some NWOBHM amongst the riffing (the song 'Conqueror Of Fear' in particular). Finally there\u00b4s even some Folk elements weaved throughout. Add in a good production, tight musicianship, use of unusual -for Metal- instruments (tambourine, gong, bells, spokes), lots of melody and strong riffing and you\u00b4ve got a successful album.",
                    "date": "September 30th, 2002"
                }
            ],
            "songs": [
                {
                    "name": "The Weaving Fates",
                    "length": "03:35",
                    "url": "https://www.metal-archives.com/release/ajax-view-lyrics/id/22923"
                },
                {
                    "name": "Era of Tiamat",
                    "length": "02:32",
                    "url": "https://www.metal-archives.com/release/ajax-view-lyrics/id/22924"
                },
                {
                    "name": "Conqueror of Fear",
                    "length": "05:36",
                    "url": "https://www.metal-archives.com/release/ajax-view-lyrics/id/22925"
                },
                {
                    "name": "Night Mares",
                    "length": "03:08",
                    "url": "https://www.metal-archives.com/release/ajax-view-lyrics/id/22926"
                },
                {
                    "name": "L'arriv\u00e9e de la victoire",
                    "length": "01:11",
                    "url": "https://www.metal-archives.com/release/ajax-view-lyrics/id/22927"
                },
                {
                    "name": "Night of a Thousand Stars",
                    "length": "05:57",
                    "url": "https://www.metal-archives.com/release/ajax-view-lyrics/id/22928"
                },
                {
                    "name": "Faustian Call",
                    "length": "01:49",
                    "url": "https://www.metal-archives.com/release/ajax-view-lyrics/id/22929"
                },
                {
                    "name": "\u03a0\u03c1\u03bf\u03b3\u03bf\u03bd\u03bf\u03bb\u03b1\u03c4\u03c1\u03af\u03b1",
                    "length": "03:59",
                    "url": "https://www.metal-archives.com/release/ajax-view-lyrics/id/22930"
                },
                {
                    "name": "Visions of the Moon",
                    "length": "04:59",
                    "url": "https://www.metal-archives.com/release/ajax-view-lyrics/id/22931"
                },
                {
                    "name": "Epilogos",
                    "length": "02:33",
                    "url": "https://www.metal-archives.com/release/ajax-view-lyrics/id/22932"
                },
                {
                    "name": "[untitled]",
                    "length": "03:34",
                    "url": null
                }
            ],
            "song_names": [
                "The Weaving Fates",
                "Era of Tiamat",
                "Conqueror of Fear",
                "Night Mares",
                "L'arriv\u00e9e de la victoire",
                "Night of a Thousand Stars",
                "Faustian Call",
                "\u03a0\u03c1\u03bf\u03b3\u03bf\u03bd\u03bf\u03bb\u03b1\u03c4\u03c1\u03af\u03b1",
                "Visions of the Moon",
                "Epilogos",
                "[untitled]"
            ]
        },
        {
            "name": "The Eternalist",
            "type": "Full-length",
            "year": 2016,
            "review_num": 4,
            "review_avg": 92,
            "url": "https://www.metal-archives.com/albums/Agatus/The_Eternalist/592478",
            "reviews_url": "https://www.metal-archives.com/reviews/Agatus/The_Eternalist/592478/",
            "reviews": [
                {
                    "title": "Atlantian portal open wide for I the traveler descend - 96%",
                    "content": "It\u2019s not often that an old favorite completely surprises you. Whatever band it is, they\u2019re an old favorite for a reason\u2014they\u2019ve been consistent, and maybe had some serious evolution along the way, but they\u2019ve been good at what they do for a long time and probably haven\u2019t done anything too out of left field since they were a much younger band.\n\nAgatus has been around for almost as long as black metal has; formed in 1992 by Eskarth the Dark One (AKA Chris Dorian Kokiousis), the band has been infrequently releasing material for longer than the members of a lot of your favorite new bands have been alive. That kind of longevity is an alarm for a lot of people, and with good reason. Most musicians in metal just do not keep it up for decades without losing a lot of creativity, passion, and even interest in the very genre that they\u2019re writing in. Fortunately, even with the long gaps between most of their full length releases (fourteen years between their second album and their third!), Agatus has remained a pillar of excellence, originality, and the unexpected.\n\nThe Eternalist, without mincing words, is a nearly perfect record. It\u2019s also one that toes the line between heavy metal and black metal in a way that not many bands have done with this level of precision. Right from the start of \u201cThe Eternalist,\u201d it\u2019s obvious that Agatus has undergone an evolution between The Weaving Fates and now; heavy synthesizers, clean singing, and a heavy infusion of prog rock contrast with the black metal of earlier days, and while epic heavy metal was already a core of the Agatus sound, now the ratios have flipped, and the heavy metal dominates. Interestingly enough, some of the album\u2019s songwriting dates back to even earlier than The Weaving Fates, with two of the songs being written in 1996. In spite of the long gaps between songs being put together, the album flows perfectly, and nothing stands out as being older or newer than any other piece.\n\nMuch of the riffing here is mostly made up of repeating staccato rhythms, many of which call back to the black metal of Agatus\u2019 earlier days and to other seminal Greek bands. These are offset by sections of galloping, longer and more mystical sections of epic metal, and by dual leads that call back a bit to bands like Iron Maiden. At almost any moment that one guitar is playing a rhythm, the other is playing a melody over it, or both are playing the melody while the bass holds down the rhythm. As songs progress, moods generally shift and change rapidly, with the main link between the various sections of rhythm being leads that carry over with changes, vocal lines that tie them together, or a repeating drum beat. Strong acoustic guitar sections, progressive rock interludes, and synthesizers also help maintain album flow with a fluidness that isn\u2019t often heard in such varied material.\n\nThough I mention vocal lines linking riffs, a surprising amount of the record is instrumental, with Eskarth and Archon (Eskarth\u2019s brother and long time musical co-conspirator) letting the songwriting say everything that needs telling. For weaker musicians, this would be the death of an album, but it\u2019s almost not even noticeable on the first few listens of The Eternalist because of how well the album is written. Similarly, I mention moods and riffs changing rapidly, but that\u2019s not necessarily true\u2014songs like \u201cThe Invisible\u201d rely heavily on repetition to build atmosphere in some parts, and it\u2019s not the only one to do so. The song structures go where the music demands and no change, or lack thereof, feels strange due to the strength of the compositions.\n\nI also talked about clean singing being a part of the record, and this is a massive reduction. Agatus used many approaches to the vocals on this record, ranging from a harsh snarl more akin to the early days of the band to raw, emotional singing to soaring voices and even chanting choral work. The multifaceted approach to the vocals is as fascinating as the rest of the songwriting and deserves praise for the extra depth it adds to the record. The drums and bass also need recognition here, as the inventive fills, tight rhythm section, and interlocking grooves have enough power to carry any amount of strange, wonderful lead guitar bits that would otherwise be playing over a somewhat empty soundscape.\n\nThe production on the record is very warm, and the mix very balanced, suiting the record perfectly. Similarly, the recording quality itself is very high without sounding excessively clean. Combined with the layered and interesting approach to the music itself, we get what is undoubtedly one of the most dynamic, well written, interesting, and just downright listenable records of the last few years\u2014one well worth singing praises to. There is no conforming to genre standards, no attempts to blow up or look for scene points\u2014Agatus are here to do what they feel in their hearts, and that originality is what we have been given here.\n\nIt\u2019s been a few years now since The Eternalist came out, and still no new record or release has been announced. Hopefully we hear back with more material sooner rather than later. But until then, we have one of the best hybrids of heavy metal, black metal, and progressive rock that I\u2019ve ever heard, and I\u2019ll be worshiping it \u2018til the end.\n\nOriginally written for Toilet Ov Hell.\n\nhttps://toiletovhell.com/review-agatus-the-eternalist/",
                    "date": "September 25th, 2019"
                },
                {
                    "title": "Outsider's perspective - 90%",
                    "content": "First things first; The Eternalist has so far been my first and only taste of Agatus, which renders this humble reviewer ill-equipped to explain how it fares in comparison to its predecessors. With that out of the way, what I can indeed say is that Agatus' third offering is a gorgeously crafted, sweetly dark example of rather unconventional metal. Supposedly starting as a projected oriented more towards black metal, Agatus has seemingly evolved into a unique beast, with both feet firmly planted in the realm of the traditional. With stomping mid-tempo riffs, lots of harmonic gallops and even the occassional stratospheric wail, this Hellenic emanation appears well fed on the godly flesh of both British and American titans. Like an old, familiar figure seen through the darkest and most sinister of lenses, Agatus showcase here a sort of hypothetical, divergent evolutionary path for traditional metal; one where Manilla Road as played by Mercyful Fate became the norm, rather than following on the steps of Maiden and Priest. The weird and the occultic joined at the waist, a gemini of metal craftsmanship. And no, think \"weird\" in terms of \"pulp and adventurous\", rather than merely \"strange\".\n\nThis weirdness makes itself present most obviously on the many adornments that the music displays, with an exquisite use of choral arrangements, keyboards and synths for accentuation, lending the music an arcane and theatrical atmosphere. \"Gods of Fire\" is one of the best examples of such, permeated by the sort of reverent airs that, coupled with a mighty mid-tempo guitar, prepares the audience to kill and conquer for Crom as if it was daily routine. And speaking of the guitars? They're beautiful, chuck full of thrilling melodic leads specifically designed to make the most cynical of listeners' ears perk up in attention. A lot of care was put into crafting the solos in The Eternalist, doing justice to their role as a song's emotional climax; no careless shredding or atonal noodling to be heard. \"Dreamer\" displays this mentality really well, around 50% of its length being taken up by such a sublime instance of electric love. Strong leads are nothing without equally strong riffs to back them up though, and we are not disappointed in that regard either; listen to \"The Oath (of Magic and Fire)\" or \"Perils of the Sea (II)\" for a clear demonstration of the riffing power of this two-headed monster of a band. The latter barely needs any lyrics at all, carrying us into a nautical adventure through sheer melodic wizardry and riffing intensity. And is that a nod to \"Rime of the Ancient Mariner\" I hear in one of the \"verse\" riffs? If so, how fitting!\n\nNot counting a few bursts of speed and viciousness, The Eternalist is content to mostly stick to a rocking, headbanging mid-tempo. This has the pleasant side of effect of leaving a lot of breathing room for the rhythm section, whose crystalline presence is impossible to ignore thanks to a sublime mixing job that combines modern clarity of sound with the warmth and organic comfort of olden recording methods. Not a single bass plonk or drum hit goes unnoticed, enriching an already colourful record all the more. Don't tell me small details like the slow and subtle book ends of the drums at the start of \"Flight Into Forever\" don't filll you with joy! And of course, there's the topic of the vocals, which are nothing short of the cherry on top. They're rough, though melodically competent and entirely capable of carrying a song through to the end. Although the lack of obvious formal training is readily apparent, singer Chris Kokiousis clearly sings from the heart and does so with pride, weaving tales of mystical forces and primal, forgotten gods as if he had witnessed such things himself.\n\nHells, this entire full length is very clearly a work of pure, undiluted passion. Every delicate chord arrangement, every 70's style keyboard lick, every chanting choir backing the guitars; it's all put together with the utmost love for metal and its history. With a plethora of influences worn on the sleeve, yet also galvanized into a greater sum than their parts, Agatus' third record shows us a lot more than trad metal as played by a black metal artist. It is a vision of how the familiar can become new and exciting when handed to someone who has walked a different path to our own. Different, but parallel all the same. If you seek that which is ancient, now renewed, The Eternalist is the beacon to be followed.",
                    "date": "January 16th, 2018"
                },
                {
                    "title": "Children became Kings, Kings became Gods - 90%",
                    "content": "Being a creative and original entity in this day and age is a very challenging feat. Thinking outside the box, staying off the many, many beaten tracks or whatever you wanna call it, is hard work and often quite unrewarding too. The merging of a broad range of different musical genres can lead to many results and a myriad of these dabblings end up being stillborn and dreadful in their disfigured form. \n\nAgatus are a band (or rather the multi-instrumentalist and vocalist named Eskarth, supported by his equally experienced brother Vorskaath on drums) who have been defying this trend or norm for decades by now, simply delivering awe-inspiring and sincere musical art, which is both timeless and beautifully dated in its delivery.\n\nNot a single element in their music sounds like 2016; be it the crisp and warm distortion of the rhythm guitars, the audibility, tone and playfulness of the bass guitar, the organic and punchy pummeling of the bass drum or the exhilarant qualities of the synthesizers, nothing here sounds modern at all. Despite this, the recording quality couldn\u2019t be any better and any more fitting. \n\nThis beast is maybe the smoothest and most natural sounding liaison of classic heavy metal, progressive rock elements and Mediterranean black metal that you can find nowadays. The Hellenic black metal elements are still there after so many years - these influences used to be the material I\u2019d hunt and kill for \u2013 and while that style had always drawn from the heavy metal stylings of old, they are now seamlessly integrated into the harmonized grandeur that bands like Iron Maiden and Judas Priest radiated in their prime. It\u2019s just that the balance has been changed. The core of Agatus has now shifted from the blackness of old to ancient heavy metal stylings, thankfully without excessive downplaying of their musical roots. To round off the recipe, add a pinch of 70s psychedelic rock experimentation (synths, percussion) and some folkish acoustic guitar splendor at the right time - until it all snaps into place. \n\nDespite the above-mentioned description of The Eternalist's instrumental body, this is not a raw album. Carefully constructed, you can \u2013 at any time \u2013 hear and feel that this was written and recorded by an adept hand. The black metal riff and lead guitar components, while forceful and blazing, are highly melodic and catchy as hell. Eskarth's vocals usually sit firmly somewhere between a raspy, at times almost guttural growl and excellent mid-range half-clean singing. His distinctive voice has steadily improved and become more varied over the years, this time even including an excellent falsetto (!) line in The Oath (of Magic and Fire). There\u2019s barely any open chord-shredding to be found here though, So if you\u2019re looking for that kind of sound, it\u2019s better to explore the fraternal twin project Zemial, as Vorskaath\u2019s musical institution leans far more towards the Hellhammer/early Bathory side of things, even though mentioning these influences only, too would be a narrow-minded perception of said band, as the creative avant-garde blood clearly runs in the family. \n\nI\u2019ve been a fan of Agatus for almost 15 years by the time of this review and they are perhaps the only band I know that has somehow grown with me and my own musical flavors. That\u2019s probably why I hold this band and its output in such high regard. If you like any kind of classic metal and you\u2019ve grown tired of the plethora of its imitators, you should get your hands on this. NOW. \n\nHighlights: The Invisible (Fifth Portal to Atlantis), The Oath (of Magic and Fire), Gods of Fire\n\nPS: Eskarth, please don\u2019t let us wait another 14 (!) years for a new Agatus full-length\u2026",
                    "date": "January 17th, 2017"
                },
                {
                    "title": "\"Take me far away!\" - 92%",
                    "content": "The Weaving Fates is a timeless masterpiece but is Agatus still relevant more than a decade after their last album? The answer is simple: It's a big thundering \"ABSOLUTELY!\". Like Norway's In the Woods..., the Greeks are certainly back for the best possible reasons and offers an unexpected masterpiece of Hellenic steel.\n\nOnce of the first noticeable aspects of this new opus is that the black metal is mostly gone from their sound. While The Weaving Fates was a nugget of powerful and entrancing black metal with strong traditional metal leanings and it was a riff machine. Their sound wasn\u2019t too far removed from the melting pot formula of the later albums of King Fowley\u2019s Deceased. Those albums are masterful examples of how to combine the metal eras. On this 2016 release, the situation is the opposite from what we used to know of Agatus, the black metal elements aren't the core of their sound anymore. This is irrelevant to the quality of their compositions though.\n\nDimitrios Dorian\u2019s other band, Zemial, managed to expand to what was possible in black/heavy metal with the transcendantal Nykta three years ago. Fortunately, Agatus gladly follows the road created by their brother band. Zemial\u2019s performance at Wings of Metal last year convinced me that they\u2019re metal's most underrated band and Agatus also needs more recognition and praise.\n\nThe main difference between between the two bands is Agatus\u2019 tight songwriting, they\u2019re both as epic but the tempos and approaches are different in nature. The track-list is one of the only normal things here, the forty minutes album On The Eternalist, the Dorian brothers embraced the progressive rock influence that they always liked but pushed the boundaries of their sound to its limits. If I had to classify the album (something I like to do!), I guess I would say that it\u2019s blackened epic progressive heavy metal (a mouthful, I know...) and it's an explosive and cohesive mix. I imagine Chris Dorian also brings a lot to the songs, the multi-instrumentalist fraternal duo is just so damn creative. \n\nThe record is full of those idiosyncratic guitar leads influenced by the epic metal scene and the clean vocals are predominant compared to their previous releases. There\u2019s a grand variety of voices, in fact. From the soaring yet manly cleans incantations to a rougher and more abrasive approach, there\u2019s a bit of everything on here. Songs like \u201cThe Invisible (Fifth Portal to Atlantis)\u201d has this highly understandable type of harsh vocals that I always liked and it\u2019s reminiscent of the olde age of black metal where genres were not totally set in stone. On the other hand, \"The Oath (Of Magic and Fire)\" has vocals worthy of the best NWOBHM albums and an extremely evocative chorus.\n\nThe Eternalist is a rich album with diverse textures with intricate keyboards, subtle chord arrangements (listen to the ending of \u201cGilgamesh\u201d) and acoustic guitars but the metal riffing remains an essential component of their identity. The metal influences are also quite numerous from the distinctive black metal sound developed in the early 90s by a wide array of interesting bands including Agatus themselves to the ballsy epic heavy/power of Warlord and even Blind Guardian (\u201cPerils of the Sea (Part II)\u201d has leads reminding me of Andr\u00e9 Olbrich\u2019s playing.). Greek metal bands always incorporates a massive amount of Mediterranean emotions and soundscapes into their music and Agatus are definitely masters of Attican art.\n\nThe amalgam of vivid melodies and musicianship is something Agatus truly possess. The fact that the songs are on the short side could be seen as a curse since they\u2019re packed with so much stuff but it\u2019s one of their strengths. They never overstay their welcome and keep things quick, tidy and fresh throughout the whole album. The drumming of Dimitrios (aka Vorskaath) is still impeccable and never tries to be over-the-top even if he could totally unleash furious beats if he wanted to. The guitars are clear, heavy and are really great at mixing the different styles played by the band and the leads are just full of feelings and are the true definition of epic metal. The bass is not so loud but its presence is felt in a very enjoyable fashion, it could had been a bit higher in the mix though. Regardless, the production is lush and doesn't obscure the metal riffs, everything is at its rightful place and I just want to listen to the album all-day long.\n\nAll in all, Agatus released a strong album and it has nothing to envy to their previous oeuvres whatsoever. It\u2019s a condensed work with so many riffs, passion and managed to expand their classic metal side. At times, it almost sounds like Rotting Christ mixed with Iron Maiden\u2019s Seventh Son of a Seventh Son and yes, this is wonderful. Greece is having another great year with albums like Nox Formulae\u2019s The Hidden Paths to Black Ecstasy or Kawir\u2019s Father Sun Mother Moon but Agatus\u2019 The Eternalist might be the best representative of this excellent scene.\n\nMetantoine's Magickal Realm",
                    "date": "October 9th, 2016"
                }
            ],
            "songs": [
                {
                    "name": "The Eternalist",
                    "length": "04:49",
                    "url": "https://www.metal-archives.com/release/ajax-view-lyrics/id/3917131"
                },
                {
                    "name": "The Invisible (Fifth Portal to Atlantis)",
                    "length": "03:15",
                    "url": "https://www.metal-archives.com/release/ajax-view-lyrics/id/3917132"
                },
                {
                    "name": "The Oath (of Magic and Fire)",
                    "length": "05:35",
                    "url": "https://www.metal-archives.com/release/ajax-view-lyrics/id/3917133"
                },
                {
                    "name": "Gods of Fire",
                    "length": "04:32",
                    "url": "https://www.metal-archives.com/release/ajax-view-lyrics/id/3917134"
                },
                {
                    "name": "Dreamer",
                    "length": "04:10",
                    "url": "https://www.metal-archives.com/release/ajax-view-lyrics/id/3917135"
                },
                {
                    "name": "Perils of the Sea (Part II)",
                    "length": "04:37",
                    "url": "https://www.metal-archives.com/release/ajax-view-lyrics/id/3917136"
                },
                {
                    "name": "At Dusk I Was Born",
                    "length": "04:15",
                    "url": "https://www.metal-archives.com/release/ajax-view-lyrics/id/3917137"
                },
                {
                    "name": "Flight into Forever",
                    "length": "04:17",
                    "url": "https://www.metal-archives.com/release/ajax-view-lyrics/id/3917138"
                },
                {
                    "name": "Gilgamesh",
                    "length": "04:50",
                    "url": "https://www.metal-archives.com/release/ajax-view-lyrics/id/3917139"
                },
                {
                    "name": "To Last",
                    "length": "02:25",
                    "url": "https://www.metal-archives.com/release/ajax-view-lyrics/id/3917140"
                }
            ],
            "song_names": [
                "The Eternalist",
                "The Invisible (Fifth Portal to Atlantis)",
                "The Oath (of Magic and Fire)",
                "Gods of Fire",
                "Dreamer",
                "Perils of the Sea (Part II)",
                "At Dusk I Was Born",
                "Flight into Forever",
                "Gilgamesh",
                "To Last"
            ]
        }
    ],
    "album_names": [
        "Dawn of Martyrdom",
        "The Weaving Fates",
        "The Eternalist"
    ],
    "info": {
        "Country of origin": "Greece",
        "Location": "Athens, Attica / United Kingdom",
        "Status": "Active",
        "Formed in": "1992",
        "Genre": "Black Metal; Heavy Metal",
        "Lyrical themes": "Mysticism, Demonology, Darkness, Sumerian themes",
        "Current label": "Hells Headbangers Records",
        "Years active": "\n1992-present "
    }
}