{
    "name": "Akitsa",
    "id": "2224",
    "url": "https://www.metal-archives.com/bands/Akitsa/2224",
    "albums": [
        {
            "name": "Go\u00e9tie",
            "type": "Full-length",
            "year": 2001,
            "review_num": 2,
            "review_avg": 91,
            "url": "https://www.metal-archives.com/albums/Akitsa/Go%C3%A9tie/6170",
            "reviews_url": "https://www.metal-archives.com/reviews/Akitsa/Go%C3%A9tie/6170/",
            "reviews": [
                {
                    "title": "Insane, violent, experimental raw BM - I like it! - 90%",
                    "content": "Going by the hissing and other little noise interferences in the background, I'd say this is a very early recording by the French Canadian duo. Incredibly raw and angry and full of negative energy which O.T. and Neant just can't seem to get rid of fast enough in the music no matter how fast or brutal they go so they expend the surplus in ranting and screaming and throwing tantrums - ahhh, this is some album! After a sorrowful introduction in \"Ouverture de l'espirit\", the two get straight down to the business of Going Batshit: actual music-making and anything resembling a tune or a riff get last priority though that irritating wobbly guitar line isn't without a primitive charm of sorts. By track 3 \"Les opposants bruleront\", the guys have calmed down enough to introduce a groovy rock'n'roll rhythm which they proceed to wreck with Listerine-gargling vocals. Quite a lot of raw garage / punk rock and musical experimentation verging on noise and power electronics can be found here. I also get the impression that the musicians were experimenting with their vocals by applying all kinds of treatments such as reverb and various \"kids, don't try this at home\"-type effects and seeing how the results turned out. The end result is a very interesting recording of its kind: really basic and raw garage / punk BM with an avantgarde approach.\n\nNearly all the tracks are good: \"Les ruines de la modernite\" has a slow doomy rhythm and pace with screechy banshee singing that at the end descends into rumbling bass guitar drone feedback grit which sends the whole song into experimental noise territory. This is followed by out-and-out rock'n'roll boogie stuff in \"Affront final\" which boasts a get-down-n-dance / shake-yer-head rhythm and wonderful strummy guitar runs. Just as good is the earlier \"Les opposants bruleront\" which is really very funny with those underwater vocals. Self-indulgence to the point of self-parody where the singing is concerned mark \"Hierarchie\" (lots of pitiful gravel moaning in an otherwise excellent if very minimal flowing piece), \"Revanche\" (where the voice blends in with the drone bass feedback at the end -marvellous!) and \"Pendaison de l'humanite\" (high-pitched screaming accompanied by bombastic guitar and drums - it always amazes that no matter how high women scream, men can always do it higher!): all comic and making me laugh fit to burst - probably not what Akitsa had intended!\n\nThe throat-shredding shrieks continue on the so-so \"Ode au temps passe\": at this point, I should say all tracks have a basic structure reliant on one or two riffs repeating over and over so depending on how fast and angry the songs are or how good the melodies and riffs are to start with, the songs can be more or less monotonous / boring. Any variety within the basic template in each song relies on what O.T. and Neant were keen on at the time and how far they were willing to take it to the point of endangering their health and making idiots of themselves, but that's what you call taking risks! And for this kind of BM, there is quite a lot of variety: you've got good, maybe even great rock'n'roll tunes, you've got noise and drone passages, and in the last track there is quiet minimalism with a hidden twist.\n\n\"Goetie\" and \"Sang Nordique\" were reissued about the same time in 2007 so if you are only able to get one of these, I suggest it should be \"Goetie\": you can listen to it as a straight-out primitive BM recording or approach it as something different - it's at once insane and fruitcake, and hateful and violent.",
                    "date": "August 20th, 2007"
                },
                {
                    "title": "Lo-Fi Masterpiece - 91%",
                    "content": "Those who are not fans of extremely lo-fi black metal should stay away from Akitsa, but if lo-fi is your thing, you will love them. \nAkitsa play mainly mid-tempo grim black metal with a very simple, almost rock feel at times. Musically very straight forward, nothing fancy. They will throw in clean guitars once in a while for nice atmosphere. The guitar riffs on this album are usually strummed chords, concerned more with painting an atmospheric background, rather than stealing the spotlight. \nVocally, Akitsa are insane. The closest comparison I can make is to the first Burzum album at its most shrieky moments. If you like that vocal style, you will love this album, and Akitsa in general. They also throw in some clean, pagan style, vocals as well for a nice effect.\nThis album starts off with an intro composed of clean guitars and haunting clean vocals. A mood-setter for what is to come. The second track is one of the few fast/blasting moments on the album. It explodes right away with fast drums, guitars, and terrifying shrieks. \nThe third track slows down a bit into the mood that will remain for the rest of the album. After this they continue through the album with their unique brand of hypnotic deep-woods metal. This is a very consitent release. You settle into the mood of it right away, and want more when it is over. The only questionable inclusions on this album are a few noisy interludes that are spaced out across the album. They don't really serve a purpose, and are a little distracting from the mood of the album. They are a bit abrasive and interupt the hypnotic flow of the release. Don't let that scare you away though. Its a very minor flaw. This release is highly recommended, as well as any material by this band. Check this out as soon as you can. A legend in the making!",
                    "date": "October 10th, 2004"
                }
            ],
            "songs": [
                {
                    "name": "Ouverture de l'esprit",
                    "length": "04:28",
                    "url": null
                },
                {
                    "name": "Haine et vengeance",
                    "length": "05:18",
                    "url": null
                },
                {
                    "name": "Les opposants br\u00fbleront",
                    "length": "03:07",
                    "url": null
                },
                {
                    "name": "Revanche",
                    "length": "07:48",
                    "url": null
                },
                {
                    "name": "Les ruines de la modernit\u00e9",
                    "length": "04:55",
                    "url": null
                },
                {
                    "name": "Affront final",
                    "length": "05:02",
                    "url": null
                },
                {
                    "name": "Hi\u00e9rarchie",
                    "length": "06:42",
                    "url": null
                },
                {
                    "name": "Pendaison de l'humanit\u00e9",
                    "length": "07:30",
                    "url": null
                },
                {
                    "name": "\u00d4de au temps pass\u00e9",
                    "length": "05:22",
                    "url": "https://www.metal-archives.com/release/ajax-view-lyrics/id/54305B"
                },
                {
                    "name": "Dernier souffle",
                    "length": "02:24",
                    "url": null
                }
            ],
            "song_names": [
                "Ouverture de l'esprit",
                "Haine et vengeance",
                "Les opposants br\u00fbleront",
                "Revanche",
                "Les ruines de la modernit\u00e9",
                "Affront final",
                "Hi\u00e9rarchie",
                "Pendaison de l'humanit\u00e9",
                "\u00d4de au temps pass\u00e9",
                "Dernier souffle"
            ]
        },
        {
            "name": "Sang nordique",
            "type": "Full-length",
            "year": 2002,
            "review_num": 2,
            "review_avg": 80,
            "url": "https://www.metal-archives.com/albums/Akitsa/Sang_nordique/22902",
            "reviews_url": "https://www.metal-archives.com/reviews/Akitsa/Sang_nordique/22902/",
            "reviews": [
                {
                    "title": "Straightforward primitive BM for Akitsa - 80%",
                    "content": "This is a nationalist / pro-Quebec-separatist recording made several years ago by Akitsa. It's a very raw garage-rock BM album all the way through apart from the last track. It's likely that O.L. and Neant had been listening to loads of French-language BM from across the Atlantic Ocean, especially recordings made by the Black Legions bands in southern and western France as many of these recordings have definite punk and garage rock leanings and now and again throw up a real rock'n'roll melody or groove, and similar things pop up on \"Sang Nordique\". If you're not familiar with French, the album's title means \"Nordic Blood\" in English and that should give you some idea of the album's aim: it's a rallying cry for the defence of blood, culture and country. (Not going to comment on any implied white supremacy here - \"Nordic / Nordique\" could just mean \"northern\" in this context.)\n\nThe first track \"Introduction\" sets the tone with a series of heroic yet slightly melancholy riffs that are like a call to arms: this is a completely instrumental piece done entirely on clean-toned electric guitar. BM proper appears on the second track \"Riposte\" which is a very punk-influenced song, all monotonous banging drum beats and seesawing walls of tremolo guitar noise moving at hurricane pace while O.L. goes berserk on vocals. The rock'n'roll stuff comes to the fore on \"Frontiere\" which sounds a little weird here because the wiggly tune sounds a weeny bit like an old Judas Priest song \"Deliverin' the Goods\" and unless I miss my guess that must have been about 30 years ago. The song is almost obscenely danceable for something supposed to be raw primitive BM. Let's press on ... the title track settles into a slow to mid-paced groove with powerful riffs and O.L. calms down enough to sing all the way through without screeching every time he finishes off a particular lyric or word.\n\nAll songs have a primitve structure, basically one or two guitar riffs that repeat over and over with very little variation (apart from \"Sang Nordique\" which changes key) and a pummelling drum beat so they can be quite monotonous unless the riff or melody to start with is distinctive and catchy. \"Vers la victoire\" has a punky riff and is energetic and short so it's not a bore to hear whereas \"La nature de mon pays\" is quite a slow song and the clean singing is languid and bland after all the screaming so the track seems longer than it is and I can't wait for it to hurry up and end.\n\n\"Fin\" which (of course) ends the album is a formless dark ambient drone piece with a quivering tone that laser-like pierces the stuff between your ears. There is a regular booming beat pattern which reinforces the torture. O.L. can be heard in the background groaning and cursing as if he is already in Hell being punished, his singing becomes more agonised as the song continues. The atmosphere on this track is very heavy and oppressive.\n\nThe instrumental tracks, \"Riposte\" and the title track are perhaps the best on the album, and \"Vers la victoire\" and \"Frontiere\" have a lot of energy. The most basic structures and musicianship are at work and there's no room for anything more elaborate than the loping rhythm on \"Sang Nordique\" and the choppy chords on \"Frontiere\". The singing is aggressive, hate-filled and full of spit and sometimes I get the impression O.L. can't resist hamming up things by screaming or spraying fine mist whenever he can.\n\nI'd say \"Sang Nordique\" the album is best suited to those who like their BM primitive and raw with lots of energy and the occasional melodic line.",
                    "date": "August 19th, 2007"
                },
                {
                    "title": "Not Bad ... - 79%",
                    "content": "Akitsa's always got a very underground sound and that's one of the primary reasons why I decided to check out this album. It's mostly paced Black Metal with tremelo as well as chunky, heavy riffs. The slow drumming further adds to the atmosphere of grimness.\n\nThe intro is very well done. It's not just the sound of wind of the keyboard but a very well-performed guitar piece. The pace is set with the very first song of the album - Riposte. It's good, appealing Black Metal. It's probably been influenced by Darkthrone a lot This is, by the way, one of the faster tracks of the album. I don't see too many riff-changes and that's one of the major drawbacks of this album. The feeling of darkness prevails throughout the album without making it too cheesy and I give Akitsa credit for it. \n\nThe title track is a solid paced song and it's followed by another blaster - Au Combat. I like this track because it's not only fast but there's versatility in the tremelo riffing. Vers la Victoire is another great track but the following tracks, La Nature de Mon Pays and Fin are just time-wasters and they pull the album down.\n\nOverall, there are moments of greatness throughout the album but there are plenty of weaknesses as well. I don't want to give this album a very low rating but I can't rate this very highly either. It's an interesting album by it's by no means a monumental one.",
                    "date": "February 14th, 2006"
                }
            ],
            "songs": [
                {
                    "name": "Introduction",
                    "length": "02:36",
                    "url": null
                },
                {
                    "name": "Riposte",
                    "length": "04:19",
                    "url": null
                },
                {
                    "name": "Fronti\u00e8re",
                    "length": "05:17",
                    "url": null
                },
                {
                    "name": "Sang nordique",
                    "length": "06:38",
                    "url": "https://www.metal-archives.com/release/ajax-view-lyrics/id/184202"
                },
                {
                    "name": "Au combat",
                    "length": "06:56",
                    "url": null
                },
                {
                    "name": "Vers la victoire",
                    "length": "02:25",
                    "url": null
                },
                {
                    "name": "La nature de mon pays",
                    "length": "05:49",
                    "url": null
                },
                {
                    "name": "Fin",
                    "length": "10:27",
                    "url": null
                }
            ],
            "song_names": [
                "Introduction",
                "Riposte",
                "Fronti\u00e8re",
                "Sang nordique",
                "Au combat",
                "Vers la victoire",
                "La nature de mon pays",
                "Fin"
            ]
        },
        {
            "name": "La grande infamie",
            "type": "Full-length",
            "year": 2006,
            "review_num": 1,
            "review_avg": 90,
            "url": "https://www.metal-archives.com/albums/Akitsa/La_grande_infamie/127533",
            "reviews_url": "https://www.metal-archives.com/reviews/Akitsa/La_grande_infamie/127533/",
            "reviews": [
                {
                    "title": "Another OTT (over-the-top) album from OT and Neant - 90%",
                    "content": "My favourite lunatic French-Canadian black metal band Akitsa embarks on a slightly different musical direction on \"La Grande Infamie\" from earlier efforts like \"Goetie\" and \"Sang Nordique\". Tracks on this album consist of mostly unvarying riff-based rhythm patterns over which one of the guys screeches or growls the lyrics (or screech or growl just for the heck of it) and while some songs may feature something close to a lead guitar solo, there's not much on the other hand that can be said to resemble a melody. Yet there's something about most tracks that I find memorable and distinctive to them, though other people not familiar with Akitsa may find the music monotonous and the singing in particular excessive and absurd. There seems a greater willingness here than on the previously mentioned earlier studio albums to experiment with ambient music elements (opening song \"Le rite des Cavernes\"), folk-oriented acoustic music (\"Chthonos\") and stripping obvious song-like structures from a track so we end up with just buzzing washes of guitar and disjointed rhythms held together by groans and screams (the 21-minute whopper \"Foret Disparue\"). This album is very much an acquired taste and is best recommended to those who are already familiar with Akitsa's style and range of music which on this album comes close to black metal / near-industrial, at least in its structure, with very little garage or punk and melodic influences that could sometimes appear on earlier works.\n\nYou may well wonder how 21 minutes of buzzing guitar drones, half-dead drumming and vocals akin to cars skidding across the road so hard the tyres breathe white plumes of smoke can hold up but I assure you they do, thanks to the determined monotony which is sometimes relieved by a silvery-sounding lead guitar solo, and to the demented \"genius\" (yes I use the term advisedly) of Akitsa who insist on screaming like they've got piranhas attached to their sensitive parts but won't let them go. Past the halfway mark the screaming drops out and the lead guitar riffs assume a melancholy, even tragic air and it's at this point that I realise that the band is expressing a romantic nostalgia for the forests and lakes of its homeland in Quebec without the needs for words or any kind of emoting.\n\nOther tracks worthy of mention include \"Le Rite des Cavernes\" which combines a long drone, an industrial rhythm and waves of grit in the background; and \"Chthonos\" which features beautiful guitar streaming upon which OT's growls intrude. If you can't get enough of Akitsa's OTT (as in over-the-top) opera diva tantrums, the tracks to look out for (but keep the volume low) are the strident martial \"Magie et Verites\" which has a strong marching rhythm; the blurry-noisy \"Silence\" where one fellow sings in a lower register with distortion (and yes, that's funny, a track called \"Silence\" by Akitsa); the super-fast \"Cultes Vertueur\" which features death-rattle vocals over bee-swarm guitars; and the title track which alternates high-pitched yelping at levels only dogs can detect with yodelling against a background of blurred noise guitar showers and lead guitar riffing.\n\nEven if you don't understand much French, you can still get a bit of an idea of the duo's fierce pride in their French-Canadian heritage and their attachment to the country from the rhythms they use, the singing when it is occasionally lucid and the emotions evoked by particular riffs or passages of instrumental music especially in tracks like \"Chthonos\" and \"Foret Disparue\". There is much passion and force which lift the music from what would otherwise be monotony and never-ending repetition. Then you have Akitsa's tendency to exploit an opportunity to over-do something to excess: they scream where others would sing and where others would scream, they go completely ballistic. I do fear for the future of Akitsa in a way as there's only so much shredding a human throat can take before the vocal flaps turn into ribbons and it's time for one of the Akitsa guys - or maybe both! - to get their tonsils surgically removed.",
                    "date": "April 12th, 2008"
                }
            ],
            "songs": [
                {
                    "name": "Le rite des cavernes",
                    "length": "02:18",
                    "url": "https://www.metal-archives.com/release/ajax-view-lyrics/id/913879",
                    "darklyrics": "\n\n\n\n\n",
                    "darklyrics_url": "http://www.darklyrics.com/lyrics/akitsa/lagrandeinfamie.html#1"
                },
                {
                    "name": "Magie et v\u00e9rit\u00e9s",
                    "length": "05:52",
                    "url": "https://www.metal-archives.com/release/ajax-view-lyrics/id/913880",
                    "darklyrics": "\n\n\nLes origines obscures de l'humanit\u00e9\nNe s'\u00e9clairciront gu\u00e8re par la raison\nL'ennui du simple mortel\n\nNe voit pas l'Arriv\u00e9 du r\u00e8gne des magiciens\n\nForces occultes mais puissantes\nDans un pass\u00e9 imm\u00e9morial d\u00e9voil\u00e9\nAu travers de l'Univers\n\nAux esprits sup\u00e9rieurs erratiques\nQui cherchent dans la laideur la beaut\u00e9\nD'un monde immense mais obstru\u00e9\nPar la raison acad\u00e9mique\n\nLes v\u00e9rit\u00e9s sont dans les l\u00e9gendes\nQui t\u00e9moignent d'antiques cit\u00e9s\n\nMagie et v\u00e9rit\u00e9...\n\n",
                    "darklyrics_url": "http://www.darklyrics.com/lyrics/akitsa/lagrandeinfamie.html#2"
                },
                {
                    "name": "Silence",
                    "length": "03:36",
                    "url": "https://www.metal-archives.com/release/ajax-view-lyrics/id/913881",
                    "darklyrics": "\n\n\nSilence, Taisez-vous\nUne humanit\u00e9 sans grands discours\nTous ces d\u00e9bats insipides\nJe les \u00e9cartes d'une salve rapide\n\nSilence, B\u00e2tards et merdeux\nTaisez-vous mis\u00e9ricordieux\nDes mots du rien, des mots sans fin\nJ'appelle au silence jacasseurs cr\u00e9tins\n\nSilence, Minables et cons\n\u00c0 bas la libert\u00e9 d'expression\nLe silence sans compromission\nPour un r\u00e8gne animal de pulsions\n\n",
                    "darklyrics_url": "http://www.darklyrics.com/lyrics/akitsa/lagrandeinfamie.html#3"
                },
                {
                    "name": "Cultes vertueur",
                    "length": "04:10",
                    "url": "https://www.metal-archives.com/release/ajax-view-lyrics/id/913882",
                    "darklyrics": "\n\n\nProfanateurs et n\u00e9crophiles\nSe r\u00e9unissent pour un culte imb\u00e9cile\nVou\u00e9 \u00e0 la gloire de Satan\nBras droit du dieu compatissant\nNe soyeux pas borgnes\nAnges et d\u00e9mons sont unifi\u00e9s\n\nGare aux cultes vertueux\nNe v\u00e9n\u00e9rez aucun dieu\n\nSatanisme, culte vertueux d\u00e9guis\u00e9\nPratiqu\u00e9 par des bourgeois blas\u00e9s\nCherchons la pure d\u00e9cadence\nLa vraie voie du chevalier\nQui chevauche en silence\nD\u00e9sordre et incongruit\u00e9\n\nGare aux cultes vertueux\nNe v\u00e9n\u00e9rez aucun dieu\n\nQue l'honneur soit le vice\nDe la fiert\u00e9 de se couvrir d'immondices\nEt non pas de vertu ennuyeuses\nDes faiblesses orgueilleuses\nM\u00e9prisons ces origines ridicules\nO\u00f9 l'on retrouve des belles \u00e9l\u00e9gantes\nQui, parce que des charmeurs les enculent\nCroient faire partie des l\u00e9gions combattantes\n\nGare aux cultes vertueux\nNe v\u00e9n\u00e9rez aucun dieu\n\n",
                    "darklyrics_url": "http://www.darklyrics.com/lyrics/akitsa/lagrandeinfamie.html#4"
                },
                {
                    "name": "Chthonos",
                    "length": "02:50",
                    "url": "https://www.metal-archives.com/release/ajax-view-lyrics/id/913883",
                    "darklyrics": "\n\n\nLe cercle\nLe mal\u00e9fique\nMes for\u00eats\nMon univers\nTout dans l'unit\u00e9\n\n",
                    "darklyrics_url": "http://www.darklyrics.com/lyrics/akitsa/lagrandeinfamie.html#5"
                },
                {
                    "name": "Origine mythique",
                    "length": "04:27",
                    "url": "https://www.metal-archives.com/release/ajax-view-lyrics/id/913884",
                    "darklyrics": "\n\n\nLe son des grincements de dents\nSe r\u00e9pand avec le vent\nComme un appel \u00e0 la mort\nAu lever d'une macabre aurore\n\nDans nos corps r\u00e9sonnent encore\nLes trompettes et les cors\nLugubre symphonie des profondeurs\nQui annonce l'or\u00e9e de la terreur\n\nLes os claquent, les coeurs \u00e9clatent\nDevant l'horrible vision \u00e9carlate\nDe l'Av\u00e8nement du feu \u00e9ternel\nTout devient brasier avec un terrible fiel\n\nQue le jour se l\u00e8ve\nEt que tous enfin cr\u00e8vent\nLes chiens comme l'humain, l'humain comme des chiens\nS'annihilent dans le royaume absolu du rien\n\nAinsi au del\u00e0 du bien et du mal\nS'\u00e9l\u00e8ve le destin fatal\nDe l'immuable cycle\nDu retour \u00e0 l'origine mythique\n\n",
                    "darklyrics_url": "http://www.darklyrics.com/lyrics/akitsa/lagrandeinfamie.html#6"
                },
                {
                    "name": "La grande infamie",
                    "length": "05:00",
                    "url": "https://www.metal-archives.com/release/ajax-view-lyrics/id/913885",
                    "darklyrics": "\n\n\nPar les mers et les oc\u00e9ans\nLe poison mortel va de l'avant\nRien ne peut l'arr\u00eater\nCar toute puissante est sa volont\u00e9\n\nIgnobles mortels annihil\u00e9s\nLa furie de la sup\u00e9riorit\u00e9\nPeindra vos terres en noir\nEt rasera votre sol tel un rasoir\n\nPlus de pass\u00e9, plus de pr\u00e9sent\nL'arm\u00e9e du mal marche de l'avant\nTout est perdu, tout est gagn\u00e9\nSaluons l'inf\u00e2me prosp\u00e9rit\u00e9\n\n",
                    "darklyrics_url": "http://www.darklyrics.com/lyrics/akitsa/lagrandeinfamie.html#7"
                },
                {
                    "name": "For\u00eat disparue",
                    "length": "21:08",
                    "url": "https://www.metal-archives.com/release/ajax-view-lyrics/id/913886",
                    "darklyrics": "\n\n\nAu lever du jour ou en pleine nuit\nElle me guette tel un ennemi\nFeuille morte et d\u00e9licate\nViens le temps de passer \u00e0 l'attaque\n\nElle me tend sa main fleurie\nEt me force \u00e0 sortir du moule\nElle est celle qui m'assombrit\nEt m'isole de la foule\n\nL\u00e0 ou les fleurs du mal ont pouss\u00e9\nJe dois \u00e0 tout prix d\u00e9verser\nMes visions les plus sinistres\nPour arroser les \u00e2mes machiav\u00e9liques\n\n\n\n\n",
                    "darklyrics_url": "http://www.darklyrics.com/lyrics/akitsa/lagrandeinfamie.html#8"
                }
            ],
            "song_names": [
                "Le rite des cavernes",
                "Magie et v\u00e9rit\u00e9s",
                "Silence",
                "Cultes vertueur",
                "Chthonos",
                "Origine mythique",
                "La grande infamie",
                "For\u00eat disparue"
            ]
        },
        {
            "name": "Au cr\u00e9puscule de l'esp\u00e9rance",
            "type": "Full-length",
            "year": 2010,
            "review_num": 1,
            "review_avg": 85,
            "url": "https://www.metal-archives.com/albums/Akitsa/Au_cr%C3%A9puscule_de_l%27esp%C3%A9rance/270530",
            "reviews_url": "https://www.metal-archives.com/reviews/Akitsa/Au_cr%C3%A9puscule_de_l%27esp%C3%A9rance/270530/",
            "reviews": [
                {
                    "title": "A minimal, more industrial and restrained album - 85%",
                    "content": "Compared to previous albums of theirs that I've heard, this 2010 release by Akitsa is a more sober and darker work. The emphasis on delivering a message is obvious here with the members restricting their florid style of vocalisations to partly singing, partly declaiming the lyrics on eight of the ten tracks on offer, to the extent that many songs are not much more than poetry recitations over a minimal soundtrack. And minimal the music certainly is - it's hardly more than a raging background of pin-prick guitar noise with a savagely raw edge. Those MA folks who know the French language very well have a clear advantage over everybody else but the album does come with French language lyrics so if you have a French / English dictionary, you can still work out what the Akitsa men all worked up: the corruption and stagnation of modern society and its effect on the human psyche, against which Akitsa see their role as drumming up awareness, defiance, resistance and overthrow.\n\nTwo tracks without lyrics, \"Crematorium\" and the title track \"Au crepuscule de l'esperance\" (\"At the twilight of hope\"), are typical examples of the kind of extreme minimalist structures that feature - they are basically repeating noise guitar texture patterns. They could have had lyrics or a melody added to them for all I know but perhaps leaving them as they are and giving them provocative titles like \"Crematorium\" will force listeners to use their own imaginations as to what the musicians had in mind while listening to these very harsh, almost martial tracks. Why an intro track to an album should be called \"Crematorium\" is meat for thought alone. The rhythms are mechanical in their unrelenting monotony and give the tracks a strong industrial as well as raw metal feel.\n\nElsewhere the songs deliver their messages with a no-frills approach. Usually there'll be just a guitar solo melody or reiteration of the main riffs near the end of a track, that's about all the extra decoration Akitsa feel is necessary. Anyone looking for musical \"progress\" won't find any obvious progress though the music tends to sound less repetitive and the riffs have a kind of melting, almost abstract quality due to the excessive buzz and the deliberately lo-fi quality of the sound. Vocals are usually more shouty than screechy but the musicians will still let rip with shrill fiery throaty screams on \"Cercueil national\" and \"Vers la mort\" - it's just screaming with a purpose now. Have Akitsa gone PC in their own way? No, they haven't - they still belt out garage with a groove in one song \"Antithese\" and another song \"Loyaute\" has a heavy punk metal sound with a slow-burning rock'n'roll rhythm. \n\nLast track \"La Voix Brutale\" is an interesting one in that it features a poem of the same title by early twentieth century French-Canadian poet Albert Lozeau, some of whose work has also been referenced by Akitsa's black metal compatriots Forteresse. From what I have been able to find out about Lozeau, he lived a short life and was mostly bedridden due to various illnesses. His poetry is said to reflect the inner yearnings and spirituality of the human soul under very restrictive conditions; he became deeply patriotic in his later years, believing that literature should serve the French-Canadian cause and culture. An English translation of this poem - you can do a Google search for the poem and get Google to translate it into English - reveals Lozeau's contempt for a life lived totally in the material world with sensual gratification as the only goal. The human psyche is reduced to an animal existence and prostitutes itself for money, security and comfort. This chimes in well with the general theme of the album. The song itself emphasises the lyrics at the expense of the music (which features a very amusing run-down coda) so it's quite slow and the vocal delivery is clear if very croaky. \n\nWhile structurally the songs stick to the same minimal formula and are lacking in melodic complexity and technical polish, I don't find them at all boring or monotonous. The repetition sticks out much less than on previous Akitsa albums and the music seems smoother and to flow a lot more even though the band now has a regular drummer. The major emphasis is on the lyrics and singing, and on the sound of the music. Akitsa seem determined to maintain a primitive and deliberately naive way of writing, playing and recording their songs. The paradox is that there is also an industrial edge to many songs partly because of the way they are structured with strong buzzy and filthy sound and production, and unvarying percussion rhythms. The band makes no concessions for listener preferences on this album so it's not likely to gain any new fans beyond those already familiar with the band's style",
                    "date": "May 10th, 2010"
                }
            ],
            "songs": [
                {
                    "name": "Cr\u00e9matorium",
                    "length": "02:42",
                    "url": "https://www.metal-archives.com/release/ajax-view-lyrics/id/1901410"
                },
                {
                    "name": "Les Sentinelles",
                    "length": "05:02",
                    "url": "https://www.metal-archives.com/release/ajax-view-lyrics/id/1901411"
                },
                {
                    "name": "Morsure",
                    "length": "03:27",
                    "url": "https://www.metal-archives.com/release/ajax-view-lyrics/id/1901412"
                },
                {
                    "name": "Loyaut\u00e9",
                    "length": "05:35",
                    "url": "https://www.metal-archives.com/release/ajax-view-lyrics/id/1901413"
                },
                {
                    "name": "Cercueil national",
                    "length": "04:47",
                    "url": "https://www.metal-archives.com/release/ajax-view-lyrics/id/1901414"
                },
                {
                    "name": "Au cr\u00e9puscule de l'esp\u00e9rance",
                    "length": "07:21",
                    "url": "https://www.metal-archives.com/release/ajax-view-lyrics/id/1901415"
                },
                {
                    "name": "Le dernier putsch",
                    "length": "06:57",
                    "url": "https://www.metal-archives.com/release/ajax-view-lyrics/id/1901416"
                },
                {
                    "name": "Antith\u00e8se",
                    "length": "02:09",
                    "url": "https://www.metal-archives.com/release/ajax-view-lyrics/id/1901417"
                },
                {
                    "name": "Vers la mort",
                    "length": "05:36",
                    "url": "https://www.metal-archives.com/release/ajax-view-lyrics/id/1901418"
                },
                {
                    "name": "La voix brutale",
                    "length": "05:34",
                    "url": "https://www.metal-archives.com/release/ajax-view-lyrics/id/1901419"
                }
            ],
            "song_names": [
                "Cr\u00e9matorium",
                "Les Sentinelles",
                "Morsure",
                "Loyaut\u00e9",
                "Cercueil national",
                "Au cr\u00e9puscule de l'esp\u00e9rance",
                "Le dernier putsch",
                "Antith\u00e8se",
                "Vers la mort",
                "La voix brutale"
            ]
        },
        {
            "name": "Grands tyrans",
            "type": "Full-length",
            "year": 2015,
            "review_num": 2,
            "review_avg": 78,
            "url": "https://www.metal-archives.com/albums/Akitsa/Grands_tyrans/516182",
            "reviews_url": "https://www.metal-archives.com/reviews/Akitsa/Grands_tyrans/516182/",
            "reviews": [
                {
                    "title": "Surprising variation in tried-n-true minimalist BM - 77%",
                    "content": "A new album from Akitsa, especially when it is the band's first in 4 or 5 years, is always cause for celebration: this horde has always had a certain mystique, with a wilful and obstinate attitude towards its music, and a style of deceptively primitive raw BM that actually encompasses a great deal of experimentation and elements from other genres such as noise and punk. Throw in a set of killer tonsils, courtesy of Akitsa main-man Outre-Tombe (the former OT), which usually conveys various shades of extreme misanthropic derangement into the mix and it is obvious that here is a band that must never change its style but keep on going just as it is!\n\nWithin Akitsa's distinct modus operandi of noisy buzzsaw punk-influenced tremolo guitars and very minimalist song structures, each and every song on \"Grands Tyrans\" manages to be different from the next in style, production and even in the way the vocals are treated. \"Devoile\" gets off to a running start with shrill trilling guitar riffs, thudding drum pulses and a screaming reverb-drenched vocal on the verge of a breakdown. As always with Akitsa songs, the riffs repeat over and over, with not much change until about halfway or two-thirds of the way through, but with such a raw frazzled sound and the singer teetering on borderline madness, the repetition does not seem boring. Just when you think you have Akitsa pinned down, along comes \"Le feu de l'abime / The fire of the abyss\", a raw punky recitation with a definite rock'n'roll groove and fat chunky slabs of motorcycle-grunge guitar. The singing transforms into a clean-toned snarl. Again a very repetitive song but with such raw chugga-chugga riffs, who cares? \"Naufrage contemporain\" proceeds with grim determination and harsh wintry phantom barking voices. \n\nThe middle tracks might be the most interesting of the nine songs for their atmospheric doom soundscapes. \"Les flots de l'enfer / The streams of Hell\" is a mournful rumble through shaky static, forlorn synth melody and a desperate vocal lament. The title track is a traipse through hellish doom drama (or Akitsa's idea of doom drama) accompanied by OT attempting an impersonation of Ozzy Osbourne but ending up evil sinister Nazi doctor instead. Later tracks revisit some of the territory covered by the first five songs and the quality drops off a little in the album's second half. The last two songs on the album are a bit ordinary though they are still very aggressive.\n\nAs long as the riffs start off super-catchy or just super-aggressive, Akitsa is well set and the vocal treatments are icing on the BM noise cake. There may not be as much experimentation here as on earlier albums \"Au Crepuscule de l'Esperance\" and \"Sang Nordique\", and there is a greater emphasis on actual songs even if they are horribly chopped off at the end. Synthesiser is making its presence felt in quite minimalist fashion in a few songs. Even though the duo changes style throughout, the album is always consistent in sound and structure.\n\nThe album may represent a more song-oriented and less experimental direction for Akitsa, and while the duo may be happy doing that, they may need to reconsider their current songwriting approach and try to move away from always pounding the same riff over and over. While that works for a track like \"Le feu de l'abime\", it would be a major miracle if the band can always churn out groovetastic D-beat tracks. For the time being, Akitsa have delivered an album that is sure to please most fans.",
                    "date": "July 30th, 2015"
                },
                {
                    "title": "B\u00eate Qu\u00e9b\u00e9cois - 78%",
                    "content": "Asking O.T and Akitsa to evolve at this point seems really silly, which is exactly what a lot of people are starting to realize. After La Grande Infamie, Akitsa's true masterpiece of meandering, punkish, bizarre black metal, the audience comes to expect a certain sound. Mainly, an occassionally furious, occassionally apathetic, black metal; shifting back and forth from d-beated headbangers with hardcore vocals in French, to brooding industry, to tremolos and blasting with shrieks of Canadian pride that sounds entirely alien. This is exactly what Grands Tyrans is - a lo-fi raucous romp through some of the dirtiest black metal the Great White North has to offer. \n\nOpening with the frightening \"D\u00e9voil\u00e9\" - the listener is immediately met with O.T's ridiculously over-the-top vocal delivery. The riff is this plodding, powerful beast reminiscent of early Gorgoroth, or Blodulv. It's a hypnotic opening, and serves a purpose much like \"Les sentinelles\" off of the good-but-not-great Au cr\u00e9puscule de l'esp\u00e9rance; which is to pummel the listener with repetitive, trance-like riffs in a hollowed out manner, stripped away from any of the fancy modern influences of black metal. \"Naufrage Contemporain\" is a similar structure, with about two or three riffs for the whole thing, a weirdly half-assed solo played sloppily, and a barrage of vocal blasts to keep the listener on edge. The title track is this huge lumbering doom song with a power chord based riff, clean nasally vocals, and a really strange sounding synth - sort of accenting, but not entirely syncing up with, the main riff. \n\nThis is essentially a summary of Akitsa's sound - sloppy and seemingly apathetic, but weirdly effective and evocative. It's not for everyone, hell - it sounds like it's only for Akitsa - but it's one of the more unique sounds in black metal today, especially because it's a new sound without embracing the post-rock/hardcore elements so popular, and it manages to remain just as reverential of the scene as a whole. \"Chim\u00e8res\" manages to sound like Darkthrone and Mayhem and Iggy Pop, but delivered in a spirit so infectious, that it's impossible not to feel the respect Akitsa has for the genres of punk and black metal. This is immediately followed by their most traditional black metal song in years - \"Noire b\u00eate ail\u00e9e\" an absolute ripper of a tune with soaring melodies, constant blasts, and a fucking amazing punk-infused breakdown. It's pure Norwegian worship while sounding exclusively Akitsa. To balance identity and homage is a very difficult thing, and I'm always consistently amazed at how good Akitsa is on that tight rope. \n\nAll in all, Grands Tyrans is good - hell, it's really fucking good, and definitely worth your money, let alone a listen. Like every Akitsa record, I always find it hard to give an initial rating, because they will either wear off on me (in the case of Sang nordique) or they grow on me so much, that writing a review seems to hard (in the case of La Grande Infamie, a modern classic and mandatory purchase). So, I'll stick with the score for now and we'll see what direction revisiting it will take me. But, if you're looking for some excellent, bizarre, unique black metal that stick tried and true to the spirit of the genre, Grands Tyrans is for you.",
                    "date": "June 9th, 2015"
                }
            ],
            "songs": [
                {
                    "name": "D\u00e9voil\u00e9",
                    "length": "06:57",
                    "url": "https://www.metal-archives.com/release/ajax-view-lyrics/id/3458174"
                },
                {
                    "name": "Le feu de l'ab\u00eeme",
                    "length": "05:02",
                    "url": "https://www.metal-archives.com/release/ajax-view-lyrics/id/3458175"
                },
                {
                    "name": "Naufrage contemporain",
                    "length": "04:24",
                    "url": "https://www.metal-archives.com/release/ajax-view-lyrics/id/3458176"
                },
                {
                    "name": "Les flots de l'enfer",
                    "length": "04:55",
                    "url": "https://www.metal-archives.com/release/ajax-view-lyrics/id/3458177"
                },
                {
                    "name": "Grands tyrans",
                    "length": "03:58",
                    "url": "https://www.metal-archives.com/release/ajax-view-lyrics/id/3458178"
                },
                {
                    "name": "Faucon",
                    "length": "04:50",
                    "url": "https://www.metal-archives.com/release/ajax-view-lyrics/id/3458179"
                },
                {
                    "name": "Chim\u00e8res",
                    "length": "03:51",
                    "url": "https://www.metal-archives.com/release/ajax-view-lyrics/id/3458180"
                },
                {
                    "name": "Noire b\u00eate ail\u00e9e",
                    "length": "04:35",
                    "url": "https://www.metal-archives.com/release/ajax-view-lyrics/id/3458181"
                },
                {
                    "name": "Je n'y serai pas",
                    "length": "02:46",
                    "url": "https://www.metal-archives.com/release/ajax-view-lyrics/id/3458182"
                }
            ],
            "song_names": [
                "D\u00e9voil\u00e9",
                "Le feu de l'ab\u00eeme",
                "Naufrage contemporain",
                "Les flots de l'enfer",
                "Grands tyrans",
                "Faucon",
                "Chim\u00e8res",
                "Noire b\u00eate ail\u00e9e",
                "Je n'y serai pas"
            ]
        },
        {
            "name": "Credo",
            "type": "Full-length",
            "year": 2018,
            "review_num": 3,
            "review_avg": 90,
            "url": "https://www.metal-archives.com/albums/Akitsa/Credo/728248",
            "reviews_url": "https://www.metal-archives.com/reviews/Akitsa/Credo/728248/",
            "reviews": [
                {
                    "title": "A summary of Akitsa's 20-year career in extreme raw BM - 85%",
                    "content": "Coming to their 20th anniversary in 2019 \u2013 what, their 20th anniversary?! \u2013 these veterans of the Quebecois black metal scene have released their most accessible and consistent recording on both the Hospital Productions label (whose founder Dominick Fernow has always been a champion of the band) and, in a move towards reaching a slightly more mainstream metal audience, Canada\u2019s Profound Lore Records. The album plays like a distillation and summary of everything Akitsa have done over their 20-year career. The high-pitched eardrum-busting, window-shattering screeching of yore may have long gone for health reasons and some of the experimentation with ambient, noise and industrial elements of past albums is missing but the fiercely defiant punk attitude and Akitsa\u2019s ear for catchy grooves are as strong as ever. The album cover art, deviating from the usual minimalist black-and-white art, captures something of the raw aggression, determination and violent edge that have always been distinct features of the duo\u2019s music.\n\nEach of the six songs on the album is different from the others and represents a different aspect of the band\u2019s style which has always embraced a surprising range of music genres (thrash, punk, industrial, ambient) but bent them to the blackened Akitsa aesthetic: some songs are slow and atmospheric and others are straight-out punk with definite thrashy riffs and a deranged attitude. On tracks like \u201cLe monde et ma bile\u201d, the guitar sound is cleaner than the sizzle-steak fry-up that used to characterise earlier albums and the singing is starting to incline towards the lower death-metal range of the human vocal tract, which I hope are not signs of things to come in the future. \u201cEspoir vassal\u201d however is the proud and stubborn patriotic Quebecois Akitsa we\u2019ve all come to know and love even if OT and N\u00e9ant can no longer hit the highest of high notes that even children\u2019s choirs and professional operatic sopranos fail to reach. \u201cVestiges fortifi\u00e9s\u201d is typical of the groove-tastic boogie punk stuff that has appeared on past albums over the years.\n\nThe final track (and also the title track) combines the different strands of Akitsa\u2019s style and various lyrical concerns (Quebecois patriotism, love of nature, misanthropy) into a grand epic that sweeps listeners in its embrace and carries them into a full immersion of the band\u2019s pride, passion and melancholy, and perhaps anger (and not a little sorrow) that, for all its supposed intelligence and abilities, humanity has failed in its stewardship of life on Earth.\n\nAs its title declares, \u201cCredo\u201d is a summation of Akitsa\u2019s past history over the last 20 years, and where the band stands now, or stood in 2018 when the album was recorded. Where OT and N\u00e9ant will do or go next, who can predict, except to say that whatever they do, they will do it with the passion and the intransigent attitude they\u2019ve maintained since Year Zero. Maybe the music will be a bit more mellow, the sound a bit cleaner and the vocals more \u2013 well, normal and less screechy and deranged \u2013 but this is one band that I hope won\u2019t change its style too much.",
                    "date": "October 11th, 2019"
                },
                {
                    "title": "Yawn, Quebec Produces Another Great BM album - 91%",
                    "content": "The Quebecois black metal scene has been absolutely on fire for at least the last decade, and albums like Akitsa\u2019s Credo show that the province has no intentions of slowing down. Credo sounds eminently Quebecois, incorporating most of the expected tropes of the scene. However, Akitsa are undeniably their own entity and this doesn\u2019t sound like any particular other Quebecois band. Akitsa similarly co-opt the spirit of the second wave while still not sounding like yet another tired facsimile. Credo is a triumphant bastion of riffs and atmosphere. \n\nProbably the best jumping-off point to understanding Credo sound is Darkthrone (fight me Tony, I\u2019ll namedrop them all I want), particularly A Blaze in the Northern Sky. You\u2019ve got the same raw energy and a willingness to draw in an array of influences while still sticking to a unified vision. I think a lot of people forget how much of a melting pot of other more aggressive (sub)genres very early black metal is, but even a cursory listen to Blaze (or Under the Sign of the Black Mark if you really want to go back in black metal history) shows just how influential punk music was to the development of black metal. Akitsa recognize how well punk can be incorporated into the traditional black metal sound, and like in Blaze this is most evident in the energetic hardcore drum beats. There\u2019s also a fair amount of speed metal in the fold, which also can be traced back to the Darkthrone influence. \n\nAnyone who\u2019s familiar with the QCBM scene knows how fundamental icy waves of tremolo is to the Quebec sound. Akitsa certainly have it here, although it is hardly all they rely on. Besides their speed metal leanings, for more traditional metal styles there\u2019s some killer rudimentary thrash riffs in here. The one in \u201cVoies Cataclysmiques\u201d is ridiculously fun, but \u201cVestiges Fortifies\u201d really steals the show on the thrashy front. The song oscillates between two very similar raw mid-paced thrash riffs and shows that repetition in black metal doesn\u2019t only work for atmospheric purposes. Bringing it back to the Quebecois scene, it does bring in the common depressive and melodic tropes. These remain undertones but are very effective in keeping it interesting. The guitar tone is killer, having a buzzsaw quality and a grainy but powerful sound. A lot of Credo comes off like early Darkthrone filtered through Filosofem\u2019s guitar tone. \n\nCredo is a clear win for Akitsa and perhaps even their best album yet. I know I\u2019ve spent a fair amount of time referencing Darkthrone and the scene that spawned Akitsa, but I\u2019d like to reiterate that they are no mere copycats and very much make their sound their own. I love how varied the album manages to be but also sound so unified and like it could have come straight out of 1994. It reminds me of how varied but the Quebec black metal scene is while still retaining certain largely unifying tropes. Not to mention how fucking awesome it is.",
                    "date": "December 19th, 2018"
                },
                {
                    "title": "I'm credible so I\u2019m not gonna namedrop Darkthrone - 95%",
                    "content": "Unlike Quebec\u2019s sovereignty project, Quebecois black metal has been quite healthy recently. The scene is diversified and hits hard from both Qu\u00e9bec City and Montr\u00e9al. There\u2019s the occultism of Gevurah, the icy winds of Cantique L\u00e9preux, the atmospheric/post power of Basalte or, obviously the nationalistic panache of Forteresse. Akitsa, at least for me, has always been a lone wolf in terms of sound even if they have a varied discography. With Credo, their sixth full length and first for Profound Lore, they bludgeon the competition with their sharp riffs and their arcane knowledge of second wave black metal.\n\nI\u2019ve probably said it before but for me, the quality of the riffs is the most important thing in black metal (if you\u2019re not Summoning, that is). You\u2019d say that it\u2019s important in all metal genres and you\u2019d be right but for that specific style, it\u2019s usually the main focus, especially when we have to deal with raw bands. If you do a simple pizza and its only topping is the tomato sauce, your sauce needs to be fucking good. It\u2019s the same here. We\u2019re lucky though since Akitsa are master riff crafters. They cultivate rawness like we cultivate apples to make ice cider. \u201cSi\u00e8cle pastoral\u201d opens the album with an introduction buildup of urgent and primal guitars. You know what you\u2019ll get right from the start. \n\nThey\u2019re skilled at creating atmosphere with the strict necessary (like our ancestors dealt with life), they could do it with the strength of their riffs alone but there\u2019s some interesting touches like that chanting on the opening track. Those riffs are so good that they\u2019re able to hypnotize by their drony repetitiveness and their punk might akin to Darkthr... uhh Bone Awl or Raspberry Bulbs! Furthermore, the vocals of Outre-Tombe are spiteful and they\u2019re able to deliver the French lyrics well. If you think they\u2019re too raw, you might not listen to the adequate genre for you. \n\nThe blast beats ferocity of \u201cEspoir Vassal\u201d transports you into the frigid time of the year in Qu\u00e9bec where the snow melts and cold mud just enters every pore of your body. Speaking of its thematic approach, Credo develops themes very well. It\u2019s mixing history, poetry and a clear focus on the rough Quebec winters. Just like their music, it\u2019s abrasive, buried in dark realities. Akitsa burns with coldness. It\u2019s like sticking your tongue on a frozen hockey net on a dare. For some weird reasons, once your tongue is released from that ordeal, you\u2019ve still enjoyed yourself. \n\nThey\u2019re strong musicians but they\u2019re also quite apt at creating a solid identity for themselves. From the old campfire photo used as the artwork (taken in 2000) to the cult forest band pictures, it\u2019s rooted in traditional black metal aesthetics and I mean, I\u2019m fine with that since I\u2019m a big fan of Darkthr...oh shit!\n\nAll in all, Akitsa defied my expectations and managed to beat Cultes des Ghoules to gain the prestigious number one spot for black metal released in 2018. It combines excellent riffs, epic song structures and a mighty ambiance. \n\nMetantoine's Magickal Realm",
                    "date": "December 18th, 2018"
                }
            ],
            "songs": [
                {
                    "name": "Si\u00e8cle pastoral",
                    "length": "09:51",
                    "url": "https://www.metal-archives.com/release/ajax-view-lyrics/id/4665049"
                },
                {
                    "name": "Voies cataclysmiques",
                    "length": "04:56",
                    "url": "https://www.metal-archives.com/release/ajax-view-lyrics/id/4665050"
                },
                {
                    "name": "Le monde et ma bile",
                    "length": "05:43",
                    "url": "https://www.metal-archives.com/release/ajax-view-lyrics/id/4665051"
                },
                {
                    "name": "Espoir vassal",
                    "length": "07:14",
                    "url": "https://www.metal-archives.com/release/ajax-view-lyrics/id/4665052"
                },
                {
                    "name": "Vestiges fortifi\u00e9s",
                    "length": "04:06",
                    "url": "https://www.metal-archives.com/release/ajax-view-lyrics/id/4665053"
                },
                {
                    "name": "Credo",
                    "length": "09:57",
                    "url": "https://www.metal-archives.com/release/ajax-view-lyrics/id/4665054"
                }
            ],
            "song_names": [
                "Si\u00e8cle pastoral",
                "Voies cataclysmiques",
                "Le monde et ma bile",
                "Espoir vassal",
                "Vestiges fortifi\u00e9s",
                "Credo"
            ]
        }
    ],
    "album_names": [
        "Go\u00e9tie",
        "Sang nordique",
        "La grande infamie",
        "Au cr\u00e9puscule de l'esp\u00e9rance",
        "Grands tyrans",
        "Credo"
    ],
    "info": {
        "Country of origin": "Canada",
        "Location": "Montr\u00e9al, Quebec",
        "Status": "Active",
        "Formed in": "1999",
        "Genre": "Black Metal",
        "Lyrical themes": "Pride, Nature, History, Misanthropy",
        "Current label": "Profound Lore Records",
        "Years active": "\n1999-present "
    }
}