{
    "name": "AlNamrood",
    "id": "3540256815",
    "url": "https://www.metal-archives.com/bands/AlNamrood/3540256815",
    "albums": [
        {
            "name": "\u0627\u0633\u062a\u0641\u062d\u0644 \u0627\u0644\u062b\u0623\u0631",
            "type": "Full-length",
            "year": 2009,
            "review_num": 1,
            "review_avg": 75,
            "url": "https://www.metal-archives.com/albums/AlNamrood/%D8%A7%D8%B3%D8%AA%D9%81%D8%AD%D9%84_%D8%A7%D9%84%D8%AB%D8%A3%D8%B1/229462",
            "reviews_url": "https://www.metal-archives.com/reviews/AlNamrood/%D8%A7%D8%B3%D8%AA%D9%81%D8%AD%D9%84_%D8%A7%D9%84%D8%AB%D8%A3%D8%B1/229462/",
            "reviews": [
                {
                    "title": "Different and therefore refreshing - 75%",
                    "content": "Saudi-Arabia, is rarely found on the metal radar these days, but slowly and steadily musicians from Arabic/Islamic countries begin to spread their art. Astfhl Al Tha'r would be Al-Namrood's debut album and it continues where the band left off with the 3-way split Narcotized (Al-Namrood / Dhul-Qarnayn / Ayyur): black metal with clearly distinguishable Middle Eastern influences. \n\nActually, this description of their art might be misleading, as the compositions are different compared to what is generally offered in the bm scene. The song-writing is fresh in some respect and the impact of the guitars on the music is not always similar to a performance of a 'Western band'. At times, the impact of this instrument is rather small and nothing but a texture in the background. It supports the music, while other facets like drums or keyboards create the atmosphere and keep the song going; Ebadt Al Bashar for instance, especially towards the end. Rather calm and with a focus on tension and atmospheric elements can the art of this Saudi-Arabian band be described. This has of course also to do with the overall tempo of the music, which rarely reaches for the faster regions and seems to feel more comfortable in the slower respectively midtempo parts of the scale. This of course works better with the overall approach of the band, which is has something in common with those of ambient bands. Also Al-Namrood set a large focus in getting the atmosphere right and as the band has one basic approach, which is varied over the course of the album, they do not have much difficulties in getting this one right; negative perceptions of the art rather stem from the sound (production as well as instrumentation, i.e. drum-computer, certain samples) than from the band's concept. \n\nBe it the guitars, the keyboards or the (occasional annoying) drum-computer, they all work together in some respect. Harshness and aggressiveness is here created rather through the vocals then by anything else; well, this has to do with the way the screams are performed of course, but other bands would not differer in this respect and their focus is shifted due to another overall set. Further, as the lyrics are rather something like texts sung by a person, than a typical chorus/rhyme scheme. Even after a good amount of spins there remains some form of ambivalence in the perception of them. This particular way of 'singing' works most certainly with the music and adds an important dominant facet to the concept. Nevertheless, due to the outr\u00e9 way on which the band proceeds here, the likeliness to reject this approach is given at a higher rate. \n\nSome final words about the instruments. As already noted before wakes their play memories on the ambient genre and this has to do with the minimalism in the riffs and motives. The guitars play a melody line and have (occasional) also black metal riffs, but the play differs from what for example a band like Emperor would perform or Satyricon or M\u00fctiilation. At times they are nothing but a texture in the background and have to share the room with the rest of the instruments. This increases the atmosphere, gives the art of Al-Namrood a identity, but is also an aspect the listener has to get used to. Accordingly might the first spin be a bit disappointing. An ambiguous aspect are also the drums. These offer on the one hand a not always optimal programmed as well as mixed drum-computer, while on the other one some neat percussion instruments from the Middle East help to support the atmosphere. Keyboards can be found in the background, but it is rare for them to play a dominant role. \n\nBeyond the normal metal stuff, there are influences from the band's native cultural environment. These can be found in the rhythms, certain samples or sounds and they are the outstanding characteristic of this band. It is quite easy to distinguish the tracks on this release amongst other ones, as they have a special touch and atmosphere that has rarely (never?) found on Western music. Be it keyboards elements or percussion elements, any of these helps to increase the atmosphere as well as the fascination for this piece of art. \n\nTo criticize this album is by no means easy. Even though there are some flaws in the actual creation of the release, the perhaps gravest one might have to do with a matter of perception. Al-Namrood fail to create a consistent atmosphere and impression over the whole length of the release. Some compositions could be described as overtly plain and boring... especially the longer the release takes. Maybe this particular kind of music simply wears off a bit and the listener might find it difficult to appreciate the approach by this Saudi-Arabian band. Alright, there are too many vocals at times and less respectively better placed ones in the compositions would most certainly help the band to increase the fascination as well as to support the atmosphere. Further, a bit more variation in the tempo of the vocals would also be a neat thing to have, as the often monotonous but intense way in which the lyrics are 'sung' get a bit hard to endure the longer the release takes; see also the first point made in this paragraph. Finally, on some rare occasions there is some kind of crackling noise in the background -- Fe Zafrat Al Mout -- and even though it is not disturbing, it irritates though. \n\nFinal bits and bytes",
                    "date": "September 26th, 2009"
                }
            ],
            "songs": [
                {
                    "name": "\u0639\u0647\u062f \u0627\u0644\u062c\u0627\u0647\u0644\u064a\u0629",
                    "length": "05:24",
                    "url": null
                },
                {
                    "name": "\u0625\u0650\u0628\u064e\u0627\u062f\u064e\u0629\u064c \u0627\u0644\u0652\u0628\u064e\u0634\u064e\u0631\u0650",
                    "length": "06:30",
                    "url": null
                },
                {
                    "name": "\u0625\u0650\u0646\u0652\u062a\u0650\u0635\u064e\u0627\u0631\u064e\u0627\u062a\u0650 \u0627\u0644\u0652\u0623\u064e\u0634\u064e\u0627\u0648\u0650\u0633\u0652",
                    "length": "05:29",
                    "url": null
                },
                {
                    "name": "\u0641\u0650\u064a\u0652 \u0627\u0644\u0652\u062f\u064e\u0651\u064a\u064e\u0627\u062c\u0650\u064a\u064e \u062a\u064f\u062f\u0652\u062d\u064e\u0636\u064f \u0646\u064e\u0641\u0652\u0633\u064f \u0631\u064e\u062e\u0650\u064a\u0652\u0635\u064e\u0629\u064c",
                    "length": "05:12",
                    "url": null
                },
                {
                    "name": "\u0641\u0650\u064a\u0652 \u0632\u064e\u0641\u064e\u0631\u064e\u0627\u062a\u0650 \u0627\u0644\u0652\u0645\u064e\u0648\u0652\u062a\u0652",
                    "length": "04:54",
                    "url": null
                },
                {
                    "name": "\u0646\u064e\u0627\u0642\u064f\u0648\u0652\u0633\u0650 \u0627\u0644\u0652\u062e\u064e\u0637\u064e\u0631\u0650",
                    "length": "04:43",
                    "url": null
                },
                {
                    "name": "\u064a\u0640\u0640\u0623\u062c\u0648\u062c \u0648\u0645\u0623\u062c\u0648\u062c",
                    "length": "07:02",
                    "url": null
                },
                {
                    "name": "\u062c\u064e\u0628\u064e\u0631\u064f\u0648\u0652\u062a\u0650 \u0627\u0644\u064e\u0634\u0652\u0640\u0631\u064e",
                    "length": "06:37",
                    "url": null
                },
                {
                    "name": "\u0633\u0650\u062d\u0652\u0631\u064c \u0623\u064e\u0633\u0652\u0648\u064e\u062f\u064f",
                    "length": "08:04",
                    "url": null
                },
                {
                    "name": "\u0635\u064e\u062f\u064e\u0651\u0627\u0645\u064f, \u0631\u064e\u0645\u0652\u0632\u0651 \u0627\u0644\u0652\u0628\u064f\u0637\u064f\u0648\u0652\u0644\u064e\u0629\u0650",
                    "length": "05:23",
                    "url": null
                }
            ],
            "song_names": [
                "\u0639\u0647\u062f \u0627\u0644\u062c\u0627\u0647\u0644\u064a\u0629",
                "\u0625\u0650\u0628\u064e\u0627\u062f\u064e\u0629\u064c \u0627\u0644\u0652\u0628\u064e\u0634\u064e\u0631\u0650",
                "\u0625\u0650\u0646\u0652\u062a\u0650\u0635\u064e\u0627\u0631\u064e\u0627\u062a\u0650 \u0627\u0644\u0652\u0623\u064e\u0634\u064e\u0627\u0648\u0650\u0633\u0652",
                "\u0641\u0650\u064a\u0652 \u0627\u0644\u0652\u062f\u064e\u0651\u064a\u064e\u0627\u062c\u0650\u064a\u064e \u062a\u064f\u062f\u0652\u062d\u064e\u0636\u064f \u0646\u064e\u0641\u0652\u0633\u064f \u0631\u064e\u062e\u0650\u064a\u0652\u0635\u064e\u0629\u064c",
                "\u0641\u0650\u064a\u0652 \u0632\u064e\u0641\u064e\u0631\u064e\u0627\u062a\u0650 \u0627\u0644\u0652\u0645\u064e\u0648\u0652\u062a\u0652",
                "\u0646\u064e\u0627\u0642\u064f\u0648\u0652\u0633\u0650 \u0627\u0644\u0652\u062e\u064e\u0637\u064e\u0631\u0650",
                "\u064a\u0640\u0640\u0623\u062c\u0648\u062c \u0648\u0645\u0623\u062c\u0648\u062c",
                "\u062c\u064e\u0628\u064e\u0631\u064f\u0648\u0652\u062a\u0650 \u0627\u0644\u064e\u0634\u0652\u0640\u0631\u064e",
                "\u0633\u0650\u062d\u0652\u0631\u064c \u0623\u064e\u0633\u0652\u0648\u064e\u062f\u064f",
                "\u0635\u064e\u062f\u064e\u0651\u0627\u0645\u064f, \u0631\u064e\u0645\u0652\u0632\u0651 \u0627\u0644\u0652\u0628\u064f\u0637\u064f\u0648\u0652\u0644\u064e\u0629\u0650"
            ]
        },
        {
            "name": "Estorat Taghoot",
            "type": "Full-length",
            "year": 2010,
            "review_num": 2,
            "review_avg": 86,
            "url": "https://www.metal-archives.com/albums/AlNamrood/Estorat_Taghoot/265424",
            "reviews_url": "https://www.metal-archives.com/reviews/AlNamrood/Estorat_Taghoot/265424/",
            "reviews": [
                {
                    "title": "Interesting but nevertheless a bit too sterile. - 71%",
                    "content": "Metal from the Middle East is a curious thing. This type of music and the cultural environment are quite likely to clash in one way or another, which brings the musicians in a rather awkward position that, might even endanger their life in one way or another. For instance, a radical black metal band spreading music in Iran requires some amount of braveness (or insanity?) and awareness on how not to be caught by the authorities. In our days the Internet enables bands to distribute their art outside of their local realm and pseudonyms grant the musicians (the vague hope of) a second identity.\n\nEstorat Taghoot, the second full-length album, differs from the preceding one due to a change in character. The 2009 one (\u0627\u0633\u062a\u0641\u062d\u0644 \u0627\u0644\u062b\u0623\u0631) had the titles and lyrics printed in Arabic, which added a strange touch to the overall perception, because a listener from outside the cultural sphere had to deal with two issues: the Arabic language as well as the (for us indecipherable) typologies. The aspect of having to read from right to left is a minor obstacle in this regard. With \u201cEstorat Taghoot\u201d and continuing with \u201cKitab Al Awthan\u201d none of the booklets contain any texts. Aside from a short description the listener is left in the dark about the actual background of the album. Whether this is good or bad can be debated.\n\nOnce the listener has passed the opening instrumental, the band from Saudi Arabia unleashes their distinct black metal brew. Even though the emphasis is put on this particular genre, the overall concept is much broader and relies on additional sounds and noises from this region. Sadly, these appear in a somewhat sterile and synthesized version, which takes away some of the fascination and atmosphere. The aspect of a drum-computer alone is a nuisance, which happens to appear throughout the entire discography of the band, but the overall aspect cuts deeper in this regard. With the use of electronic equipment instead of real instruments \u2013 in terms of certain traditional equipment \u2013, facets of the music resemble in style a certain trend in the West: the merging of occidental and oriental ideas. Yet how this all plays out is rather from the perspective of the former region than the latter, which adds a strange touch to it all. A pseudo-reality is established, which, for numerous reasons, can be difficult to differentiate from another one. Maybe this line of reasoning sets the bar too high for bands from countries, whose socio-cultural environment makes it difficult on various levels to play, record and spread metal anyway. Nevertheless, this matter has become of some importance recently and should be discussed accordingly.\n\nAlNamrood play black metal with a certain focus on speed and dynamics. Calm and quite moments are rather rare and it seems the band does not feel overtly impressed by such a counterpoint. Guitars and vocals create together a dominant alliance, whose lines are hardly ever penetrated. In concept it is somewhat conservative and does not attempt to be too progressive, which finds expression in the tendency to play one melody line with all instruments. The examples of bands, whose concept would be similar to this are legion, which brings the musicians from Saudi Arabia in good company. With some kind of variation in the instrumentation and the elements this aspect can be compensated a bit, but in case the drums are too dominant, it all feels a bit awkward and tiring. There is this air of a \u201csafe approach\u201d that hangs around this release. Reaching out to audiences outside of the own realm, because of rather obvious reasons, while trying to add just enough nuances to stand out in the interpretation of the black metal genre without leaving too much of a bitter taste. Distorted vocals, often with multiple layers, add a certain amount of aggressiveness to the performance, which comes with guitars on top of it.\n\nIt is an interesting though occasionally slightly sterile release. Also the air of the underground cannot be shaken off entirely; this can especially be felt in the drum-computer, whose programming is anything but optimal. Nevertheless, the second album from this band can be seen as an example that even under such severe cultural restrictions, like they are common the Saudi Arabia, extreme music like black metal can flourish to some extent. Purists might sniff at this performance, but those who happen to look beyond the immediate should give this release a try.\n\nBased on a review originally written for \u2018A dead spot of light (Number 22)\u2019:\nhttp://www.archive.org/details/ADeadSpotOfLight...Number22",
                    "date": "May 5th, 2013"
                },
                {
                    "title": "The Enigmatic Al-Namrood - 100%",
                    "content": "In the deserts of Saudi Arabia, where ignorance reigns and religious doctrine is literally law, media is one of the things that was off the radar. It is quite a fortunate thing in some ways that the officials there are quite ignorant of Western music. If it were not for that fact, Metal never would have planted the desire for meaningful music within those seeking a rational world in the desolation of vacant minds that surround them. From these seeds sprang a sparse few amazing individuals that have thankfully managed to make contact with one another in-order to create the music they have come to love.\n\nOne would not expect Metal to meld so well with one raised in such harsh conditions, but Black Metal? Not a snowball\u2019s chance in hell\u2026.right? Wrong. Once you think about it, it makes perfect sense. Black Metal is a division of the musical world that delves deeply in rejection and questioning of traditional religious and/or spiritual beliefs. Rather than expressing just sorrow, artists in this genre typically express their frustration, hate, and anger with the religious world around them. So contrary to popular belief, it\u2019s not ALL about glorifying the many varied forms of Satanism (though that does play a large role in some of the most prominent bands of the genre). I suppose you can see where I\u2019m going with this by now. Black Metal is the perfect genre for those seeking intellectual freedom in the highly oppressive world of Islam and Arab culture.\n\nInspired by older Darkthrone (as well as Dark Funeral, Marduk, Gorgoroth, and olderBathory), one man known as Mephisto set out on a journey to find like-minded individuals in Saudi Arabia. His tenacity paid off and he formed his first band called Mephisophilus with Mukadars (from Narjahanam, Gravedom, and Smouldering in Forgotten) doing vocals plus lyric writing and Darius on drums. Though not the focus of this particular review, this band helped with two important things: to further develop the musical skill and/or taste of the two prominent band members (Mephisto and Mukadars) and it\u2019s eventual demise led to the creation of Al-Namrood. The reason for disbanding Mephisophilus is not a strange one given the region they are from. The fact of the matter is, many Black Metal bands from the Middle East and North Africa have disbanded or have faded into obscurity due to pressure from their governments and society.\n\nAnd so, it is with great pleasure that I report that Al-Namrood is quite active with the following new line-up: Mudamer (from the one man-band, Thamud) on vocals, Mephisto on Guitar/Bass/Percussion and Ostron on Oriental Keyboards/Percussion. The name Al-Namrood is derived from an ancient historical autocratic figure, King Nimrod, a despot who reigned with great evil. He slaughtered many and claimed, \u201cI am the god of all creation\u201d. The idea of making Arabian folk inspired metal was suggested by Mukadars. He discussed the idea with Ostron and they ended up making one demo track which they thought worked. However, they lacked the presence of guitar and bass. That\u2019s when Mephisto joined them and suggested the idea of combining the Arabian aesthetics and music style with those of Black Metal. What you get musically, is some amazingly beautiful and brutal stuff. Lyrics are all in Arabic, but we\u2019ll get more in-depth with that later on.\n\nThe beauty of the music is not in the classical Western sense. That is where the uniqueness and innovation of this band comes into play. Where a symphonic black metal band from Europe would use violins and violas, these guys use an Oud (an ancient Middle Eastern and North African guitar) and the Tabla (African hand drum whose form varies from country to country). It does not stop there though. No, they meld the traditional with the Western so well that sometimes I have trouble distinguishing which style inspired which in particular riffs and drum beats. For examples, I will be drawing from and featuring their latest release \u201cEstorat Taghoot\u201d (meaning \u201cA Legend of Tyranny\u201d), a full length album released in April 2010.\n\nThey mimic the basic melodies and rhythms of the Oud and downtuned Violins used in Middle Eastern music almost perfectly with the guitar and keyboards. Take the title song of the album, \u201cEstorat Taghoot\u201d. Starts out with the guitar playing an Oud melody and very fast paced drumming then the keyboards move in on small intervals enforcing the Arabian melody, during which, the drums crash in on the high points. Then the keyboards take center stage for a few seconds before the vocals kick in. The vocals are just raw and brutal on this album in general. Also, this track and album is really bassy. This is not something that is typical of Black Metal so I felt that it should be mentioned and emphasized. When the vocals break into this song, so does the bass and it stays for the entirety of the song complementing the guitar perfectly. At one point in the song, it has a short solo with the keyboards. The drumming remains solid and in-tune with the many changes in this song\u2019s pace. The breakdown is classic Black Metal in style, but the presence of the bass makes it very doomy. The the keyboards layer on, but despite the higher notes that it offers to the mix, it still sounds so dark and creepy. That just sets the theme for the rest of the song because basically all the bass and guitar are doing is mimicking the melody set by the keyboards. No dark atmosphere is compromised as it ends with the keyboards having the last say.\n\nThis song generally sums up the general feel and atmosphere of the album. Variations come in with the type of Middle Eastern melody they want to showcase along with which Middle Eastern instrument they want to highlight most in a song. Also, moods tend to vary from their more brutal and vicious songs to their more dark, creepy and ancient sounding songs. Their title track was a good blend of both variations.\n\nLet\u2019s take \u201cMa\u2019dabt Al Audhama\u201d (meaning \u201cThe Magnificence\u2019s Feast\u201d), which also happens to be my favorite song by them and an instrumental, as an example of their more dark ancient songs. Song starts out with strong drums punching right into and dieing off at an Oud playing a dark melody whose inspiration could just as well be attributed to either classic Black Metal or Middle Eastern music interchangeably. To those unaccustomed to the sound of an Oud, the picking may sound out of tune but still fitting to the music. Keyboard mimics downtuned violins in the background then it has it\u2019s solo which introduces the drums to the mix once more. Oud takes center stage again but with the drums and keyboards as more prominent partners in the background. All through-out the guitar is playing ambient fuzz, adding on to the harmony of the Oud and everything else going on. The drums are fast paced and a mix between Tabla beats and basic metal beats. The exchange between the Oud and keyboards continues for a few more cycles allowing the melody to progress into a more Middle Eastern sound before the breakdown comes in. In comes the bass, playing the persisting rhythm of this song and setting a doom element to the song. The guitar comes in more strongly now, playing the part of the Oud with another guitar that comes in doing some crazy classic Heavy Metal soloing overlaying it all. Just crazy and unexpected and it works so well because while it sounds like classical Heavy Metal, it\u2019s the guitarist mimicing an Oud player (this also appears in other songs on the album, something that I will get to later). Oud comes in this time as the prominent player but the guitars and bass don\u2019t die off this time. Instead they merely take an audible backseat for a bit. This exchange between the guitars and the Oud persists until the end of the song which is culminated by a very short classic guitar riff.\n\nThe progression of the album is very interesting with three instrumentals, each setting the mood and style for the songs that follow after them. The first track of the album, \u201cArousal At Nebuchadnezzar Fortress\u201d, is purely a dark and ancient sounding Middle Eastern instrumental with no guitars or western drums. Only keyboards, Oud and Tabla are present. Songs that follow noticeably take influence from that mood with more interplay with the Middle Eastern instruments. The songs after that slowly progress into a more brutal and fast paced atmosphere using purely Western instruments to play out the Middle Eastern melodies. By the time you reach the fifth track, \u201cEndma Tuqsaf Al Ru\u2019os\u201d (meaning \u201cWhen the Heads are Minced\u201d), the only clear Middle Eastern element that is present to the unaccustomed ear are the keyboards and the short solo plus backseat role that the Oud plays later in the song. That just sets the mood up perfectly for the second instrumental, \u201cMa\u2019dabt Al Audhama\u201d whose end heralds the crazy guitar soloing that is to be found in all the songs following it. By the time we get to \u201cWata\u2019a Bakhtanasar\u201d (meaning \u201cNebuchadnezzar March\u201d), we are immersed in familiar doomy and dark Black Metal territory. Songs have a noticeable Middle Eastern slant in a way that is surely more authentic in sound than Nile and more reminiscent of older Melechesh. The album\u2019s closing instrumental, \u201cAjal Babel\u201d(meaning \u201cDemise of Babylon\u201d) sums up the pure evil that emanated from the latter portion of the album perfectly. Middle Eastern influence strongly intact without the use of any of their traditional instruments.\n\nSince their lyrics are all in Arabic, I feel it necessary to transcribe the lyrical themes they set for each album here. These are brief summaries, but overall their inspirations are brutal warlike tactics:\n\nAtba\u2019a AlNamrood EP (2008): the main theme is about King Nimrod\u2019s Era, the Nimrod legion and despotic age.\nAsfhl Al-Tha\u2019ar LP (2009): the main theme was vengeance. It was about warriors who got betrayed by their own people, how a strong desire for vengeance was fueling their souls as they made it at the end. Sub-themes were added like \u201cGog & Majooj\u201dand Al-Jahiliyah (\u201cDays of Ignorance,\u201d Islamic concept referring to the condition Arabs found themselves in pre-Islamic Arabia).\nEstorat Taghoot LP (2010): this release was initially built on Babylon\u2019s ancient era. The main focus is \u201cNebuchadnezzar\u201d who reigned in Babylon at 650 BC. The storyline also includes events of bloodshed that involved the ancient Arabs at that time.",
                    "date": "April 16th, 2011"
                }
            ],
            "songs": [
                {
                    "name": "Arousal at Nebuchadnezzar Fortress",
                    "length": "04:38",
                    "url": "https://www.metal-archives.com/release/ajax-view-lyrics/id/1866700"
                },
                {
                    "name": "Junood Al Amjaad",
                    "length": "04:28",
                    "url": null
                },
                {
                    "name": "Estorat Taghoot",
                    "length": "06:06",
                    "url": null
                },
                {
                    "name": "Ma Kan Mn AlDahr Mundthera",
                    "length": "05:48",
                    "url": null
                },
                {
                    "name": "Endma Tuqsaf Al Ruoos",
                    "length": "06:13",
                    "url": null
                },
                {
                    "name": "Ma'dabt Al Audhama",
                    "length": "05:00",
                    "url": null
                },
                {
                    "name": "Fe Youm Thaqeef",
                    "length": "03:07",
                    "url": null
                },
                {
                    "name": "Wata'a Bakhtanasar",
                    "length": "05:22",
                    "url": null
                },
                {
                    "name": "Laylat Ghabra'a",
                    "length": "03:50",
                    "url": null
                },
                {
                    "name": "Asda' Al Dmar",
                    "length": "07:32",
                    "url": null
                },
                {
                    "name": "Ajal Babel",
                    "length": "04:04",
                    "url": "https://www.metal-archives.com/release/ajax-view-lyrics/id/1866710"
                }
            ],
            "song_names": [
                "Arousal at Nebuchadnezzar Fortress",
                "Junood Al Amjaad",
                "Estorat Taghoot",
                "Ma Kan Mn AlDahr Mundthera",
                "Endma Tuqsaf Al Ruoos",
                "Ma'dabt Al Audhama",
                "Fe Youm Thaqeef",
                "Wata'a Bakhtanasar",
                "Laylat Ghabra'a",
                "Asda' Al Dmar",
                "Ajal Babel"
            ]
        },
        {
            "name": "Kitab Al Awthan",
            "type": "Full-length",
            "year": 2012,
            "review_num": 3,
            "review_avg": 81,
            "url": "https://www.metal-archives.com/albums/AlNamrood/Kitab_Al_Awthan/318435",
            "reviews_url": "https://www.metal-archives.com/reviews/AlNamrood/Kitab_Al_Awthan/318435/",
            "reviews": [
                {
                    "title": "More than a step in the right direction for them - 79%",
                    "content": "Kitab Al Awthan is quite an interesting piece of music. Not only does it mark another output from a band, whose origin provides anything but pleasantries for metal fans or bands, it is also another step in establishing a clearer identity. How all had been merged together has changed a bit and attempts to break away from what had been presented earlier on. Even though it might be a bit daring to name the latest instalment as being filled with counterpoints, these have at least some amount of an impact now. Not all had been woven together into an indistinguishable mess, like it had been the case on one of the earlier albums. Contrasts begin to take shape and play a role. Nevertheless, it would be too far-reaching to speak of a revolution, because the basic setting has remained as it is, while certain facets have received some kind of support.\n\nYes, especially the keyboards, sadly there are still no \u201creal\u201d Middle Eastern instruments, are able to shine with nice motives that are clearly not of Western origin. In terms of how all of this plays out, it is rather some kind of successive appearance though and with little sophistication in the actually arrangement. \u201cBani La'em\u201c is a good example in this respect: some kind of Middle Eastern melody thrown hence here and hence there between the keyboards and the guitars. Yet the motive is merely performed in two different ways, despite that both of these have their own distinct character. To put it simple: both offer the same \u2026 and nothing else. It is the absence of something daring, to be at least a bit progressive, to be a bit more extreme and to break a bit out of the narrow corridor of the black metal genre that backfires in some respect. \u201cMin Trab Al Jahel\u201d, the second track, points in the right direction but is inconclusive in this regard as well.\n\nYet this all should be cast aside to some extent, because the nine compositions are able to create a fascination that make it interesting to enjoy this album; despite all its flaws. The mixture of cultures and the surprising ways in which this tends to play out are the core arguments in favour of this release. With the focus still on the metal side, the music has enough punch to reach out to the metal audience and should not be neglected for the increase in the folk elements over the course of the years. Especially this progression comes over as an attempt to establish a hybrid forms between the two various cultures; something that has found expression in the music already. In terms of progress and the level of variation this band from Saudi Arabia seems to be on the forefront of extreme Middle Eastern metal. Their direction remains unclear though.\n\nAnother step might be to push it all a bit more. The drum-computer comes over as an obsolete element now and then \u2013 due to the programming and its inability to provide some interesting motives \u2013, while also the limitation on growling pushes the band in a somewhat awkward position, because AlNamrood refuses to set some counterpoints in these. Maybe this reluctance is also motivated due to their social or political environment, which demands from the band to be cautious in regard to topics and contents. Not everything is allowed to be expressed in their home country and even their Metal Archives' entry has seen a removal of the lyrics recently. Hence, this distortion can be interpreted as a means to protect the band from interference by various factions of their surrounding environment. Maybe the small amount of \u201creal\u201d instruments is also a result of the necessity to keep a low profile.\n\nKitab Al Awthan brings the music to a new level. It presents the concept in a clearer and more balanced kind of way. More variation would still be a nice thing to have, but also in its current arrangement the performance is quite enjoyable. A combination of rather conservative black with folk elements... and influences from Middle Eastern cultures.\n\nBased on a review originally written for \u2018A dead spot of light (Number 22)\u2019:\nhttp://www.archive.org/details/ADeadSpotOfLight...Number22",
                    "date": "May 5th, 2013"
                },
                {
                    "title": "Kitab Al-Awthan - 75%",
                    "content": "Al Namrood is an Oriental black metal band that rises from Saudi Arabia, and it settled itself as one of the most known \"Arabic black metal\" along with Narjahannam. The band released two full-length albums, (Astfhl Al Tha'r) and (Estorat Taghoot), and they reflect the identity and the themes beyond the mysterious inspiring oriental music, the arabic historical and mythological lyrics showed more features to these guys, and by the starting of the new year the band is releasing its third full-length album \"Kitab Al-Awthan\" which means \"The Book Of Idols\" in English.\n\nThe instrumentation of \"Kitab Al-Awthan\" is forming historical scenes of wars and rough events which are taking a place in the heart of the Arabian desert, Forty-seven minutes of flowing desert sand will cover your ears, the use of \"Tabla\" and \"Oud\" and \"Kanun\" are building a structure of oriental atmosphere, with the western mixture of \"Guitars\" and \"Drums\" that sink together into this vortex of golden sand.\n\n\"Mirath Al Shar\" is an instrumental track (The intro of the album), the keyboards work and the percussion of this track guide your imagination toward the desert wars and the old passed races that breathed in the old centuries upon the golden sand of the Arabian desert. \"Min Trab Al Jahel\" starts with grim metal riff until the drums-line and the lead guitars complete the whole sound, and then the \"Kanun\" get into the mixture to create an \"OrientalWestern\" piece of music, the black metal vocals appear in this track violently, the shrinky throat is roaring the Arabic lyrics in a rhythmic way.\n\nThe clear Middle Eastern influences are crystallized through the tracks \"Hayat Al Khlood\" and \"Ashab Al Aika\", the instrumentation gave a burning living spirit into the compositions, more brutality and barbarity are streaming with the vocals and the guitars in the track \"Al Quam, Hakem Al Huroob\", faster drumming and more powerful environment are shining like charm here, the progression of the album in this track shows more stability, no tracks are getting away from the Oriental black metal atmosphere circle.\n\n\"Kiram Al Mataia\" starts with odd and mysterious Kanun melodies, and then the guitars and the drums cross the the kanun melodies to form melodic black metal track full of Oriental influences, the track ends as it begins, with the mysterious kanun melodies. Wa Ma Kan Lil Sufha Entisar\" is an instrumental track of extreme black metal riffs and Middle Eastern ambiance, \"Ez Al Mulook\" continued the same theme rhythm of the previous tracks, but now with more vital lead guitars, with time the track become aggressive and rough. \"Bani La\u2019em\" starts with mid-paced black metal riffing and sharp lead guitar sound, more crispy vocals. And finally, the album faces its end with the instrumental track \"Wa Ma Kan Lil Sufha Entisar\" that shows the same strategy.\n\nMy complain about this album are the role of the lead guitars, and the production of the drums and the vitality of the bass, the keyboards in this album cover the whole sound of the tracks and act as \"the main instrument\", and this makes the other instruments neglected, the existence of the lead guitars are so fragile and need to be more essential, the drums and the bass are left over behind the veil of the keyboards, more vital bass will and clear drums production will eliminate all of my complains.\n\nIf you don't know Al Namrood but already know Narjahanam, then this album is recommended for you, the total sound creates a good oriental black metal atmosphere, if you are searching for a grim oriental black metal work to fill your ears with desert sand, then blow your ears with \"Kitab Al-Awthan\".\n\nComposition: 6/10\nMusicianship: 6/10\nProduction: 7/10\nLevel Of Originality : 7/10\nLevel Of Ferocity: 7/10\n\nOriginally written for:\nwww.jorzine.com",
                    "date": "February 13th, 2012"
                },
                {
                    "title": "AL-NAMROOD - KITAB AL-AWTHAN - 90%",
                    "content": "Folk metal at its best is a fantastic form of escapism and certainly the most evocative of all of metal's kaleidoscope of genres. It's this quality that makes Al-Namrood's Kitab Al-Awthan ('The Book of Idols') such an engaging and intriguing listen. From the first jarring note of 'Mirath al Shar' the album transports the listener through a particularly menacing vision of the band's native Saudi Arabian culture.\n\nIt's this that really sets Al-Namrood apart from the pack. The Middle Eastern influences really bring a unique and completely fresh feel to the band's familiar black metal stylings. Everything you would expect from a black metal band is present \u2013 harsh vocals, fierce blast beats and that whining guitar tone that is particular to this strain of metal \u2013 however its dark and otherworldly atmosphere is enhanced by the Arabian instrumentation and arrangement. Long after the earliest black metal bands terrified listeners with their new demonic sound, it is rare to find a band today that still sounds genuinely frightening. Satan simply isn't scary any more. The Middle East, on the other hand, most certainly is and it is this \u2013 that uncomfortable unfamiliarity \u2013 that makes Kitab Al-Awthan such a spine-tingling experience.\n\nIt is very easy to label albums that mix different styles as little more than a novelty piece (indeed, there are some who believe that all folk-inspired metal is simply a novelty, rather than a mature and nuanced genre in its own right), but it is an accusation that would be harsh to level at Al-Namrood. This album is far more complex than simply overlaying Eastern-inspired melodies on top of traditional black metal, Al-Namrood's entire approach to making music is clearly influenced by traditional Arabian music. The clearest example of this on Kitab Al-Awthan is the penultimate track 'Bani La'em', which is driven mostly by its guitar and drum work and yet still maintains its Arabian flavour just as strongly as any other song on the album, while its more understated use of traditional instrumentation make it more accessible to those who prefer more straightforward black metal.\n\nKitab Al-Awthan is a challenging listen and is at first slightly overwhelming. The familiar black metal influences are instantly recognisable, but often the unfamiliar melodies and song structures are surprising and, at first, slightly confusing. This album is an ideal introduction for listeners, not only to Al-Namrood, but also to Middle Eastern metal in general. However, those who are already familiar with the band are unlikely to find anything they haven't already heard on previous releases. As a display of brutal, Arabian black metal Kitab Al-Awthan is a compelling proof-of-concept, however the lack of variety on display may discourage repeat listens.\n\nI found Kitab Al-Awthan to be a genuinely refreshing listen and one that is highly recommended for anyone for anyone who is seeking an original and interesting album, especially if your tastes are suited to the more brutal end of the metal spectrum.",
                    "date": "February 12th, 2012"
                }
            ],
            "songs": [
                {
                    "name": "Mirath Al Shar",
                    "length": "02:24",
                    "url": null
                },
                {
                    "name": "Min Trab Al Jahel",
                    "length": "06:47",
                    "url": null
                },
                {
                    "name": "Hayat Al Khlood",
                    "length": "06:52",
                    "url": null
                },
                {
                    "name": "Ashab Al Aika",
                    "length": "06:00",
                    "url": null
                },
                {
                    "name": "Al Qaum, Hakem Al Huroob",
                    "length": "05:26",
                    "url": null
                },
                {
                    "name": "Kiram Al Mataia",
                    "length": "05:13",
                    "url": null
                },
                {
                    "name": "Ez Al Mulook",
                    "length": "06:14",
                    "url": null
                },
                {
                    "name": "Bani La'em",
                    "length": "05:18",
                    "url": null
                },
                {
                    "name": "Wa Ma Kan Lil Sufha' Entisar",
                    "length": "03:02",
                    "url": null
                }
            ],
            "song_names": [
                "Mirath Al Shar",
                "Min Trab Al Jahel",
                "Hayat Al Khlood",
                "Ashab Al Aika",
                "Al Qaum, Hakem Al Huroob",
                "Kiram Al Mataia",
                "Ez Al Mulook",
                "Bani La'em",
                "Wa Ma Kan Lil Sufha' Entisar"
            ]
        },
        {
            "name": "\u062d\u064a\u0646 \u064a\u0638\u0647\u0631 \u0627\u0644\u063a\u0633\u0642",
            "type": "Full-length",
            "year": 2014,
            "review_num": 2,
            "review_avg": 83,
            "url": "https://www.metal-archives.com/albums/AlNamrood/%D8%AD%D9%8A%D9%86_%D9%8A%D8%B8%D9%87%D8%B1_%D8%A7%D9%84%D8%BA%D8%B3%D9%82/398598",
            "reviews_url": "https://www.metal-archives.com/reviews/AlNamrood/%D8%AD%D9%8A%D9%86_%D9%8A%D8%B8%D9%87%D8%B1_%D8%A7%D9%84%D8%BA%D8%B3%D9%82/398598/",
            "reviews": [
                {
                    "title": "An epic journey thru fusion Oriental black metal - 80%",
                    "content": "You'd think living in the heartland of fundamentalist Wahhabi Islam would deter most from forming anything other than short-lived solo online bedroom black metal projects yet here's a Saudi band that has already released several recordings including four albums. Al Namrood is the band's name and the album under review, the trio's fourth, came out early in 2014, demonstrating that this project is alive and certainly kicking!. And kicking - the percussion, that is - is what they do best!\n\nThe band's style is a mix of crunchy melodic black metal with maybe some death metal / thrash influences and native Arab / Oriental musical styles and instrumentation. Generally the beats and rhythms are provided by Western instruments including a drum machine and those instruments that take the place of lead guitar tend to be native Arabian ones. Even the main melodies are of native Arab derivation and the band also employs chords and melodic or riff motifs with quarter-tones that lend a demented air to the general proceedings. Opening track \"Estalahat al Harb\" is a fine instrumental demonstration of this East-West fusion and its air of surreal, slightly chaotic confusion prepares listeners for what's to come. \n\nThe sound is not as crisp as it could be to show off the richness of the sonic layers inherent in the music - I'd love to hear some of the jewelled tones of the oud and more of that resonant hand-drumming - but given the difficult conditions Al Namrood is performing under, the fact that this music even exists is a wonder so some technical imperfections in the recording are to be expected. What the musicians might lack in technical finesse, they more than compensate with energy, enthusiasm (maybe a little too much so: in some songs, the percussion is in danger of being punched right through), the most deliriously demented cartoon melodies and a choir of bloodcurdling guttural voices fighting for space in front of the mikes. The sense of humour these guys have is infectious and boisterous.\n\nSome of the more memorable tracks include the brain-destroying, mind-melting \"Youm Yakram al Jaban\" and the more flowing if more chaotic \"Bat Al Thaar Nar Muheja\". \"Um Al Qashaam\" features the most thunderous beats and blast-beats along with almost laughably cartoony deranged quarter-tone melodies. Each succeeding song is crazier than the one before and I just wonder where and how the guys find the inspiration to think up the most batshit insane tunes and rhythms as each song wipes my brain clean of everything it thought it knew. I'm sure the musicians themselves can see the humour present in mashing together the most brutal metal rhythms and beats and Oriental tunes. For their part, Western listeners can experience something of the surrealism that folks in the Middle East have to live with, in societies at once ultra-modern and wealthy, yet still wrestling with an oppressive medieval political culture and the instability in nearby countries like Iraq and Syria.\n\nAs it progresses, the madness and the histrionics escalate further and the music threatens to drown under the sheer thunder and the almost-buffoonish melodies, rhythms and beats. Perhaps that chaos is part of what Al Namrood guys intend to say: that they live in an absurd world of unlikely pairings and polarities, and the only way to make sense of it all is to reflect some of that madness back at it. \n\nThe journey through the album is very exhausting and I'm not sure that I'd want to repeat it over and over. Maybe at least I'll visit once or twice a year. But like the hajj itself for devout Muslims, this is a visit that everyone should try to make at least once!",
                    "date": "July 19th, 2014"
                },
                {
                    "title": "Addicting - 85%",
                    "content": "Playing in a black metal band in Saudi Arabia, in one of the world's most authoritarian states, means recording your music clandestinely, at home. It means not playing live shows and not being in touch with the local music scene, ordering your instruments from abroad and sending them abroad, secretly, to have them repaired. These are the conditions under which AlNamrood have recorded four albums so far, \"Heen Yadhar Al Ghasq\" being the fourth. If the band members' real names were to come out, they'd face prison sentences or worse. Apostasy and blasphemy can be punished by death in their country.\n\nBlack metal being all about rebellion, AlNamrood are closer to the spirit of the first wave of black metal than all the corpsepainted middle-class kids in Northern Europe pretending to worship Satan and to fight a Christianity that's almost disappeared from their lives. AlNamrood actually have something to fight against and put themselves in great danger by recording their music, although they don't even openly criticize the modern Saudi state and its religion. Instead, they work with parables. Their lyrics have always been about ancient Arabic history, king Nebuchadnezzar, Babylonian tyrants, and the hero Nimrod who defied Allah and inspired the band's name.\n\nCalling AlNamrood's music black metal doesn't fully do it justice. Sure, the riffs are undeniably influenced by first and second wave Northern black metal, but the band has its own style that's almost closer to Arabic folk music than to black metal. Even some of the guitar leads and drum patterns sound oriental. But what really makes this unique is the major role that traditional instruments play in the band's distinctive sound. Just listen to the opening song, \"Estahalat Al Harb\", an instrumental track driven forward by a repetitive riff. At about 45 seconds in, an instrument that we Westeners can't even name sets in with a wild melody. It's so amazing that it makes you forget the poor sound of the album.\n\nGiven the difficult circumstances of recording this and the band's other albums, it's no wonder the production has deficits. Since the band has no drummer and finding one is probably pretty difficult when you have to work in secret, AlNamrood use a drum computer. The overall sound is messy and disharmonious, the guitar sounds scratchy and the vocals overdriven. However, once you get used to it, it adds a raw edge to the songs that fits them rather well and, as I've mentioned above, AlNamrood's music is so fascinating that you probably won't care much for these flaws.\n\nEach song has plenty of great melodies and, except on two instrumental tracks, fantastic vocals by new band member Humbaba. Earlier albums featured the usual black metal shrieking, but on \"Heen Yadhar Al Ghasq\", Humbaba shouts and laughs in Arabic like a madman, which suits the music way better. Though I wouldn't call AlNamrood's music progressive, there's so much happening on so many different levels that it takes some time to get into the songs. You'll willingly take this time because \"Heen Yadhar Al Ghasq\" is addicting. Great, great stuff.",
                    "date": "May 17th, 2014"
                }
            ],
            "songs": [
                {
                    "name": "Estahalat Al Harb",
                    "length": "04:03",
                    "url": "https://www.metal-archives.com/release/ajax-view-lyrics/id/2762283"
                },
                {
                    "name": "Heen Yadhar Al Ghsaq",
                    "length": "05:24",
                    "url": null
                },
                {
                    "name": "Youm Yukram Al Jaban",
                    "length": "07:15",
                    "url": null
                },
                {
                    "name": "Bat Al Tha'ar Nar Muheja",
                    "length": "06:16",
                    "url": null
                },
                {
                    "name": "Um Al Qashaam",
                    "length": "03:46",
                    "url": "https://www.metal-archives.com/release/ajax-view-lyrics/id/2762287"
                },
                {
                    "name": "Subat",
                    "length": "05:02",
                    "url": null
                },
                {
                    "name": "A'aj Al Safeeh",
                    "length": "07:07",
                    "url": null
                }
            ],
            "song_names": [
                "Estahalat Al Harb",
                "Heen Yadhar Al Ghsaq",
                "Youm Yukram Al Jaban",
                "Bat Al Tha'ar Nar Muheja",
                "Um Al Qashaam",
                "Subat",
                "A'aj Al Safeeh"
            ]
        },
        {
            "name": "Diaji Al Joor",
            "type": "Full-length",
            "year": 2015,
            "review_num": 0,
            "review_avg": null,
            "url": "https://www.metal-archives.com/albums/AlNamrood/Diaji_Al_Joor/525517",
            "reviews_url": null,
            "reviews": [],
            "songs": [
                {
                    "name": "Dhaleen",
                    "length": "02:40",
                    "url": "https://www.metal-archives.com/release/ajax-view-lyrics/id/3538808"
                },
                {
                    "name": "Zamjara Alat",
                    "length": "04:56",
                    "url": null
                },
                {
                    "name": "Hawas Wa Thuar",
                    "length": "04:05",
                    "url": null
                },
                {
                    "name": "Ejhaph",
                    "length": "05:36",
                    "url": null
                },
                {
                    "name": "Adghan",
                    "length": "04:21",
                    "url": null
                },
                {
                    "name": "Ya Le Taasatekum",
                    "length": "04:36",
                    "url": null
                },
                {
                    "name": "Hayat Al Khezea",
                    "length": "05:46",
                    "url": "https://www.metal-archives.com/release/ajax-view-lyrics/id/3538814"
                },
                {
                    "name": "Ana Al Tughian",
                    "length": "06:05",
                    "url": null
                },
                {
                    "name": "Alqab Ala Hajar",
                    "length": "01:34",
                    "url": "https://www.metal-archives.com/release/ajax-view-lyrics/id/3538816"
                }
            ],
            "song_names": [
                "Dhaleen",
                "Zamjara Alat",
                "Hawas Wa Thuar",
                "Ejhaph",
                "Adghan",
                "Ya Le Taasatekum",
                "Hayat Al Khezea",
                "Ana Al Tughian",
                "Alqab Ala Hajar"
            ]
        },
        {
            "name": "Enkar",
            "type": "Full-length",
            "year": 2017,
            "review_num": 1,
            "review_avg": 85,
            "url": "https://www.metal-archives.com/albums/AlNamrood/Enkar/630834",
            "reviews_url": "https://www.metal-archives.com/reviews/AlNamrood/Enkar/630834/",
            "reviews": [
                {
                    "title": "A highly successful experiment - 85%",
                    "content": "Bravery in the face of certain death is a truly admirable quality in a band. It is something that most bands from the Middle East have to deal with on a daily basis to make a living. Indeed, Al-Namrood knows this struggle as well as anyone, given that they hail from Saudi Arabia. Nobody knows who they are and nobody needs to know. All we need to know is that their style of middle-eastern black/folk is the best in the business. Incredibly, Enkar is their sixth album and the reports are that it features a strong Celtic Frost influence.\n\nThe reports would appear to be correct as Enkar is much more riff-driven than their past work with slightly cleaner production values. The approach is more stripped down but this is still the AlNamrood fans know and love. The bouncy rhythms are still very much a part of their sound and so is the folk instrumentation. The reverb-infused black metal riffs and tremolo picking of the past are absent on this record. They have been replaced by faster, heavier, grittier riffs that give off a distinct To Mega Therion vibe that is abundantly clear from the first notes of \u201cNabth.\u201d AlNamrood have always produced great riffs but they were never the focus of their sound. Enkar simply brings those great riffs to the forefront.\n\nMuch of the lush middle-eastern instrumentation is pushed to the background in favor of the riffs on this album. AlNamrood make it work to their advantage though because when it is used, it adds tremendous depth and variety to the songs. This is especially effective on the instrumental \u201cEgwaa\u201d as well as \u201cEzdraa,\u201d which really exemplifies AlNamrood\u2019s new approach and why it works quite well for them. The closing track, \u201cEntiqam,\u201d might actually be the best track on the album as it contains great riffs, a bouncing melody, and plenty of folk instrumentation. It actually sounds like a classic AlNamrood track but with heavier riffs and crisper drumming, which is a good thing in this case.\n\nThe drumming on this album is perhaps the most significant departure from the band\u2019s trademark sound. Specifically, Enkar is mostly devoid of the wonderful percussion AlNamrood have always employed. The only time it comes in is on the gorgeous instrumental, \u201cEgwaa.\u201d This album continues the trend of getting away from the black metal standards of endless blast beats and double kick found on Diaji Al Joor, only employing double kick in the closing track. The speed is still there but it is much more bombastic this time around. The fun filled alternating bounce beats are still there so as always, this album has a significant \u201cfun\u201d quotient that really enhances the band\u2019s sound.\n\nAlNamrood\u2019s vocals have always been incredibly unique. At times, they use black metal screams and at other times, it sounds more akin to Arabic chanting. This time around, the approach is a little different, which only makes sense given the change in sound. Humbaba\u2019s vocals are significantly more aggressive and shouted than in the past. Most of the time it befits and benefits the music but there are moments when he sounds like a dying cat. Somehow though, it plays into the atmosphere of the album despite making listeners cringe. Even the chanting sounds more aggressive and is done in a slightly lower register on tracks like \u201cEzdraa\u201d but it actually works well for the album\u2019s style.\n\nAny time a band significantly changes their style, it is likely to be polarizing among the fans. This album may be an exception since many elements of AlNamrood\u2019s signature style remain intact, just with some significant variation. Experimentation is a tricky thing for well-established bands but these guys did it the right way. They took the core elements of their sound and figured out a new way to highlight those elements by expanding upon the base. That is a recipe for success and although Enkar may not be AlNamrood\u2019s best album, it is certainly a successful experiment that produced yet another high quality album.\n\n- originally written for The Metal Observer",
                    "date": "May 17th, 2017"
                }
            ],
            "songs": [
                {
                    "name": "Nabth",
                    "length": "03:55",
                    "url": null
                },
                {
                    "name": "Halak",
                    "length": "03:17",
                    "url": null
                },
                {
                    "name": "Xenophobia",
                    "length": "04:24",
                    "url": null
                },
                {
                    "name": "Estibdad",
                    "length": "03:24",
                    "url": null
                },
                {
                    "name": "Efsad",
                    "length": "03:04",
                    "url": null
                },
                {
                    "name": "Estinzaf",
                    "length": "03:17",
                    "url": null
                },
                {
                    "name": "Ensaf",
                    "length": "04:29",
                    "url": null
                },
                {
                    "name": "Egwaa",
                    "length": "04:02",
                    "url": null
                },
                {
                    "name": "Ezdraa",
                    "length": "04:24",
                    "url": null
                },
                {
                    "name": "Entiqam",
                    "length": "05:18",
                    "url": null
                }
            ],
            "song_names": [
                "Nabth",
                "Halak",
                "Xenophobia",
                "Estibdad",
                "Efsad",
                "Estinzaf",
                "Ensaf",
                "Egwaa",
                "Ezdraa",
                "Entiqam"
            ]
        },
        {
            "name": "Ten Years of Resistance",
            "type": "Full-length",
            "year": 2018,
            "review_num": 0,
            "review_avg": null,
            "url": "https://www.metal-archives.com/albums/AlNamrood/Ten_Years_of_Resistance/720584",
            "reviews_url": null,
            "reviews": [],
            "songs": [
                {
                    "name": "Estorat Taghoot",
                    "length": "04:33",
                    "url": null
                },
                {
                    "name": "Fe Al Diaji",
                    "length": "05:20",
                    "url": null
                },
                {
                    "name": "Hayat Al Khlood",
                    "length": "06:46",
                    "url": null
                },
                {
                    "name": "Al Jahliyah",
                    "length": "05:38",
                    "url": null
                },
                {
                    "name": "Endama Tuqsaf Al Rous",
                    "length": "05:02",
                    "url": null
                },
                {
                    "name": "Asdaa Al Dmar",
                    "length": "07:00",
                    "url": null
                },
                {
                    "name": "Atbaa Al-Namrood",
                    "length": "05:07",
                    "url": null
                }
            ],
            "song_names": [
                "Estorat Taghoot",
                "Fe Al Diaji",
                "Hayat Al Khlood",
                "Al Jahliyah",
                "Endama Tuqsaf Al Rous",
                "Asdaa Al Dmar",
                "Atbaa Al-Namrood"
            ]
        }
    ],
    "album_names": [
        "\u0627\u0633\u062a\u0641\u062d\u0644 \u0627\u0644\u062b\u0623\u0631",
        "Estorat Taghoot",
        "Kitab Al Awthan",
        "\u062d\u064a\u0646 \u064a\u0638\u0647\u0631 \u0627\u0644\u063a\u0633\u0642",
        "Diaji Al Joor",
        "Enkar",
        "Ten Years of Resistance"
    ],
    "info": {
        "Country of origin": "Saudi Arabia",
        "Location": "Al Khobar, Eastern",
        "Status": "Active",
        "Formed in": "2008",
        "Genre": "Black/Folk Metal",
        "Lyrical themes": "Ancient history, Evil, Darkness, Anti-Religion",
        "Current label": "Shaytan Productions",
        "Years active": "\n2008-present "
    }
}