{
    "name": "Anabanta",
    "id": "9217",
    "url": "https://www.metal-archives.com/bands/Anabanta/9217",
    "albums": [
        {
            "name": "Resucitando el olvido (Tributo)",
            "type": "Full-length",
            "year": 2004,
            "review_num": 0,
            "review_avg": null,
            "url": "https://www.metal-archives.com/albums/Anabanta/Resucitando_el_olvido_%28Tributo%29/324334",
            "reviews_url": null,
            "reviews": [],
            "songs": [
                {
                    "name": "El ser bajo la luz de la luna (Tributo a Lovecraft)",
                    "length": "04:38",
                    "url": "https://www.metal-archives.com/release/ajax-view-lyrics/id/2270791"
                },
                {
                    "name": "Te honro en el espanto (Tributo a Ramon Lopez V)",
                    "length": "04:42",
                    "url": "https://www.metal-archives.com/release/ajax-view-lyrics/id/2270792"
                },
                {
                    "name": "La esclava del drag\u00f3n (Tributo a la Mujer Anabantha)",
                    "length": "04:12",
                    "url": "https://www.metal-archives.com/release/ajax-view-lyrics/id/2270793"
                },
                {
                    "name": "Poema No. 20 (Tributo a Pablo Neruda)",
                    "length": "04:15",
                    "url": "https://www.metal-archives.com/release/ajax-view-lyrics/id/2270794"
                },
                {
                    "name": "Agua sexual (Tributo a Pablo Neruda)",
                    "length": "04:09",
                    "url": "https://www.metal-archives.com/release/ajax-view-lyrics/id/2270795"
                },
                {
                    "name": "Dejate ser (Tributo a Luzbel)",
                    "length": "04:13",
                    "url": "https://www.metal-archives.com/release/ajax-view-lyrics/id/2270796"
                },
                {
                    "name": "Hasta el fin (Tributo a Psicfonia)",
                    "length": "04:11",
                    "url": "https://www.metal-archives.com/release/ajax-view-lyrics/id/2270797"
                },
                {
                    "name": "Almas sin para\u00edso",
                    "length": "03:12",
                    "url": "https://www.metal-archives.com/release/ajax-view-lyrics/id/2270798"
                }
            ],
            "song_names": [
                "El ser bajo la luz de la luna (Tributo a Lovecraft)",
                "Te honro en el espanto (Tributo a Ramon Lopez V)",
                "La esclava del drag\u00f3n (Tributo a la Mujer Anabantha)",
                "Poema No. 20 (Tributo a Pablo Neruda)",
                "Agua sexual (Tributo a Pablo Neruda)",
                "Dejate ser (Tributo a Luzbel)",
                "Hasta el fin (Tributo a Psicfonia)",
                "Almas sin para\u00edso"
            ]
        },
        {
            "name": "Letan\u00edas cap\u00edtulo prohibido",
            "type": "Full-length",
            "year": 2005,
            "review_num": 2,
            "review_avg": 92,
            "url": "https://www.metal-archives.com/albums/Anabanta/Letan%C3%ADas_cap%C3%ADtulo_prohibido/92155",
            "reviews_url": "https://www.metal-archives.com/reviews/Anabanta/Letan%C3%ADas_cap%C3%ADtulo_prohibido/92155/",
            "reviews": [
                {
                    "title": "El cap\u00edtulo prohibido de este amor que invoqu\u00e9 - 94%",
                    "content": "I think it's safe to say that when most people think of Mexico, what comes to mind is mariachi, banda, or ranchera music. And in my experience, when people are confronted with the concept of Mexican heavy metal, they will typically have one of two reactions: the first being any variation of \"there are Mexican metal bands?\", and the second (coming from more enlightened individuals) would be to name bands like Brujeria, Cenotaph, or Transmetal -- bands rooted in more extreme subgenres of heavy metal. But what people don't realize is that since the late nineties, there has been a healthy and ever expanding gothic metal scene in Mexico, as well. Bands like Erszebeth, Nostra Morte, Fortaleza, El Cuervo de Poe, and Tragico Ballet are major players. But if there was going to be a Mexican foil to Within Temptation or Tristania (bands that weren't the first in the movement, but are early enough and prolific enough to be given more media attention and carry more clout), it would be Anabantha.\n\nOriginally formed in 1997 under the name Sentido P\u00e9same, they recorded and released independent demos for years before releasing their debut album under little known Mexican label, Discos Misha. And what a record it is. Letan\u00edas cap\u00edtulo prohibido is a beautifully dark album that does not confine itself to the straight-ahead modern tendencies of post-2003 gothic metal, nor the doomier, all consuming melancholic tone that predated the new millennium. Instead the band walks the line between the two styles and even merge the two quite successfully. The melodic riffing and suppressive atmosphere that defined artists of the nineties are employed, while also increasing the tempo to add strength and vivacity to the band's romantic despair.\n\nI think we can all agree that gothic metal is a largely European genre, and though Anabantha definitely pay homage to that sound, they also add their own spin that roots their music heavily in their own cultural background. Aside from the all-Spanish lyrics, there's some latin rock influences making its way into the guitar work (most notably the melancholic opener \"El altar de las pasiones desoladoras\" and the fourth track \"Sangre\"). Sprinkled into some songs are some mariachi-style picazzo strings that add a swaying dance feel. And though not Mexican, the most obvious latin musical influence is the tango song \"Una l\u00e1grima\". These elements definitely make for a more varied and interesting listen that stands out across the electronic-tinted and organ-laden soundscapes of European gothic metal at the time.\n\nA huge draw to this band are the vocals. Lead singer Duan Marie has such a beautiful and clear voice, and her delivery is masterful and agile -- if anything the production on this album is a disservice to her vocals, making them slightly muffled. Drummer and fellow band-leader Vlad Landeros also shares vocal duties, usually supplying a gruffer and deeper counterpart to Duan's lighter vocals and though he's less seasoned a singer they often play off each other extremely well. On Letan\u00edas cap\u00edtulo prohibido however, his vocal work is almost non-existent. Aside from leading \"Sangre\" (with a higher nasally tone than he's usually known for) his contributions here are minimal, but they are extremely precise and effective.\n\nBut regardless of who's singing, the truth of the matter is that Anabantha succeeds in writing extremely catchy vocal melodies. There's a generally greater focus on the vocal melodies than actual lyrics, not to say that the lyrics are bad (they're very pretty, dark , romantic, you get the idea) just that there's a lot of wordless vocalization that propels the sound and carries a lot of the main themes. A lot of the sonics on this album are driven by the vocals, and for it to all work in the finished product, they have to be not only good, but really well incorporated. Which they are. Not only do they flow in and out of riffs, leads, verses and so on beautifully, they are crafted to have maximum staying power. And hell it's not even just the vocal melodies that are really catchy. Most, if not all the melodic work carried by any instrument is captivatingly beautiful and the hooks will not let you go.\n\nLetan\u00edas cap\u00edtulo prohibido is a gothic metal album of humble length, and not a single moment is gone to waste. The listening experience is one dripping with luscious gothic atmosphere and romantic tragedy, and is equally grandiose as it is melancholic and sentimental. It's not just a strong debut from a gem of the (oft ignored) Mexican gothic scene, but a masterful display of what the genre could be outside of its original context.",
                    "date": "October 18th, 2019"
                },
                {
                    "title": "Mexican Gothic Metal... Why not? - 90%",
                    "content": "You know when I first heard of Anabantha was because they were playing on my town (Oaxaca!!!): I went to see them live and... And I was surprised, very surprised. I never thought I'd hear such a beautiful voice singing gothic metal in spanish...\n\nThis album takes off with an amazing background, clean guitars, a piano and Marie's voice... A sad song (gothics write tons of sad songs you know?) but suddenly you hear some palm muted guitars, some heavy riffs mixed with powerful keys! Soloing is also good, but what's remarkable is Marie's voice.\n\nNext songs are a perfect mix between pianos, keyboards and guitars, and yeah! Drums sound no longer like a freaking wedding band (awful and false). Marie's technic is weird, she may sound like out of tune for some people but that's the realistic sound you want to hear in a band not just processed voices with digital enhancements. Track 3 is a more gothic rock oriented track, but still good. \n\nEvery song from this point is just... Different. I couldn't find a progression in this, not a particular sound but a perfect mix of rythms, changes, sounds & beats. \"Eres T\u00fa\" is the higlight in this album, a more heavy rythm, a more gothic style, powerful solos, interesting changes, beautiful lyrics, catchy riffs and yeah... It's perfect! If every song in the album had a similiar structure then I'd had given this a 99%.\n\nThis is a nice album for gothic metal lovers, and for mexican metal lovers, for love and sadness, for despair and darkness. For those who didn't thought Mexicans could write gothic metal Anabantha is the perfect proof that the world is wrong. Support quality musicians and enjoy their work because this band is going to be great someday.",
                    "date": "September 17th, 2008"
                }
            ],
            "songs": [
                {
                    "name": "El altar de las pasiones desoladoras",
                    "length": "04:44",
                    "url": "https://www.metal-archives.com/release/ajax-view-lyrics/id/670333"
                },
                {
                    "name": "Caen las hojas (Sentido p\u00e9same II)",
                    "length": "04:08",
                    "url": "https://www.metal-archives.com/release/ajax-view-lyrics/id/670334"
                },
                {
                    "name": "Ay de la noche",
                    "length": "03:51",
                    "url": "https://www.metal-archives.com/release/ajax-view-lyrics/id/670335"
                },
                {
                    "name": "Sangre",
                    "length": "03:52",
                    "url": "https://www.metal-archives.com/release/ajax-view-lyrics/id/670336"
                },
                {
                    "name": "Encrucijada",
                    "length": "04:15",
                    "url": "https://www.metal-archives.com/release/ajax-view-lyrics/id/670337"
                },
                {
                    "name": "Eres t\u00fa",
                    "length": "05:25",
                    "url": "https://www.metal-archives.com/release/ajax-view-lyrics/id/670338"
                },
                {
                    "name": "Velo negro",
                    "length": "03:46",
                    "url": "https://www.metal-archives.com/release/ajax-view-lyrics/id/670339"
                },
                {
                    "name": "Una l\u00e1grima",
                    "length": "02:47",
                    "url": "https://www.metal-archives.com/release/ajax-view-lyrics/id/670340"
                },
                {
                    "name": "La hoguera",
                    "length": "04:58",
                    "url": "https://www.metal-archives.com/release/ajax-view-lyrics/id/670341"
                },
                {
                    "name": "T\u00fa me matas",
                    "length": "04:39",
                    "url": "https://www.metal-archives.com/release/ajax-view-lyrics/id/670342"
                }
            ],
            "song_names": [
                "El altar de las pasiones desoladoras",
                "Caen las hojas (Sentido p\u00e9same II)",
                "Ay de la noche",
                "Sangre",
                "Encrucijada",
                "Eres t\u00fa",
                "Velo negro",
                "Una l\u00e1grima",
                "La hoguera",
                "T\u00fa me matas"
            ]
        },
        {
            "name": "Letan\u00edas cap\u00edtulo I",
            "type": "Full-length",
            "year": 2006,
            "review_num": 1,
            "review_avg": 94,
            "url": "https://www.metal-archives.com/albums/Anabanta/Letan%C3%ADas_cap%C3%ADtulo_I/209839",
            "reviews_url": "https://www.metal-archives.com/reviews/Anabanta/Letan%C3%ADas_cap%C3%ADtulo_I/209839/",
            "reviews": [
                {
                    "title": "Nadie Mas Brilla Igual Que Tu... - 94%",
                    "content": "While listening to a lot of the other Anabantha albums, I completely over looked 'Letanias Capitulo 1'. Which, thinking back, how the hell could I? This is the 2006 re-recorded verion of the bands first ever released demo from 2001. The milestone that put Anabantha out there. And now it's back, better than ever. I've listened to the demo versions, which were really good quality, considering the fact that they were demos. But now they are cleaner and richer in sound (naturally). The songs are pretty short, and are some of the fastest and most powerful the band has ever written, though not the most mature. But Anabantha still has a lot of talent. \n\nThe album starts off with a short intro, that gives you some vocal melody previews from later songs, which will give way for the second track 'Sentido Pesame' (the band's Mexican, all the songs are in spanish). Here Duan Marie, the vocalist uses an operatic style that is very rare in Anabantha's music, she usually uses a traditional clean vocal style. The operatic won't be used again until the second installment of the 'Letanias' album series, even then it's only for a little while. Along with Duan, Vlad Landeros, the band's drummer also sings with a husky barritone that compliments his female counter part very nicely. \n\nRiffs are heavy with light distortion that makes up the main body of the music. Drums supply galloping beats with a certain energetic drives that really moves the music. These two together create the aggressive side of the music, and to give ballance piano and keyboard parts are layered on top. These additions create an kind of beauty and atmosphere that completes the music.\n\nThe only huge problem about the album is the last track before the outro, 'La Barerra' is almost five minutes long, and pure filler. Duan only does backing vocals for this song, so that Vladcan get the lead, which isn't a big deal, there are plenty of songs where he does all the vocals. But here, all he does is yell, which I don't like. For me. Yelling has to be done in a certain way, you know, with tone! Also I don't like that the outro is before the bonus tracks on the track listing, but that's just me being obsessive. \n\nIn conclusion, this album is some of the heaviest, fastest material Anabantha has released, but is also well ballanced. Duan Marie has a perfect voice that just soars over all the energetic music, that despite being a gothic metal band, is not pushed all the way in the back ground like many bands of the genre do. Also, I feel Anabantha is one of those bands that has a lot of talent but gets over looked because it's not one of the bigger names. They deserve to expand outside of Mexico and South America.\n\nHighlights: Anabantha, Santa Agonia & Dejame Ir",
                    "date": "August 7th, 2012"
                }
            ],
            "songs": [
                {
                    "name": "Letan\u00edas",
                    "length": "01:54",
                    "url": "https://www.metal-archives.com/release/ajax-view-lyrics/id/1485415"
                },
                {
                    "name": "Sentido p\u00e9same",
                    "length": "04:04",
                    "url": "https://www.metal-archives.com/release/ajax-view-lyrics/id/1485416"
                },
                {
                    "name": "Vampiro",
                    "length": "03:04",
                    "url": "https://www.metal-archives.com/release/ajax-view-lyrics/id/1485417"
                },
                {
                    "name": "Anabantha",
                    "length": "04:24",
                    "url": "https://www.metal-archives.com/release/ajax-view-lyrics/id/1485418"
                },
                {
                    "name": "Santa agon\u00eda",
                    "length": "03:08",
                    "url": "https://www.metal-archives.com/release/ajax-view-lyrics/id/1485419"
                },
                {
                    "name": "Delirio",
                    "length": "03:10",
                    "url": "https://www.metal-archives.com/release/ajax-view-lyrics/id/1485420"
                },
                {
                    "name": "M\u00e1tame",
                    "length": "03:39",
                    "url": "https://www.metal-archives.com/release/ajax-view-lyrics/id/1485421"
                },
                {
                    "name": "D\u00e9jame ir",
                    "length": "03:45",
                    "url": "https://www.metal-archives.com/release/ajax-view-lyrics/id/1485422"
                },
                {
                    "name": "El escondite",
                    "length": "03:14",
                    "url": "https://www.metal-archives.com/release/ajax-view-lyrics/id/1485423"
                },
                {
                    "name": "Manantial",
                    "length": "04:38",
                    "url": "https://www.metal-archives.com/release/ajax-view-lyrics/id/1485424"
                },
                {
                    "name": "La barrera",
                    "length": "04:41",
                    "url": "https://www.metal-archives.com/release/ajax-view-lyrics/id/1485425"
                },
                {
                    "name": "Resurrecci\u00f3n",
                    "length": "01:15",
                    "url": "https://www.metal-archives.com/release/ajax-view-lyrics/id/1485426"
                },
                {
                    "name": "Penitencia",
                    "length": "03:54",
                    "url": "https://www.metal-archives.com/release/ajax-view-lyrics/id/1485427"
                },
                {
                    "name": "Historia de terror",
                    "length": "03:26",
                    "url": "https://www.metal-archives.com/release/ajax-view-lyrics/id/1485428"
                }
            ],
            "song_names": [
                "Letan\u00edas",
                "Sentido p\u00e9same",
                "Vampiro",
                "Anabantha",
                "Santa agon\u00eda",
                "Delirio",
                "M\u00e1tame",
                "D\u00e9jame ir",
                "El escondite",
                "Manantial",
                "La barrera",
                "Resurrecci\u00f3n",
                "Penitencia",
                "Historia de terror"
            ]
        },
        {
            "name": "Letan\u00edas cap\u00edtulo III",
            "type": "Full-length",
            "year": 2006,
            "review_num": 1,
            "review_avg": 96,
            "url": "https://www.metal-archives.com/albums/Anabanta/Letan%C3%ADas_cap%C3%ADtulo_III/136598",
            "reviews_url": "https://www.metal-archives.com/reviews/Anabanta/Letan%C3%ADas_cap%C3%ADtulo_III/136598/",
            "reviews": [
                {
                    "title": "This One Takes A Few Listens - 96%",
                    "content": "Anabantha is a gothic metal band from Mexico formed in 1997. Between 2001 and the release of their debut studio album, the band released many demos, so by the time they signed to a record they had accumulated a large amount of material. Which allowed the band to release five albums between the beginning of 2005 and end 2006. One of those was 'Letanias Capitulo II', an album that is much darker and harder to get into at first listen than most of the band's material. Personally, I feel that Anabantha is one of those bands that can compose and record great music, release after release. But this album was different in a few aspects, which made it take a few listens for you to grasp the point.\n\nThough heavier and darker than most of the band's records, instrumentation is always similar, as it is the same band. Heavy, galloping riffs creating a strong foundation that supports Duan Marie's angelic voice which is often accompanied by Vlad Landeros, co founder, drummer, producer, and co vocalist. He offers both a deeper, raspier voice that compliments that of Duan and galloping beats that adds more of a driving feel to the music. Keyboards and strings are often used for beautiful counter melodies, adding an extra layer of dark ambiance to the mix. And the bass rounds out the sound as a whole. Grounding the sound and giving it a solid body. \n\nBut there is still variety within and beyond just this album. Like I said, this album took a few more listens, mainly because it is eerier than most of the band's material. The tempo was actually different in different songs (unlike Lacuna Coil -whom I love), from driving speeds in songs like 'La Ultima Sinfonia del Corazon' and the slower 'Necromancia'. I also feel that the vocal melodies in this album are a lot less to the point. Usually, vocal lines are a mix of catchy and beauty, but that feeling of deliberate, on the mark execution has become more hit and miss (get it?). Also, the one thing that I really didn't like was the second track 'Cerrar Los Ojos', it's a waste of five minutes, sure the instrumentation's fine, but it ultimately comes off as boring.\n\nOver all, great album. It's dark and heavy, it's all in spanish, so if you're one of those people who doesn't like music in other languages (and you know who you are), beware. It takes a few listens to really get into it during some parts. The second track is dull, but other than that it's well composed and produced. I recommend 'Anabantha' for people who like bands like 'Within Temptation', 'Lacuna Coil' and 'Ava Inferi', the female fronted gothic side of metal.\n\nHighlights: Hechizo, La Ultima Sinfonia Del Corazon & Abismo",
                    "date": "August 5th, 2012"
                }
            ],
            "songs": [
                {
                    "name": "Hechizo",
                    "length": "03:52",
                    "url": "https://www.metal-archives.com/release/ajax-view-lyrics/id/977255"
                },
                {
                    "name": "Cerrar los ojos",
                    "length": "04:49",
                    "url": "https://www.metal-archives.com/release/ajax-view-lyrics/id/977256"
                },
                {
                    "name": "La \u00faltima sinfon\u00eda del coraz\u00f3n",
                    "length": "04:29",
                    "url": "https://www.metal-archives.com/release/ajax-view-lyrics/id/977257"
                },
                {
                    "name": "Tormento",
                    "length": "03:06",
                    "url": "https://www.metal-archives.com/release/ajax-view-lyrics/id/977258"
                },
                {
                    "name": "Sereno infierno",
                    "length": "03:27",
                    "url": "https://www.metal-archives.com/release/ajax-view-lyrics/id/977259"
                },
                {
                    "name": "Abismo",
                    "length": "04:56",
                    "url": "https://www.metal-archives.com/release/ajax-view-lyrics/id/977260"
                },
                {
                    "name": "Sonrisa muerta",
                    "length": "03:45",
                    "url": "https://www.metal-archives.com/release/ajax-view-lyrics/id/977261"
                },
                {
                    "name": "Necromancia",
                    "length": "04:03",
                    "url": "https://www.metal-archives.com/release/ajax-view-lyrics/id/977262"
                },
                {
                    "name": "Condena",
                    "length": "04:07",
                    "url": "https://www.metal-archives.com/release/ajax-view-lyrics/id/977263"
                },
                {
                    "name": "Olvido",
                    "length": "04:37",
                    "url": "https://www.metal-archives.com/release/ajax-view-lyrics/id/977264"
                }
            ],
            "song_names": [
                "Hechizo",
                "Cerrar los ojos",
                "La \u00faltima sinfon\u00eda del coraz\u00f3n",
                "Tormento",
                "Sereno infierno",
                "Abismo",
                "Sonrisa muerta",
                "Necromancia",
                "Condena",
                "Olvido"
            ]
        },
        {
            "name": "Sin decir adi\u00f3s - Without Saying Goodbye",
            "type": "Full-length",
            "year": 2006,
            "review_num": 1,
            "review_avg": 100,
            "url": "https://www.metal-archives.com/albums/Anabanta/Sin_decir_adi%C3%B3s_-_Without_Saying_Goodbye/145483",
            "reviews_url": "https://www.metal-archives.com/reviews/Anabanta/Sin_decir_adi%C3%B3s_-_Without_Saying_Goodbye/145483/",
            "reviews": [
                {
                    "title": "Infinito y fugaz - 100%",
                    "content": "Before Anabanta split with drummer and co-founding member, Vlad Landeros and dropped the \"h\" in their name, they went by Anabantha and released many albums over the course of fifteen years. One of those is the double-language feature Sin decir adi\u00f3s/Without Saying Goodbye; originally released as a two-disc album with both Spanish and English versions, the band later re-recorded the music in 2010, and re-released the album in two different digipak editions. If you're like me, you bought both, but if you're also like me, you pretend that Without Saying Goodbye doesn't exist because songs written in Spanish should be sung in Spanish! \n\nI first got into Anabantha ten years ago, when I listened to the band's most iconic song \"Nocturna\", which just so happens to be the third song off of this album. And it is the band's most iconic song for a reason, there's just something about the opening drum beat and vocal melody that is absolutely mesmerizing, before the rest of the instruments come in. I was instantly hooked. So when it came time for me to explore an album in its entirety, it's pretty obvious that this is where I started. From the opening riff of the first song \"Talism\u00e1n\", to the final measures of haunting singing that close \"El crep\u00fasculo\", I was hit with beautiful song after beautiful song. Just imagine my surprise and joy when I finally bought the album and received three more songs than I had anticipated.\n\nI don't think many of you will understand my love for this band, Anabantha has become a staple in my musical library. It's not the most complex music, in fact it's actually quite of simple, and maybe a bit twee, to the point where the formula is pretty predictable within the first few songs. Often times, there is a soaring opening guitar and keyboard riff that eventually leads into a vocally heavy verse and chorus. While listening to this album, and others in the band's catalog, it becomes very much apparent that second verses are completely optional, such is the case for songs like \"Madrugadas\", and \"Angel de hielo\". I would say that the band prioritizes hooks and memorable choruses over anything, and I think that it works here because none of the songs overstay their welcome; despite being twelve songs long, Sin decir adi\u00f3s doesn't even reach the fifty minute mark (which is strange, even for modern gothic metal bands). Of course, there are exceptions to the formula rule, like \"D\u00e9j\u00e0 vu\", \"Desaparecer\", and \"Siniestro coraz\u00f3n\", which follows traditional verse-chorus structure more closely.\n\nAnd I know that others might stick up their noses for this album's lack of material that actively \"advances the genre\", but I don't believe \"innovative\" is synonymous with \"good\". Beside, this band has a knack for writing catchy songs like nobody's business. The vocal melodies are strong, and the rhythms and the beats carried in the guitars and keyboards are driving and fun, and the voice of singer Duan Marie is absolutely beautiful. One cannot help being in awe of how effective the song writing is without being overly technical. And it's this kind of music that has garnered the band a relatively large following throughout Latin America.\n\nAnabantha typically play a cheesy, yet charming form of gothic metal, and occasionally dipping their toes in the atmospheric direction, but this album is something different. I could never place what exactly Sin decir adi\u00f3s was, genre-wise. It wasn't quite gothic-proper, and it wasn't bombastic enough to be symphonic. It wasn't until years later, that I saw that the Spanish Wikipedia page describe the album as a folk metal record, and that's when it all made sense. Though not as overt as 2011's Hermanos de sangre: El ritual, this is most definitely a symphonic folk metal album with gothic elements. Sure, the second and tenth tracks might be more in line with their usual sound, they are far outnumbered by the other songs that take on a very different identity. Many of the twelve songs feature Latin folk instrumentation (mainly living in the percussion and some of the guitar work) and in some songs, tribal chanting. The band then takes it one step further and features a Pablo Neruda poem converted into a Mexican bolero-esque orchestral song in the form of \"Poema No. 20\".\n\nAlso Included newer versions of the album is a Spanish language cover of Shocking Blue's 1968 hit, \"Never Mary a Railroad Man\", which despite being just a generally weird choice, is still a banger of a song. For those of you who are curious, the song is also included on the English version, in it's originally language, along with a truly hilariously bad French version of their song \"Para\u00edsos\" entitled \"Paradis\", that replaces \"Poema No. 20\". The English version is also just bad. My friend described it as \"drunk Within Temptation\". If you couldn't tell, I'm not a fan of the English language counterpart.\n\nSin decir adi\u00f3s is a highly enjoyable little offering, and is a milestone, not just for me (as it was my entry-level album), but also for the band, as it is their most commercially successful album (based on conjecture). It's quite a bit lighter than their usual fare, but it's a real rocker.",
                    "date": "July 11th, 2018"
                }
            ],
            "songs": [
                {
                    "name": "Talism\u00e1n",
                    "length": "04:14",
                    "url": "https://www.metal-archives.com/release/ajax-view-lyrics/id/1038949"
                },
                {
                    "name": "D\u00e9j\u00e0 vu",
                    "length": "04:59",
                    "url": "https://www.metal-archives.com/release/ajax-view-lyrics/id/1038950"
                },
                {
                    "name": "Nocturna",
                    "length": "04:02",
                    "url": "https://www.metal-archives.com/release/ajax-view-lyrics/id/1038951"
                },
                {
                    "name": "Madrugadas",
                    "length": "03:18",
                    "url": "https://www.metal-archives.com/release/ajax-view-lyrics/id/1038952"
                },
                {
                    "name": "Desaparecer",
                    "length": "03:44",
                    "url": "https://www.metal-archives.com/release/ajax-view-lyrics/id/1038953"
                },
                {
                    "name": "\u00c1ngel de hielo",
                    "length": "03:43",
                    "url": "https://www.metal-archives.com/release/ajax-view-lyrics/id/1038954"
                },
                {
                    "name": "Para\u00edsos",
                    "length": "04:02",
                    "url": "https://www.metal-archives.com/release/ajax-view-lyrics/id/1038955"
                },
                {
                    "name": "Siniestro coraz\u00f3n",
                    "length": "03:36",
                    "url": "https://www.metal-archives.com/release/ajax-view-lyrics/id/1038956"
                },
                {
                    "name": "El crep\u00fasculo",
                    "length": "03:37",
                    "url": "https://www.metal-archives.com/release/ajax-view-lyrics/id/1038957"
                }
            ],
            "song_names": [
                "Talism\u00e1n",
                "D\u00e9j\u00e0 vu",
                "Nocturna",
                "Madrugadas",
                "Desaparecer",
                "\u00c1ngel de hielo",
                "Para\u00edsos",
                "Siniestro coraz\u00f3n",
                "El crep\u00fasculo"
            ]
        },
        {
            "name": "Llanto de libertad",
            "type": "Full-length",
            "year": 2006,
            "review_num": 1,
            "review_avg": 94,
            "url": "https://www.metal-archives.com/albums/Anabanta/Llanto_de_libertad/142425",
            "reviews_url": "https://www.metal-archives.com/reviews/Anabanta/Llanto_de_libertad/142425/",
            "reviews": [
                {
                    "title": "Anabantha - Llanto de Libertad - 94%",
                    "content": "My experience with bands like Anabantha, is that they write amazing music, but they are really only known within their country and South America, which is a huge shame. I think they deserve so much more, and this album is one of ten reasons why I do.\n\nDespite the title, this album doesn't have a sound that is overpowering or over the top aggressive. 'Llanto de Libertad' (Cry of Liberty), it sounds like a driving force, but really, it doesn't have the same energy as other albums by Anabantha. For the most part, Anabantha is a gothic metal band, but here, most gothic influences are absent. It's much more ambient, atmospheric metal, and during some songs like 'Luna Confusa' & 'Frio, Silencio, & Soledad', not metal at all. Which isn't a bad thing. During a few of these tracks, they use keyboards to create a kind of far off, untouchable atmosphere in lieu of guitar or aggression. But it's still a metal album, and the majority of the songs are heavy and powerful.\n\nDuan Marie, the vocalist has an amazing voice that can be used in almost every way. She often uses a traditional vocal style, but she also does a fair amount of background 'oohs' and 'aahs' that once again, emphasize that ambient sound. Usually on an Anabantha album, drummer Vlad Landeros also does vocals, but here he doesn't do any vocal work. But despite that, I don't feel anything is actually missing. His vocals weren't necessary, they just worked well with Duan's.\n\nAll in all, this album is well written. It's much more ambient instead of gothic, and isn't as energetic as other albums by Anabantha, but the beauty more than makes up for it. Give it a listen!\n\nHighlights: Hojas Secas, Estigmas, & Sacrosancto Y Macabro",
                    "date": "August 6th, 2012"
                }
            ],
            "songs": [
                {
                    "name": "Barcos fantasmas",
                    "length": "04:46",
                    "url": "https://www.metal-archives.com/release/ajax-view-lyrics/id/1017658"
                },
                {
                    "name": "Hojas secas",
                    "length": "04:20",
                    "url": "https://www.metal-archives.com/release/ajax-view-lyrics/id/1017659"
                },
                {
                    "name": "Fr\u00edo, silencio y soledad",
                    "length": "03:43",
                    "url": "https://www.metal-archives.com/release/ajax-view-lyrics/id/1017660"
                },
                {
                    "name": "Estigmas",
                    "length": "04:32",
                    "url": "https://www.metal-archives.com/release/ajax-view-lyrics/id/1017661"
                },
                {
                    "name": "Esclavos del misterio",
                    "length": "03:50",
                    "url": "https://www.metal-archives.com/release/ajax-view-lyrics/id/1017662"
                },
                {
                    "name": "Coraz\u00f3n de l\u00e1grimas",
                    "length": "03:01",
                    "url": "https://www.metal-archives.com/release/ajax-view-lyrics/id/1017663"
                },
                {
                    "name": "\u00c1ngel dormido",
                    "length": "04:21",
                    "url": "https://www.metal-archives.com/release/ajax-view-lyrics/id/1017664"
                },
                {
                    "name": "La flor",
                    "length": "04:13",
                    "url": "https://www.metal-archives.com/release/ajax-view-lyrics/id/1017665"
                },
                {
                    "name": "Sacrosanto y macabro",
                    "length": "03:39",
                    "url": "https://www.metal-archives.com/release/ajax-view-lyrics/id/1017666"
                },
                {
                    "name": "Luna confusa",
                    "length": "05:01",
                    "url": "https://www.metal-archives.com/release/ajax-view-lyrics/id/1017667"
                }
            ],
            "song_names": [
                "Barcos fantasmas",
                "Hojas secas",
                "Fr\u00edo, silencio y soledad",
                "Estigmas",
                "Esclavos del misterio",
                "Coraz\u00f3n de l\u00e1grimas",
                "\u00c1ngel dormido",
                "La flor",
                "Sacrosanto y macabro",
                "Luna confusa"
            ]
        },
        {
            "name": "Letan\u00edas cap\u00edtulo II - La pesadilla",
            "type": "Full-length",
            "year": 2007,
            "review_num": 2,
            "review_avg": 88,
            "url": "https://www.metal-archives.com/albums/Anabanta/Letan%C3%ADas_cap%C3%ADtulo_II_-_La_pesadilla/174235",
            "reviews_url": "https://www.metal-archives.com/reviews/Anabanta/Letan%C3%ADas_cap%C3%ADtulo_II_-_La_pesadilla/174235/",
            "reviews": [
                {
                    "title": "Anabantha's Darkest Album - 97%",
                    "content": "The Mexican gothic symphonic metal group, \"Anabantha\", until 2007 usually released several full-length studio albums a year. But the re-recording of their 2003 demo with the same name \"Letanias Capitulo II\" was their only full-length of 2007. This album is about as doomy \"Anabantha\" has and will ever come, this album is a lot darker and heavier than any of their stuff before or after. Guitars are heavier and much easier to hear, and the atmosphere of the keyboards are ominous yet beautiful. The male vocals are lower and give a duller feel, and there is an addition of growls to a couple of songs. Not to mention Duan Marie pulls off some remarkable operatic vocals.\n\nThe opener \"Morador de las Tinieblas\" (Dweller of the Dark), fuses almost all of the elements stated in the previous paragraph (except clean male vocals) into a dark, doomy, epic song. This album also has \"El Fantasma de la Opera\", it's a cover of \"The Phantom of the Opera\" in spanish. The cover is pretty good, but it's not the best cover in the world, Vlad Landeros uses his husky vocals. But really, the song can use quite a bit of improvement. If you just listened to the ending of the song, you'd think the whole song must be amazing, I would never thought that Duan could do the amazing operatic finish. \n\n\"Conjuro\" (Incantation), is the sixth teack on this album, and when I first listened to this album all the way through, I thought it was a boring filler track. The beginning sounded amazingly beautiful and catchy with a majestic piano part, but when the tempo changed I didn't like it so much. But this track is also really catchy and it grew on me. Even tracks that I didn't like so much in the beginning eventually grew on me and I love this album. It is truly a work of art.\n\nHighlights: Posesion (Possession), Conjuro, Espasmos del Veneno (Spasms of the Poison), & Juramentos (Oaths)",
                    "date": "August 12th, 2011"
                },
                {
                    "title": "Not bad at all - 78%",
                    "content": "Anabantha are a gothic metal group that sing in Spanish. They play a nice mix of metal with gothic and atmospheric elements, keyboards, samples, nice melodic solos, catchy rhythms, female and brutal vocals (with mainly female ones). At times they remind me of Therion (especially when they have galloping rhythms and melodic solos) and Within Temptation (when the singer sings with high voice).\n\nThey incorporate different elements of the gothic and atmospheric scene, background vocals/choruses with multi-level male baritone choruses, whispers, galloping riffs, piano, keyboards and soprano-like singing. The band members are skilful musicians and all the songs are well constructed and easily listened. I am not very much into the gothic metal scene but it is a really interesting work, especially songs like \u201cFantasma de la Opera\u201d or \u201cPosesion\u201d where the band unfolds their musical abilities to the maximum. Also the singing, it might seem weird to somebody that the singers only sing/narrate in Spanish, but it's actually an interesting blend and gives a medieval and authentic sense to the music.\n\nMost of the songs are mid-tempo and slow although there are some fast parts (\u201cPosesion\u201d, \u201cMaleficio\u201d). A distinct characteristic of this release is that they use keyboards a lot. They are prevalent in each and every song, dare to say even more than the guitars. Keyboards play a major part in the song writing, not always atmospheric and medieval but also melodic and happy. Along with the piano and the sweet voice of Duan they make this album extremely mellow.\n\nIf you are a fun of the genre I am pretty sure that you already have this album. If not, chances are that you will like it. I do.",
                    "date": "April 16th, 2008"
                }
            ],
            "songs": [
                {
                    "name": "Morador de las tinieblas",
                    "length": "04:48",
                    "url": "https://www.metal-archives.com/release/ajax-view-lyrics/id/1237757"
                },
                {
                    "name": "Plegarias",
                    "length": "04:54",
                    "url": "https://www.metal-archives.com/release/ajax-view-lyrics/id/1237758"
                },
                {
                    "name": "Arlequ\u00edn",
                    "length": "00:51",
                    "url": "https://www.metal-archives.com/release/ajax-view-lyrics/id/1237759"
                },
                {
                    "name": "Fantasma de la \u00f3pera",
                    "length": "04:20",
                    "url": "https://www.metal-archives.com/release/ajax-view-lyrics/id/1237760"
                },
                {
                    "name": "Posesi\u00f3n",
                    "length": "05:37",
                    "url": "https://www.metal-archives.com/release/ajax-view-lyrics/id/1237761"
                },
                {
                    "name": "Conjuro",
                    "length": "03:45",
                    "url": "https://www.metal-archives.com/release/ajax-view-lyrics/id/1237762"
                },
                {
                    "name": "Espasmos del veneno",
                    "length": "05:48",
                    "url": "https://www.metal-archives.com/release/ajax-view-lyrics/id/1237763"
                },
                {
                    "name": "Maleficio",
                    "length": "04:41",
                    "url": "https://www.metal-archives.com/release/ajax-view-lyrics/id/1237764"
                },
                {
                    "name": "Crucificame",
                    "length": "04:22",
                    "url": "https://www.metal-archives.com/release/ajax-view-lyrics/id/1237765"
                },
                {
                    "name": "Juramentos",
                    "length": "05:44",
                    "url": "https://www.metal-archives.com/release/ajax-view-lyrics/id/1237766"
                }
            ],
            "song_names": [
                "Morador de las tinieblas",
                "Plegarias",
                "Arlequ\u00edn",
                "Fantasma de la \u00f3pera",
                "Posesi\u00f3n",
                "Conjuro",
                "Espasmos del veneno",
                "Maleficio",
                "Crucificame",
                "Juramentos"
            ]
        },
        {
            "name": "El pozo de los deseos",
            "type": "Full-length",
            "year": 2009,
            "review_num": 0,
            "review_avg": null,
            "url": "https://www.metal-archives.com/albums/Anabanta/El_pozo_de_los_deseos/257016",
            "reviews_url": null,
            "reviews": [],
            "songs": [
                {
                    "name": "El bosque encantado (zayum zayum)",
                    "length": "04:10",
                    "url": "https://www.metal-archives.com/release/ajax-view-lyrics/id/1808676"
                },
                {
                    "name": "Nunca jam\u00e1s",
                    "length": "04:47",
                    "url": "https://www.metal-archives.com/release/ajax-view-lyrics/id/1808677"
                },
                {
                    "name": "Gruzelda",
                    "length": "04:40",
                    "url": "https://www.metal-archives.com/release/ajax-view-lyrics/id/1808678"
                },
                {
                    "name": "El vals de las hadas",
                    "length": "03:39",
                    "url": "https://www.metal-archives.com/release/ajax-view-lyrics/id/1808679"
                },
                {
                    "name": "Mil y una noches",
                    "length": "04:26",
                    "url": "https://www.metal-archives.com/release/ajax-view-lyrics/id/1808680"
                },
                {
                    "name": "S.O.S.",
                    "length": "04:05",
                    "url": "https://www.metal-archives.com/release/ajax-view-lyrics/id/1808681"
                },
                {
                    "name": "El milagro",
                    "length": "04:01",
                    "url": "https://www.metal-archives.com/release/ajax-view-lyrics/id/1808682"
                },
                {
                    "name": "Banshee",
                    "length": "04:57",
                    "url": "https://www.metal-archives.com/release/ajax-view-lyrics/id/1808683"
                },
                {
                    "name": "Brazos de hurac\u00e1n",
                    "length": "04:05",
                    "url": "https://www.metal-archives.com/release/ajax-view-lyrics/id/1808684"
                },
                {
                    "name": "El pozo de los deseos",
                    "length": "05:50",
                    "url": "https://www.metal-archives.com/release/ajax-view-lyrics/id/1808685"
                }
            ],
            "song_names": [
                "El bosque encantado (zayum zayum)",
                "Nunca jam\u00e1s",
                "Gruzelda",
                "El vals de las hadas",
                "Mil y una noches",
                "S.O.S.",
                "El milagro",
                "Banshee",
                "Brazos de hurac\u00e1n",
                "El pozo de los deseos"
            ]
        },
        {
            "name": "Hermanos de sangre - La iniciaci\u00f3n",
            "type": "Full-length",
            "year": 2009,
            "review_num": 0,
            "review_avg": null,
            "url": "https://www.metal-archives.com/albums/Anabanta/Hermanos_de_sangre_-_La_iniciaci%C3%B3n/233383",
            "reviews_url": null,
            "reviews": [],
            "songs": [
                {
                    "name": "Desesperanza",
                    "length": "04:40",
                    "url": "https://www.metal-archives.com/release/ajax-view-lyrics/id/1647949"
                },
                {
                    "name": "Bruja",
                    "length": "04:25",
                    "url": "https://www.metal-archives.com/release/ajax-view-lyrics/id/1647950"
                },
                {
                    "name": "El infierno de tus ojos",
                    "length": "03:37",
                    "url": "https://www.metal-archives.com/release/ajax-view-lyrics/id/1647951"
                },
                {
                    "name": "El resguardo",
                    "length": "03:39",
                    "url": "https://www.metal-archives.com/release/ajax-view-lyrics/id/1647952"
                },
                {
                    "name": "El ed\u00e9n de mis sue\u00f1os",
                    "length": "03:35",
                    "url": "https://www.metal-archives.com/release/ajax-view-lyrics/id/1647953"
                },
                {
                    "name": "Escapar\u00e9 de tus recuerdos",
                    "length": "05:16",
                    "url": "https://www.metal-archives.com/release/ajax-view-lyrics/id/1647954"
                },
                {
                    "name": "Peque\u00f1o guerrero",
                    "length": "03:36",
                    "url": "https://www.metal-archives.com/release/ajax-view-lyrics/id/1647955"
                },
                {
                    "name": "Sendero nocturno",
                    "length": "04:03",
                    "url": "https://www.metal-archives.com/release/ajax-view-lyrics/id/1647956"
                },
                {
                    "name": "Dando la cara al abismo",
                    "length": "05:53",
                    "url": "https://www.metal-archives.com/release/ajax-view-lyrics/id/1647957"
                }
            ],
            "song_names": [
                "Desesperanza",
                "Bruja",
                "El infierno de tus ojos",
                "El resguardo",
                "El ed\u00e9n de mis sue\u00f1os",
                "Escapar\u00e9 de tus recuerdos",
                "Peque\u00f1o guerrero",
                "Sendero nocturno",
                "Dando la cara al abismo"
            ]
        },
        {
            "name": "Sin decir adi\u00f3s",
            "type": "Full-length",
            "year": 2010,
            "review_num": 1,
            "review_avg": 100,
            "url": "https://www.metal-archives.com/albums/Anabanta/Sin_decir_adi%C3%B3s/430398",
            "reviews_url": "https://www.metal-archives.com/reviews/Anabanta/Sin_decir_adi%C3%B3s/430398/",
            "reviews": [
                {
                    "title": "Infinito y fugaz - 100%",
                    "content": "Before Anabanta split with drummer and co-founding member, Vlad Landeros and dropped the \"h\" in their name, they went by Anabantha and released many albums over the course of fifteen years. One of those is the double-language feature Sin decir adi\u00f3s/Without Saying Goodbye; originally released as a two-disc album with both Spanish and English versions, the band later re-recorded the music in 2010, and re-released the album in two different digipak editions. If you're like me, you bought both, but if you're also like me, you pretend that Without Saying Goodbye doesn't exist because songs written in Spanish should be sung in Spanish! \n\nI first got into Anabantha ten years ago, when I listened to the band's most iconic song \"Nocturna\", which just so happens to be the third song off of this album. And it is the band's most iconic song for a reason, there's just something about the opening drum beat and vocal melody that is absolutely mesmerizing, before the rest of the instruments come in. I was instantly hooked. So when it came time for me to explore an album in its entirety, it's pretty obvious that this is where I started. From the opening riff of the first song \"Talism\u00e1n\", to the final measures of haunting singing that close \"El crep\u00fasculo\", I was hit with beautiful song after beautiful song. Just imagine my surprise and joy when I finally bought the album and received three more songs than I had anticipated.\n\nI don't think many of you will understand my love for this band, Anabantha has become a staple in my musical library. It's not the most complex music, in fact it's actually quite of simple, and maybe a bit twee, to the point where the formula is pretty predictable within the first few songs. Often times, there is a soaring opening guitar and keyboard riff that eventually leads into a vocally heavy verse and chorus. While listening to this album, and others in the band's catalog, it becomes very much apparent that second verses are completely optional, such is the case for songs like \"Madrugadas\", and \"Angel de hielo\". I would say that the band prioritizes hooks and memorable choruses over anything, and I think that it works here because none of the songs overstay their welcome; despite being twelve songs long, Sin decir adi\u00f3s doesn't even reach the fifty minute mark (which is strange, even for modern gothic metal bands). Of course, there are exceptions to the formula rule, like \"D\u00e9j\u00e0 vu\", \"Desaparecer\", and \"Siniestro coraz\u00f3n\", which follows traditional verse-chorus structure more closely.\n\nAnd I know that others might stick up their noses for this album's lack of material that actively \"advances the genre\", but I don't believe \"innovative\" is synonymous with \"good\". Beside, this band has a knack for writing catchy songs like nobody's business. The vocal melodies are strong, and the rhythms and the beats carried in the guitars and keyboards are driving and fun, and the voice of singer Duan Marie is absolutely beautiful. One cannot help being in awe of how effective the song writing is without being overly technical. And it's this kind of music that has garnered the band a relatively large following throughout Latin America.\n\nAnabantha typically play a cheesy, yet charming form of gothic metal, and occasionally dipping their toes in the atmospheric direction, but this album is something different. I could never place what exactly Sin decir adi\u00f3s was, genre-wise. It wasn't quite gothic-proper, and it wasn't bombastic enough to be symphonic. It wasn't until years later, that I saw that the Spanish Wikipedia page describe the album as a folk metal record, and that's when it all made sense. Though not as overt as 2011's Hermanos de sangre: El ritual, this is most definitely a symphonic folk metal album with gothic elements. Sure, the second and tenth tracks might be more in line with their usual sound, they are far outnumbered by the other songs that take on a very different identity. Many of the twelve songs feature Latin folk instrumentation (mainly living in the percussion and some of the guitar work) and in some songs, tribal chanting. The band then takes it one step further and features a Pablo Neruda poem converted into a Mexican bolero-esque orchestral song in the form of \"Poema No. 20\".\n\nAlso Included newer versions of the album is a Spanish language cover of Shocking Blue's 1968 hit, \"Never Mary a Railroad Man\", which despite being just a generally weird choice, is still a banger of a song. For those of you who are curious, the song is also included on the English version, in it's originally language, along with a truly hilariously bad French version of their song \"Para\u00edsos\" entitled \"Paradis\", that replaces \"Poema No. 20\". The English version is also just bad. My friend described it as \"drunk Within Temptation\". If you couldn't tell, I'm not a fan of the English language counterpart.\n\nSin decir adi\u00f3s is a highly enjoyable little offering, and is a milestone, not just for me (as it was my entry-level album), but also for the band, as it is their most commercially successful album (based on conjecture). It's quite a bit lighter than their usual fare, but it's a real rocker.",
                    "date": "July 11th, 2018"
                }
            ],
            "songs": [
                {
                    "name": "Talism\u00e1n",
                    "length": "04:15",
                    "url": "https://www.metal-archives.com/release/ajax-view-lyrics/id/2968618"
                },
                {
                    "name": "D\u00e9j\u00e0 vu",
                    "length": "05:00",
                    "url": "https://www.metal-archives.com/release/ajax-view-lyrics/id/2968619"
                },
                {
                    "name": "Nocturna",
                    "length": "03:58",
                    "url": "https://www.metal-archives.com/release/ajax-view-lyrics/id/2968620"
                },
                {
                    "name": "Madrugadas",
                    "length": "03:16",
                    "url": "https://www.metal-archives.com/release/ajax-view-lyrics/id/2968621"
                },
                {
                    "name": "Desaparecer",
                    "length": "03:40",
                    "url": "https://www.metal-archives.com/release/ajax-view-lyrics/id/2968622"
                },
                {
                    "name": "\u00c1ngel de hielo",
                    "length": "03:40",
                    "url": "https://www.metal-archives.com/release/ajax-view-lyrics/id/2968623"
                },
                {
                    "name": "Para\u00edsos",
                    "length": "04:00",
                    "url": "https://www.metal-archives.com/release/ajax-view-lyrics/id/2968624"
                },
                {
                    "name": "Siniestro coraz\u00f3n",
                    "length": "03:34",
                    "url": "https://www.metal-archives.com/release/ajax-view-lyrics/id/2968625"
                },
                {
                    "name": "Nunca te cases con un ferrocarrilero (Shocking Blue cover)",
                    "length": "02:54",
                    "url": "https://www.metal-archives.com/release/ajax-view-lyrics/id/2968626"
                },
                {
                    "name": "El crep\u00fasculo",
                    "length": "03:37",
                    "url": "https://www.metal-archives.com/release/ajax-view-lyrics/id/2968627"
                },
                {
                    "name": "Poema No. 20",
                    "length": "04:15",
                    "url": "https://www.metal-archives.com/release/ajax-view-lyrics/id/2968628"
                },
                {
                    "name": "Cuervos y buitres",
                    "length": "03:43",
                    "url": "https://www.metal-archives.com/release/ajax-view-lyrics/id/2968629"
                }
            ],
            "song_names": [
                "Talism\u00e1n",
                "D\u00e9j\u00e0 vu",
                "Nocturna",
                "Madrugadas",
                "Desaparecer",
                "\u00c1ngel de hielo",
                "Para\u00edsos",
                "Siniestro coraz\u00f3n",
                "Nunca te cases con un ferrocarrilero (Shocking Blue cover)",
                "El crep\u00fasculo",
                "Poema No. 20",
                "Cuervos y buitres"
            ]
        },
        {
            "name": "Without Saying Goodbye",
            "type": "Full-length",
            "year": 2010,
            "review_num": 1,
            "review_avg": 100,
            "url": "https://www.metal-archives.com/albums/Anabanta/Without_Saying_Goodbye/430402",
            "reviews_url": "https://www.metal-archives.com/reviews/Anabanta/Without_Saying_Goodbye/430402/",
            "reviews": [
                {
                    "title": "Infinito y fugaz - 100%",
                    "content": "Before Anabanta split with drummer and co-founding member, Vlad Landeros and dropped the \"h\" in their name, they went by Anabantha and released many albums over the course of fifteen years. One of those is the double-language feature Sin decir adi\u00f3s/Without Saying Goodbye; originally released as a two-disc album with both Spanish and English versions, the band later re-recorded the music in 2010, and re-released the album in two different digipak editions. If you're like me, you bought both, but if you're also like me, you pretend that Without Saying Goodbye doesn't exist because songs written in Spanish should be sung in Spanish! \n\nI first got into Anabantha ten years ago, when I listened to the band's most iconic song \"Nocturna\", which just so happens to be the third song off of this album. And it is the band's most iconic song for a reason, there's just something about the opening drum beat and vocal melody that is absolutely mesmerizing, before the rest of the instruments come in. I was instantly hooked. So when it came time for me to explore an album in its entirety, it's pretty obvious that this is where I started. From the opening riff of the first song \"Talism\u00e1n\", to the final measures of haunting singing that close \"El crep\u00fasculo\", I was hit with beautiful song after beautiful song. Just imagine my surprise and joy when I finally bought the album and received three more songs than I had anticipated.\n\nI don't think many of you will understand my love for this band, Anabantha has become a staple in my musical library. It's not the most complex music, in fact it's actually quite of simple, and maybe a bit twee, to the point where the formula is pretty predictable within the first few songs. Often times, there is a soaring opening guitar and keyboard riff that eventually leads into a vocally heavy verse and chorus. While listening to this album, and others in the band's catalog, it becomes very much apparent that second verses are completely optional, such is the case for songs like \"Madrugadas\", and \"Angel de hielo\". I would say that the band prioritizes hooks and memorable choruses over anything, and I think that it works here because none of the songs overstay their welcome; despite being twelve songs long, Sin decir adi\u00f3s doesn't even reach the fifty minute mark (which is strange, even for modern gothic metal bands). Of course, there are exceptions to the formula rule, like \"D\u00e9j\u00e0 vu\", \"Desaparecer\", and \"Siniestro coraz\u00f3n\", which follows traditional verse-chorus structure more closely.\n\nAnd I know that others might stick up their noses for this album's lack of material that actively \"advances the genre\", but I don't believe \"innovative\" is synonymous with \"good\". Beside, this band has a knack for writing catchy songs like nobody's business. The vocal melodies are strong, and the rhythms and the beats carried in the guitars and keyboards are driving and fun, and the voice of singer Duan Marie is absolutely beautiful. One cannot help being in awe of how effective the song writing is without being overly technical. And it's this kind of music that has garnered the band a relatively large following throughout Latin America.\n\nAnabantha typically play a cheesy, yet charming form of gothic metal, and occasionally dipping their toes in the atmospheric direction, but this album is something different. I could never place what exactly Sin decir adi\u00f3s was, genre-wise. It wasn't quite gothic-proper, and it wasn't bombastic enough to be symphonic. It wasn't until years later, that I saw that the Spanish Wikipedia page describe the album as a folk metal record, and that's when it all made sense. Though not as overt as 2011's Hermanos de sangre: El ritual, this is most definitely a symphonic folk metal album with gothic elements. Sure, the second and tenth tracks might be more in line with their usual sound, they are far outnumbered by the other songs that take on a very different identity. Many of the twelve songs feature Latin folk instrumentation (mainly living in the percussion and some of the guitar work) and in some songs, tribal chanting. The band then takes it one step further and features a Pablo Neruda poem converted into a Mexican bolero-esque orchestral song in the form of \"Poema No. 20\".\n\nAlso Included newer versions of the album is a Spanish language cover of Shocking Blue's 1968 hit, \"Never Mary a Railroad Man\", which despite being just a generally weird choice, is still a banger of a song. For those of you who are curious, the song is also included on the English version, in it's originally language, along with a truly hilariously bad French version of their song \"Para\u00edsos\" entitled \"Paradis\", that replaces \"Poema No. 20\". The English version is also just bad. My friend described it as \"drunk Within Temptation\". If you couldn't tell, I'm not a fan of the English language counterpart.\n\nSin decir adi\u00f3s is a highly enjoyable little offering, and is a milestone, not just for me (as it was my entry-level album), but also for the band, as it is their most commercially successful album (based on conjecture). It's quite a bit lighter than their usual fare, but it's a real rocker.",
                    "date": "July 11th, 2018"
                }
            ],
            "songs": [
                {
                    "name": "Talisman",
                    "length": "04:15",
                    "url": "https://www.metal-archives.com/release/ajax-view-lyrics/id/2968640"
                },
                {
                    "name": "D\u00e9j\u00e0 vous",
                    "length": "04:57",
                    "url": "https://www.metal-archives.com/release/ajax-view-lyrics/id/2968641"
                },
                {
                    "name": "Nocturne",
                    "length": "03:58",
                    "url": "https://www.metal-archives.com/release/ajax-view-lyrics/id/2968642"
                },
                {
                    "name": "Daybreak Without You",
                    "length": "03:19",
                    "url": "https://www.metal-archives.com/release/ajax-view-lyrics/id/2968643"
                },
                {
                    "name": "Disappear",
                    "length": "03:44",
                    "url": "https://www.metal-archives.com/release/ajax-view-lyrics/id/2968644"
                },
                {
                    "name": "Angel of Ice",
                    "length": "03:44",
                    "url": "https://www.metal-archives.com/release/ajax-view-lyrics/id/2968645"
                },
                {
                    "name": "Paradise",
                    "length": "04:02",
                    "url": "https://www.metal-archives.com/release/ajax-view-lyrics/id/2968646"
                },
                {
                    "name": "Sinister Heart",
                    "length": "03:37",
                    "url": "https://www.metal-archives.com/release/ajax-view-lyrics/id/2968647"
                },
                {
                    "name": "Never Marry a Railroad Man (Shocking Blue cover)",
                    "length": "02:54",
                    "url": "https://www.metal-archives.com/release/ajax-view-lyrics/id/2968648"
                },
                {
                    "name": "Twilight",
                    "length": "03:39",
                    "url": "https://www.metal-archives.com/release/ajax-view-lyrics/id/2968649"
                },
                {
                    "name": "Ravens and Vultures",
                    "length": "03:43",
                    "url": "https://www.metal-archives.com/release/ajax-view-lyrics/id/2968650"
                },
                {
                    "name": "Paradis",
                    "length": "04:02",
                    "url": null
                }
            ],
            "song_names": [
                "Talisman",
                "D\u00e9j\u00e0 vous",
                "Nocturne",
                "Daybreak Without You",
                "Disappear",
                "Angel of Ice",
                "Paradise",
                "Sinister Heart",
                "Never Marry a Railroad Man (Shocking Blue cover)",
                "Twilight",
                "Ravens and Vultures",
                "Paradis"
            ]
        },
        {
            "name": "Hermanos de sangre - El ritual",
            "type": "Full-length",
            "year": 2011,
            "review_num": 1,
            "review_avg": 82,
            "url": "https://www.metal-archives.com/albums/Anabanta/Hermanos_de_sangre_-_El_ritual/312994",
            "reviews_url": "https://www.metal-archives.com/reviews/Anabanta/Hermanos_de_sangre_-_El_ritual/312994/",
            "reviews": [
                {
                    "title": "Another Solid Anabantha Release - 82%",
                    "content": "Is it possible for this band to not release a good album? Anyways, Mexican gothic metal band \"Anabantha\" released their second installment of \"Hermanos de Sangre\" (Blood Brothers) in 2011, this time with the title \"El Ritual\" (The Ritual). There are a few flaws in this album, but as the album goes by they seem to fix themselves. One of these problems, and probably the biggest one is sour sounding vocals. Duan Marie starts this album with what I call \"sour vocals\", annoying high pitched vocals that may sound nasally, but as the album goes along her singing clears up, and becomes nice to listen to.\n\n\"Anabantha\" has changed their style a bit for this album. The usual atmospheric orchestral keyboards have been replaced on some tracks an actual violin that sounds very nice with the vocals and instruments. Then on other tracks the keyboards are replaced with an organ, and so on most tracks the keyboards are pushed way back where as before they carried the melody. The guitars are at times more audible than before and at times not so much, but they are always there, and they give a backbone to all the other sounds. \n\nMost of the lyrics, I believe were not written by the band, but by fans who sent in poetry to be used as lyrics. Though they are not written by the band, the lyrics still capture the themes of love, death, and sadness quite nicely. \n\nMost of the tracks on this album are mid to mid-fast tempo and exciting (\"El Espejo\" (The Mirror), and \"El Frio encuentro\" (Encounter the Cold) are the exceptions), but the opener \"El Santo Grial\" (The Holy Grail) is just a boring filler track, which I guess is good because the more you listen the better the album gets (it lowers the bar). \"Melancolico\" (Melancholic) is a song that is softer but not any less exciting, it's really pretty and has hardly any sour vocals. But my favorite track on the album is the fifth track \"Ixquic Imago\", it starts of with flute that plays a very catchy intro until the guitars and vocals come in. The song is just very pretty and catchy with occasional flute interludes.\n\nOverall this is a great album and I feel that \"Anabantha\" should be better known because they are so good, they never fail to impress.\n\nHighlights: La Sombra (The Shadow), Melancolico, El Presagio (The Omen), and Ixquic Imago",
                    "date": "August 1st, 2011"
                }
            ],
            "songs": [
                {
                    "name": "El Santo Grial",
                    "length": "03:56",
                    "url": "https://www.metal-archives.com/release/ajax-view-lyrics/id/2190736"
                },
                {
                    "name": "La sombra",
                    "length": "03:21",
                    "url": "https://www.metal-archives.com/release/ajax-view-lyrics/id/2190737"
                },
                {
                    "name": "Melanc\u00f3lico",
                    "length": "04:06",
                    "url": "https://www.metal-archives.com/release/ajax-view-lyrics/id/2190738"
                },
                {
                    "name": "El presagio",
                    "length": "03:56",
                    "url": "https://www.metal-archives.com/release/ajax-view-lyrics/id/2190739"
                },
                {
                    "name": "Ixquic Imago",
                    "length": "03:50",
                    "url": "https://www.metal-archives.com/release/ajax-view-lyrics/id/2190740"
                },
                {
                    "name": "El espejo",
                    "length": "02:55",
                    "url": "https://www.metal-archives.com/release/ajax-view-lyrics/id/2190741"
                },
                {
                    "name": "Fragmento de soledad",
                    "length": "04:33",
                    "url": "https://www.metal-archives.com/release/ajax-view-lyrics/id/2190742"
                },
                {
                    "name": "La amada espera de un suicidio",
                    "length": "04:33",
                    "url": "https://www.metal-archives.com/release/ajax-view-lyrics/id/2190743"
                },
                {
                    "name": "Agon\u00eda",
                    "length": "04:29",
                    "url": "https://www.metal-archives.com/release/ajax-view-lyrics/id/2190744"
                },
                {
                    "name": "El fr\u00edo encuentro",
                    "length": "03:57",
                    "url": "https://www.metal-archives.com/release/ajax-view-lyrics/id/2190745"
                }
            ],
            "song_names": [
                "El Santo Grial",
                "La sombra",
                "Melanc\u00f3lico",
                "El presagio",
                "Ixquic Imago",
                "El espejo",
                "Fragmento de soledad",
                "La amada espera de un suicidio",
                "Agon\u00eda",
                "El fr\u00edo encuentro"
            ]
        },
        {
            "name": "XV",
            "type": "Full-length",
            "year": 2012,
            "review_num": 0,
            "review_avg": null,
            "url": "https://www.metal-archives.com/albums/Anabanta/XV/342966",
            "reviews_url": null,
            "reviews": [],
            "songs": [
                {
                    "name": "Vampiro",
                    "length": "03:15",
                    "url": "https://www.metal-archives.com/release/ajax-view-lyrics/id/2391897"
                },
                {
                    "name": "Historia de terror",
                    "length": "03:56",
                    "url": "https://www.metal-archives.com/release/ajax-view-lyrics/id/2391898"
                },
                {
                    "name": "D\u00e9j\u00e0 vu",
                    "length": "04:58",
                    "url": "https://www.metal-archives.com/release/ajax-view-lyrics/id/2391899"
                },
                {
                    "name": "Sonrisa muerta",
                    "length": "03:47",
                    "url": "https://www.metal-archives.com/release/ajax-view-lyrics/id/2391900"
                },
                {
                    "name": "Sangre",
                    "length": "03:52",
                    "url": "https://www.metal-archives.com/release/ajax-view-lyrics/id/2391901"
                },
                {
                    "name": "Eres t\u00fa",
                    "length": "05:33",
                    "url": "https://www.metal-archives.com/release/ajax-view-lyrics/id/2391902"
                },
                {
                    "name": "Nocturna",
                    "length": "03:56",
                    "url": "https://www.metal-archives.com/release/ajax-view-lyrics/id/2391903"
                },
                {
                    "name": "Poema No. 20",
                    "length": "04:11",
                    "url": "https://www.metal-archives.com/release/ajax-view-lyrics/id/2391904"
                },
                {
                    "name": "El infierno de tus ojos",
                    "length": "03:39",
                    "url": "https://www.metal-archives.com/release/ajax-view-lyrics/id/2391905"
                },
                {
                    "name": "La sombra",
                    "length": "03:24",
                    "url": "https://www.metal-archives.com/release/ajax-view-lyrics/id/2391906"
                },
                {
                    "name": "Estigmas",
                    "length": "04:20",
                    "url": "https://www.metal-archives.com/release/ajax-view-lyrics/id/2391907"
                },
                {
                    "name": "Brazos de hurac\u00e1n",
                    "length": "04:17",
                    "url": "https://www.metal-archives.com/release/ajax-view-lyrics/id/2391908"
                },
                {
                    "name": "El platillo predilecto",
                    "length": "04:52",
                    "url": "https://www.metal-archives.com/release/ajax-view-lyrics/id/2391909"
                },
                {
                    "name": "El morador de las tinieblas",
                    "length": "04:50",
                    "url": "https://www.metal-archives.com/release/ajax-view-lyrics/id/2391910"
                },
                {
                    "name": "El altar de las pasiones desoladoras",
                    "length": "04:41",
                    "url": "https://www.metal-archives.com/release/ajax-view-lyrics/id/2391911"
                }
            ],
            "song_names": [
                "Vampiro",
                "Historia de terror",
                "D\u00e9j\u00e0 vu",
                "Sonrisa muerta",
                "Sangre",
                "Eres t\u00fa",
                "Nocturna",
                "Poema No. 20",
                "El infierno de tus ojos",
                "La sombra",
                "Estigmas",
                "Brazos de hurac\u00e1n",
                "El platillo predilecto",
                "El morador de las tinieblas",
                "El altar de las pasiones desoladoras"
            ]
        },
        {
            "name": "Acustico - Antologia de los suspiros Vol. 1",
            "type": "Full-length",
            "year": 2013,
            "review_num": 0,
            "review_avg": null,
            "url": "https://www.metal-archives.com/albums/Anabanta/Acustico_-_Antologia_de_los_suspiros_Vol._1/783936",
            "reviews_url": null,
            "reviews": [],
            "songs": [
                {
                    "name": "Desaparecer",
                    "length": "03:47",
                    "url": null
                },
                {
                    "name": "Barcos fantasmas",
                    "length": "03:30",
                    "url": null
                },
                {
                    "name": "El pozo de los deseos",
                    "length": "02:18",
                    "url": null
                },
                {
                    "name": "Deja-vu",
                    "length": "04:58",
                    "url": null
                },
                {
                    "name": "La flor",
                    "length": "05:50",
                    "url": null
                },
                {
                    "name": "El crepusculo",
                    "length": "03:44",
                    "url": null
                },
                {
                    "name": "Manantial",
                    "length": "05:07",
                    "url": null
                },
                {
                    "name": "Tu me matas",
                    "length": "03:19",
                    "url": null
                },
                {
                    "name": "Agua sexual (en vivo)",
                    "length": "03:16",
                    "url": null
                },
                {
                    "name": "Estigmas (en vivo)",
                    "length": "04:12",
                    "url": null
                }
            ],
            "song_names": [
                "Desaparecer",
                "Barcos fantasmas",
                "El pozo de los deseos",
                "Deja-vu",
                "La flor",
                "El crepusculo",
                "Manantial",
                "Tu me matas",
                "Agua sexual (en vivo)",
                "Estigmas (en vivo)"
            ]
        },
        {
            "name": "Letan\u00edas cap\u00edtulo IV",
            "type": "Full-length",
            "year": 2013,
            "review_num": 1,
            "review_avg": 87,
            "url": "https://www.metal-archives.com/albums/Anabanta/Letan%C3%ADas_cap%C3%ADtulo_IV/370255",
            "reviews_url": "https://www.metal-archives.com/reviews/Anabanta/Letan%C3%ADas_cap%C3%ADtulo_IV/370255/",
            "reviews": [
                {
                    "title": "As\u00ed todo acab\u00f3 so\u00f1ando... - 87%",
                    "content": "Mexican gothic metal outfit Anabantha were always understood to be first and foremost a collaboration between founding members Vlad Landeros (drums, guitar, keyboards, and vocals) and Duan Marie (vocals). Together, they spent seventeen years writing and recording a plethora of demos and full-length records that garnered them success in the Latin American metal scene. But in 2014 it was announced that Landeros would be splitting from the rest of the band, leaving Marie as band leader. Based on interviews that followed, I gather that the departure was less than amicable. Letan\u00edas cap\u00edtulo IV was the second to last album released by that incarnation of the band, and though I never saw the separation coming, listening to this album again years after the fact reaffirms to me what I originally thought of it in 2013. That being that there was a disconnect between the direction of the songwriting (mainly by Vlad Landeros), and Duan Marie's lead vocals.\n\nNot to say that this record is bad because I clearly like this album a lot, but there was a period where I considered this to be the band's weakest full-length effort. That is not an opinion that I hold anymore. I now see what the band does right with the fifth installment of their Letan\u00edas... series, but there are some less than great things throughout as well.\n\nIf you've ever heard Anabantha's music before you know exactly what you're getting into: high energy, simply structured music that is geared towards hooks, heavy riffing, tinkling keyboard melodies, and soaring vocals. Though some aspects -- like folk instrumentation, or how dark the music is at any given point -- are subject to change, the formula is set in stone. And Letan\u00edas cap\u00edtulo IV is no exception to that rule. The fact that after more than ten albums the sound hasn't gotten stale is already a testament to the band's songwriting prowess, and following the two-minute instrumental intro track, this is an album full of ear worms. \n\nIn some instances the oversimplification of the formula can leave the music sounding underdeveloped or underplayed, \"\u00c1ngel infiel\" is a testament to that, but overall the melodies are strong and unrelentingly catchy. This record also features quite a bit of harsh vocals, which isn't something that the band hasn't experimented with before, but it's usually pretty rare. They're not masterfully delivered, but the effect is what really matters and it compliments the atmosphere and the lead vocals quite nicely. Besides, Anabantha were never a band to shy away from their own cheesiness. I understand if the plastic-y keyboard melodies or overly dramatic \"spooky voices\" yelling out \"Nosferatu!\" are too goofy for you (it is kind of laughable), but to me it's part of the charm. Every note is in the right place at the right time, and despite the short run-time there is a sense of completion that is rivaled by no other.\n\nSo if on paper the formula is more or less unchanged, wherefore then comes this awkward disconnect? Well, there is one stylistic choice that throws the rest of the music out of orbit. This album plays out more like traditional heavy metal with the symphonic and atmospheric elements layered on top of it. The guitar work is really heavy, there's a lot of emphasis on the low end, and there's an added groove to the sound that didn't quite exist in the band's previous stuff. The vocal melodies are tailored to this groove, but for some reason Duan Marie can't quite sell it. Not to mention that the production on this record makes everything sound kind of hollow and empty which only emphasizes how her voice isn't as resonant as it was. So it's not necessarily that it doesn't work, but there is a vague sense of tension or incohesion.\n\nAll of this aside, Letan\u00edas cap\u00edtulo IV is a strong entry into the Anabantha catalog and an interesting look into the ultimate dissolution of an era for one of my favorite bands. I know this kind of overwrought, dark and whimsical metal isn't for everyone, but it is fun to listen to and it sticks in your head almost aggressively. It's everything I could want out of an Anabantha record.",
                    "date": "May 21st, 2019"
                }
            ],
            "songs": [
                {
                    "name": "Llanto de un \u00e1ngel",
                    "length": "02:10",
                    "url": "https://www.metal-archives.com/release/ajax-view-lyrics/id/2573393"
                },
                {
                    "name": "\u00c1ngel infiel",
                    "length": "03:58",
                    "url": "https://www.metal-archives.com/release/ajax-view-lyrics/id/2573394"
                },
                {
                    "name": "La melod\u00eda de la noche",
                    "length": "04:47",
                    "url": "https://www.metal-archives.com/release/ajax-view-lyrics/id/2573395"
                },
                {
                    "name": "El diablo",
                    "length": "04:14",
                    "url": "https://www.metal-archives.com/release/ajax-view-lyrics/id/2573396"
                },
                {
                    "name": "El exquisito horror",
                    "length": "04:25",
                    "url": "https://www.metal-archives.com/release/ajax-view-lyrics/id/2573397"
                },
                {
                    "name": "Exorcismo",
                    "length": "03:35",
                    "url": "https://www.metal-archives.com/release/ajax-view-lyrics/id/2573398"
                },
                {
                    "name": "Destino",
                    "length": "03:50",
                    "url": "https://www.metal-archives.com/release/ajax-view-lyrics/id/2573399"
                },
                {
                    "name": "Nosferatu",
                    "length": "03:10",
                    "url": "https://www.metal-archives.com/release/ajax-view-lyrics/id/2573400"
                },
                {
                    "name": "M\u00e1rtir de tus penas",
                    "length": "03:57",
                    "url": "https://www.metal-archives.com/release/ajax-view-lyrics/id/2573401"
                },
                {
                    "name": "Exorcismo en concierto!!!",
                    "length": "03:53",
                    "url": "https://www.metal-archives.com/release/ajax-view-lyrics/id/4979539"
                },
                {
                    "name": "Nosferatu en concierto!!!",
                    "length": "03:07",
                    "url": "https://www.metal-archives.com/release/ajax-view-lyrics/id/4979540"
                }
            ],
            "song_names": [
                "Llanto de un \u00e1ngel",
                "\u00c1ngel infiel",
                "La melod\u00eda de la noche",
                "El diablo",
                "El exquisito horror",
                "Exorcismo",
                "Destino",
                "Nosferatu",
                "M\u00e1rtir de tus penas",
                "Exorcismo en concierto!!!",
                "Nosferatu en concierto!!!"
            ]
        },
        {
            "name": "Desideratha",
            "type": "Full-length",
            "year": 2013,
            "review_num": 0,
            "review_avg": null,
            "url": "https://www.metal-archives.com/albums/Anabanta/Desideratha/383716",
            "reviews_url": null,
            "reviews": [],
            "songs": [
                {
                    "name": "El trinar de tus latidos",
                    "length": "03:58",
                    "url": "https://www.metal-archives.com/release/ajax-view-lyrics/id/2661509"
                },
                {
                    "name": "D\u00edas de amargura",
                    "length": "04:41",
                    "url": "https://www.metal-archives.com/release/ajax-view-lyrics/id/2661510"
                },
                {
                    "name": "En la niebla",
                    "length": "04:40",
                    "url": "https://www.metal-archives.com/release/ajax-view-lyrics/id/2661511"
                },
                {
                    "name": "El laberinto",
                    "length": "04:11",
                    "url": "https://www.metal-archives.com/release/ajax-view-lyrics/id/2661512"
                },
                {
                    "name": "El perfume siniestro",
                    "length": "04:30",
                    "url": "https://www.metal-archives.com/release/ajax-view-lyrics/id/2661513"
                },
                {
                    "name": "La danza de la muerte",
                    "length": "04:46",
                    "url": "https://www.metal-archives.com/release/ajax-view-lyrics/id/2661514"
                },
                {
                    "name": "La luz en el faro",
                    "length": "05:19",
                    "url": "https://www.metal-archives.com/release/ajax-view-lyrics/id/2661515"
                },
                {
                    "name": "Tejiendo sue\u00f1os en la tempestad",
                    "length": "04:08",
                    "url": "https://www.metal-archives.com/release/ajax-view-lyrics/id/2661516"
                },
                {
                    "name": "Lluvia de oro",
                    "length": "03:34",
                    "url": "https://www.metal-archives.com/release/ajax-view-lyrics/id/2661517"
                }
            ],
            "song_names": [
                "El trinar de tus latidos",
                "D\u00edas de amargura",
                "En la niebla",
                "El laberinto",
                "El perfume siniestro",
                "La danza de la muerte",
                "La luz en el faro",
                "Tejiendo sue\u00f1os en la tempestad",
                "Lluvia de oro"
            ]
        },
        {
            "name": "Ecos del amanecer",
            "type": "Full-length",
            "year": 2018,
            "review_num": 0,
            "review_avg": null,
            "url": "https://www.metal-archives.com/albums/Anabanta/Ecos_del_amanecer/774782",
            "reviews_url": null,
            "reviews": [],
            "songs": [
                {
                    "name": "Diente de le\u00f3n",
                    "length": "05:19",
                    "url": "https://www.metal-archives.com/release/ajax-view-lyrics/id/4921315"
                },
                {
                    "name": "Instantes",
                    "length": "03:50",
                    "url": "https://www.metal-archives.com/release/ajax-view-lyrics/id/4921316"
                },
                {
                    "name": "Como un volc\u00e1n",
                    "length": "03:44",
                    "url": "https://www.metal-archives.com/release/ajax-view-lyrics/id/4921317"
                },
                {
                    "name": "Estrella fugaz",
                    "length": "04:08",
                    "url": "https://www.metal-archives.com/release/ajax-view-lyrics/id/4921318"
                },
                {
                    "name": "El misterio del amor",
                    "length": "04:56",
                    "url": "https://www.metal-archives.com/release/ajax-view-lyrics/id/4921319"
                },
                {
                    "name": "M\u00e1s all\u00e1 de los sue\u00f1os",
                    "length": "04:54",
                    "url": "https://www.metal-archives.com/release/ajax-view-lyrics/id/4921320"
                },
                {
                    "name": "Alma sola",
                    "length": "03:34",
                    "url": "https://www.metal-archives.com/release/ajax-view-lyrics/id/4921321"
                },
                {
                    "name": "Secretos",
                    "length": "04:25",
                    "url": "https://www.metal-archives.com/release/ajax-view-lyrics/id/4921322"
                },
                {
                    "name": "Brazos de hurac\u00e1n (otra versi\u00f3n)",
                    "length": "04:05",
                    "url": "https://www.metal-archives.com/release/ajax-view-lyrics/id/4921323"
                }
            ],
            "song_names": [
                "Diente de le\u00f3n",
                "Instantes",
                "Como un volc\u00e1n",
                "Estrella fugaz",
                "El misterio del amor",
                "M\u00e1s all\u00e1 de los sue\u00f1os",
                "Alma sola",
                "Secretos",
                "Brazos de hurac\u00e1n (otra versi\u00f3n)"
            ]
        }
    ],
    "album_names": [
        "Resucitando el olvido (Tributo)",
        "Letan\u00edas cap\u00edtulo prohibido",
        "Letan\u00edas cap\u00edtulo I",
        "Letan\u00edas cap\u00edtulo III",
        "Sin decir adi\u00f3s - Without Saying Goodbye",
        "Llanto de libertad",
        "Letan\u00edas cap\u00edtulo II - La pesadilla",
        "El pozo de los deseos",
        "Hermanos de sangre - La iniciaci\u00f3n",
        "Sin decir adi\u00f3s",
        "Without Saying Goodbye",
        "Hermanos de sangre - El ritual",
        "XV",
        "Acustico - Antologia de los suspiros Vol. 1",
        "Letan\u00edas cap\u00edtulo IV",
        "Desideratha",
        "Ecos del amanecer"
    ],
    "info": {
        "Country of origin": "Mexico",
        "Location": "Mexico City",
        "Status": "Active",
        "Formed in": "2000",
        "Genre": "Gothic Metal",
        "Lyrical themes": "Darkness, Sadness, Confusion, Death",
        "Current label": "Discos y Cintas Denver",
        "Years active": "\n1997-1998 (as Sentido P\u00e9same),\n1998-2000 (as Transdellic),\n2000-2015 (as Anabantha),\n2015-present "
    }
}