{
    "name": "Angantyr",
    "id": "3987",
    "url": "https://www.metal-archives.com/bands/Angantyr/3987",
    "albums": [
        {
            "name": "Kampen forts\u00e6tter",
            "type": "Full-length",
            "year": 2000,
            "review_num": 3,
            "review_avg": 93,
            "url": "https://www.metal-archives.com/albums/Angantyr/Kampen_forts%C3%A6tter/19718",
            "reviews_url": "https://www.metal-archives.com/reviews/Angantyr/Kampen_forts%C3%A6tter/19718/",
            "reviews": [
                {
                    "title": "True Norwegian Black Metal... From Denmark! - 93%",
                    "content": "When it comes to black metal, I find it to be a thin line between poorly produced crap that sounds like it was recorded in a public toilet using a cellphone (e.g. Pure Fucking Armageddon, Transilvanian Hunger etc.) and works of art that really mesmerizes the listener with trace-like repeats (e.g. much of the early Burzum-stuff).\n\n\"Kampen Forts\u00e6tter\" is of the latter category. Rarely have I found raw black metal to be as appealing to me as on this album. While by no means easy listening, it makes up for it by creating a certain atmosphere - highly distorted guitars and monotone drums contribute to making the atmosphere on this album grim as hell).\n\nThe album starts off with the appropriately named \"Portene \u00c5bnes\" (The Gates Open), which starts with ambient keyboards, followed by very distorted guitars creating an excellent mood.\n\nThe raw and chaotic \"Stormen fra Nord\" is interesting in that it changes from a repeated, hyptonic riff (that have Key to the Gate written all over it) to a chaotic, almost Immortal-like, passage and back.\nThe track is followed by \"Landeplagen skal bort\", which is just as grim as its precedent. While containing some of the most comprehensible vocals on the album, it unfortunately also sports some boring, and at times really annoying, guitar riffs.\nTrack 4, \"Intethedens Larm\" (The Noise of Nothingness) is ambient, and is as Burzum as it gets: A keyboard lays the mood for a quiet track with nothing but the keyboard to be heard. It's beautiful and, as stated before, very hypnotizing - albeit with its 9+ minutes it may seem overly long, but then again, compare to \"Rundtg\u00e5ing av den transcendentale egenhetens st\u00f8tte\" ;-)\n\n\"I Der Kn\u00e6ler i Ynk\" starts off soft and, perhaps, a bit cheesy, but then kicks in to raw-as-hell distorted black metal in the vein of tracks like \"Burzum\" (the song) and \"Jesu D\u00f8d\". \nIt is followed by \"Da Frostvind Bl\u00e6ste\", which, apart from having a title that made me think it was off of Darkthrone's Panzerfaust album, also sounds very much like songs from said album - but, of course, with better production. However, the song changes pace midways and goes to sound more like the old Burzum - only to jump back to the Panzerfaust'ish sound. Indeed interesting.\n\nClosing off the album is my absolute favorite: \"Sidste Kapitel i en Endel\u00f8s Fort\u00e6lling\" (Last Chapter of an Endless Story). Although nothing more than the same riff repeating almost all the way through, it does exactly what separates good black metal from crap black metal: It creates an ATMOSPHERE! In this case an atmosphere of depression. Feelings that pass through me when I hear this track include: Melancholy, sadness and longing. It can still bring a tear to my eye (which, admittedly, is not something you experience much in black metal, or metal in general!)\n\nIt seems obvious that Ynleborgaz is a follower of Varg Vikernes, at least musically. Burzum influence is all over the place. The ambient \"Intethedens Larm\" can best be described as \"Dungeons of Darkness\" mixed with \"Tomhet\" (and a bit of \"Svarte Troner\"), while \"I Der Kn\u00e6ler i Ynk\" has obvious influences from the Filosofem album.\nThat is not to say, however, that Angantyr is purely the result of \"Burzumania\": Angantyr does not rip off Burzum, but rather takes some pieces in order to create more good music - with a slightly different sound. (and lyrics in another language!)\nAlso, the Darkthrone influence in notable, especially in \"Da Frostvind Bl\u00e6ste\" and \"Sidste Kapitel i en Endel\u00f8s Fort\u00e6lling\", but also present on several other tracks. There is even, as stated above, a bit of Immortal to be heard.\n\nNothing bad can be said about the instruments: The drums are good (Ynleborgaz is mainly a drummer, after all!), the guitars are distorted as all hell, the bass is... well... the bass? I haven't been able to hear any so far... The ambient keyboards on some of the tracks work excellent, while the vocals are better than Vikernes' vocals on Burzum. Having Burzum-like music with a vocal that doesn't sound so damn demented (sorry, Varg!) is really a pleasure.\n\nWith Kampen Forts\u00e6tter Ynleborgaz has seemingly taken the best from several of the best black metal artists out there in his own little experiment - an experiment that has turned out really really good.",
                    "date": "May 30th, 2008"
                },
                {
                    "title": "Beautiful, classically tinged black metal - 87%",
                    "content": "Denmark has quite a bustling and original black metal scene, yet until quite recently its virtues were only known to a few, mostly those located in Denmark itself. Thankfully labels like Total Holocaust Records are picking up on this country\u2019s great bands.\nAnd Angantyr can certainly be counted amongst the Danish greats.\n\nFrom the opening piano notes one can hear that this is not your typical amateur black metal musician. The achingly beautiful introductory piano-part, later enhanced with distant echoing guitar notes, betrays a thorough understanding of classical composition. This is further driven home by the following black metal track \u2018Stormen fra Nord\u2019 which continues the same composition of the intro, before veering off into great emotional dual-layered melodic riffs (following different time-signatures no less! Only bands like Abigor and Negura Bunget pull this stuff off!). It then returns to the opening composition enhanced by mesmerizing backing synths before closing off.\n\nComposer Ynleborgaz isn\u2019t just influenced by classical music of course and you can expect to hear parts that are more traditionally old-school, although always these parts get further expanded by additional lead-guitar parts, varied melodies and occasional ambient or classical styled backing synths. And yet, with all the embellishing and expanding of riffs, the core themes of each song remain firmly in view and the layering is never too deep, the melodic riffage never too pretentious, and the backing keyboards never dominate the guitars or become cheesy. The drumming is also quite competent. Nothing outstandingly technical, but they\u2019re very varied and Ynleborgaz has the skill to pull off his vision on how the drums should sound as well as any other instrument he chooses to use.\n\nThere\u2019s a quite significant ambient centre-piece called \u2018Inthedenens Larm\u2019 that ranks up there with the better compositions of Vinterriket or Raison d\u2019\u00eatre, which isn\u2019t surprising given the fact that Angantyr started out as an ambient-project. The only song outside of the ambient-piece that is entirely minimalist is the album closer, which deserves special mention in the way that it shows that Ynleborgaz can also write a fully engaging song around one single riff. And this riff, bringing to mind the closure of a tragedy in its abject fatalism, backed up by intricate drumwork and depressing synth-lines, will haunt you for years to come. \n\nThe prevailing atmosphere is one I\u2019ve also noticed in other Danish bands like Sortsind and Nortt. A certain cold northern grimness and majesty combined with a sick, quiet despair that is usually only heard in french bands. Angantyr is slightly less downbeat than the two above-mentioned bands though and strikes a nice balance between triumphant melodic work and utterly despondent minimalist riffs and piano work.\n\nPraise worthy is the way in which Ynleborgaz seems to combine his various influences (and they seem many) while still retaining staggering individuality. Structurally there\u2019s just the right amount of variance; no part overstays its welcome and many are the change-ups in riffs, while still remaining entirely cohesive and flowing. This is quite stunning to put it simply. I think anyone with an appreciation for neo-classical works will thoroughly appreciate this if they can stand the typical harshness of black metal productions.",
                    "date": "September 2nd, 2004"
                },
                {
                    "title": "Wow. No reviews (yet). But this is Mesmerizing - 98%",
                    "content": "Yes. Wow!\nThis is pretty obscure black metal and should definitely get some more recognition among black metal fans. It's mesmerizing from beginning to end.\n\nThe intro is an epic song of slow depressive chords accompanied by some piano in the background. It really sets the atmosphere of the following song. Stormen Fra Nord starts off with slow-to-mid-paced tremolo picking riffs with mid-pace drumming. It streams like that for awhile and then the drumming gets a little faster with a lot more cymbal-hitting. It, then returns to the slower drumming. I prefer slower raw black metal rather than blastbeating, so that's a big plus here! The next song is different and more uplifting. It has that traditional 2nd wave BM sound to it. It wouldn't fit out of place on A Blaze, that's for sure. It's good for this type of band to have that kind of nostalgic tune, IMO. Intethedens larm is the epic of the album. But in a different way. It's a very hypnotic ambient song. It sounds like something you would hear on Hlidskjalf. The next two songs are very similar. It also focuses more on the dissonant chords. These two have a strong mid-tempo going on with the same riffs recycling. But that's not a bad thing here. This is Black Metal, damnit! Who cares about the lack of 'creativity and technicality'? Anyways, the drumming on these two songs utilize the double bass more but conservatively well. What I mean by that, is that it doesn't overshadow the riffs at all. Another thing here is that ALL of the drum patterns, slower or mid-paced, go perfectly well with the same riff in each of the songs. That is what makes this album a contender in the black metal scene today. The utilization of structure. Nothing is overdone or vice-versa. The final song honors that statement as well as the rest of the album. But this song is the best closer any black metal fan could ask for. Slow and melodic. The production is perfect. No, not 'perfect' like Tagtgren's production ideas. It fits the music and lets you hear everything while still having that raw black metal sound. Did I forget to mention about the vocals? Well, the vocals are similar to Nocturno Culto with a little of its own sound. Sounds great though! \n\nCheck it out if you like your black metal hypnotizing.",
                    "date": "August 27th, 2004"
                }
            ],
            "songs": [
                {
                    "name": "Portene \u00e5bnes",
                    "length": "05:59",
                    "url": "https://www.metal-archives.com/release/ajax-view-lyrics/id/160972"
                },
                {
                    "name": "Stormen fra nord",
                    "length": "04:47",
                    "url": "https://www.metal-archives.com/release/ajax-view-lyrics/id/160973"
                },
                {
                    "name": "Landeplagen skal bort",
                    "length": "06:52",
                    "url": "https://www.metal-archives.com/release/ajax-view-lyrics/id/160974"
                },
                {
                    "name": "Intethedens larm",
                    "length": "09:23",
                    "url": "https://www.metal-archives.com/release/ajax-view-lyrics/id/160975"
                },
                {
                    "name": "I der kn\u00e6ler i ynk",
                    "length": "06:06",
                    "url": "https://www.metal-archives.com/release/ajax-view-lyrics/id/160976"
                },
                {
                    "name": "Da frostvind bl\u00e6ste",
                    "length": "04:55",
                    "url": "https://www.metal-archives.com/release/ajax-view-lyrics/id/160977"
                },
                {
                    "name": "Sidste kapitel i en endel\u00f8s fort\u00e6lling",
                    "length": "03:58",
                    "url": "https://www.metal-archives.com/release/ajax-view-lyrics/id/160978"
                }
            ],
            "song_names": [
                "Portene \u00e5bnes",
                "Stormen fra nord",
                "Landeplagen skal bort",
                "Intethedens larm",
                "I der kn\u00e6ler i ynk",
                "Da frostvind bl\u00e6ste",
                "Sidste kapitel i en endel\u00f8s fort\u00e6lling"
            ]
        },
        {
            "name": "Sejr",
            "type": "Full-length",
            "year": 2004,
            "review_num": 1,
            "review_avg": 98,
            "url": "https://www.metal-archives.com/albums/Angantyr/Sejr/23483",
            "reviews_url": "https://www.metal-archives.com/reviews/Angantyr/Sejr/23483/",
            "reviews": [
                {
                    "title": "Revenge of the Flames. - 98%",
                    "content": "I\u2019m still trying to recover from the discharge of sonic molestation that follows the depressive streams of compositions on \u201cSejr\u2019s\" first track, \u201cEn Falden Kriger\u201d. Apparently, it shifts from harmony to head on grim and bleak ferociousness. Ynleborgaz is back... with a vengeance. \n\nThe origin for this man\u2019s antagonism is the hordes of Christians, who has stamped out the Northern way of life, its background and its religious conviction. This is a voyage through a vindictive yet proud cosmos, where compassion and pity is as rare as \u201ctr00\u201d black metal bands these days. Only the demise of the invaders will satisfy Ynleborgaz\u2019s mighty thirst for devastation. \n\nAngantyr follows in the grand tradition of bands like Burzum and Nargaroth, as Ynleborgaz himself plays all the instruments. Same bands could probably be used as reference points, although \u201cSejr\u201d has a more Folky/Viking Metal approach than the aforementioned bands. Still, the comparison is in my books a good one. Angantyr did actually start out as an ambient project (back in 1997 I believe), very much inspired by the \u201cFilosofem\u201d-era of aforementioned band, Burzum. Ynleborgaz is still very close to Varg\u2019s most famous project. The music has that suicidal edge that stunned those of us, who has enjoyed \u201cFilosofem\u201d. Though the difference between \u201cFilosofem\u201d and \u201cSejr\u201d lays in the way that Angantyr builds up his songs. Unlike Burzum this is not droning guitar, but actually a varied (for minimalistic black metal that is), it also contains that lovely Viking metal style that you can also enjoy Angantyr creating in one of his side-projects, Holmgang. According to Ynleborgaz, he claims to have been inspired by the Swedish band Domg\u00e5rd, although I must admit that I have sadly never heard any of their songs, so I can hardly tell if he has allowed his muse\u2019s modus operandi to show on his record. What I do know is that Domg\u00e5rd was imprisoned for several church burnings, and the images of burning churches has been on almost all of Angantyr\u2019s material. \n\nThe music is extremely well played, simple as that. Angantyr is a fabulous musician, and each instrument is spoiled. From the distorted and depressive guitars, to the pounding drums and the both subtle, yet at times dominating bass, Ynleborgaz makes sure to give each instrument a chance to shine. The album has an unusually good production (one of the best I\u2019ve ever experienced on a black metal release), and Ynleborgaz\u2019 vocals are picture-perfect. Every word is crystal-clear and easily understandable, and with such brilliant lyrics it would be a shame if they were washed out by bad production, or by frenzied high-pitched wails a la Dani the Castrato. Speaking of the lyrics, to travel into the vast abyss of \u201cSejr\u2019s\u201d lyrics, is to travel into a lair of hatred and disgust. Not often have I stumbled upon such manifested revulsion towards Christianity. Ynleborgaz kills priests and burns churches, as proud warriors makes a final stand. Lightning strikes and the hordes of radiance are fought off with axes, bitter determination and strength of mind. Reading the lyrics is like reading the ancient sagas of old, something that was probably Ynleborgaz\u2019 intention all along. \n\nStandout tracks are \u201cNiddingd\u00e5d\u201d, \u201cS\u00f8lverpilens Kald\u201d and my personal favourite \u201cEn Falden Kriger\u201d. (Bizarrely) these are the three initial tracks, but the songs on the other half of the album are of almost the same stupendous excellence, so that really doesn\u2019t matter at all. \n\nSumming up, this is one of the most unwavering albums that I\u2019ve had the delight of examining. Not a single tune lets you down, and even as I write this, I find myself headbanging to the magnificent hymns on this icy black (fucking) metal album. \n\nThis is simply an immense and enthralling record, and one that I think you should try to get your, hopefully ash-stained, hands on (did you remember to burn your daily quota of churches?). \nThe best of luck to Ynleborgaz, may his warrior spirit never perish!",
                    "date": "October 4th, 2004"
                }
            ],
            "songs": [
                {
                    "name": "En falden kriger",
                    "length": "07:58",
                    "url": "https://www.metal-archives.com/release/ajax-view-lyrics/id/188283",
                    "darklyrics": "\nI skovbrynet et d\u00f8dskoldt lig\r\nP\u00e5 frossen jord l\u00e5\r\nKampens ar hans ansigt viste\r\n\u00c9n ud af tre var han\r\n\u00c9n der ikke n\u00e5ede stammernes ly\n\r\nFangen og slagen af korsets m\u00e6nd\r\nP\u00e5 hesteryg de red ham ned\r\nI hu de kom, da tre landsm\u00e6nd\r\nGennem porten br\u00f8d\n\r\nBlandt lysets folk de spredte d\u00f8d\r\nSkrigene fra den kristne l\u00f8d\r\nDa \u00f8ksen fandt hans pr\u00e6stek\u00f8d\n\r\nPestens mand var faldet\r\nDr\u00e6bt af nordens m\u00e6nd.\r\nAlarmeret af lysets tjenere, m\u00e6nd uden \u00e6re\r\nGuldbetalt med trukne sv\u00e6rd sig n\u00e6rmede\r\nDrev krigerne p\u00e5 flugt\n\r\nEn \u00e6refuld flugt tog krigerne af norden\r\nI undertal var de ders\u00f8gte af skovel til\r\nFlere sk\u00e6bner endtes da bortf\u00e6rd tog til\r\nUnder pileregn og gennem susen af spyd\r\nP\u00e5 hesteryg blev pr\u00e6stens banem\u00e6nd\r\nIndhentet med snilde, og kamp i skovbryn stod\n\r\nTo krigere kom til skovs\r\nFor v\u00e5benf\u00f8re m\u00e6nd at hente\r\nNu suklle slaget st\u00e5, og kristenmands by br\u00e6ndes\n\n",
                    "darklyrics_url": "http://www.darklyrics.com/lyrics/angantyr/sejr.html#1"
                },
                {
                    "name": "Niddingd\u00e5d",
                    "length": "06:33",
                    "url": "https://www.metal-archives.com/release/ajax-view-lyrics/id/188284",
                    "darklyrics": "\nLuren bl\u00e6ser s\u00f8rgmodige toner\r\nI denne aftenstund\r\nP\u00e5 strandbred er bygget et ligb\u00e5l\r\nLandsbyens folk er samlet i ring\r\nAfsked skal tages med krigeren stor\n\r\nBrynje og sv\u00e6rd ved siden hans ligger\r\nD\u00e6kket af skjold er hans blodige bryst\r\nLandsbyens \u00e6ldste beretter om \u00e6re\r\nOg krigerens mod bliver hyldet\n\r\nB\u00e6ger g\u00e5r rundt fra mund til mund\r\nP\u00e5 hans f\u00e6rd bliver der \u00f8nsket ham vel\r\nTil det ukendte g\u00e5r nu hans rejse\r\nB\u00e5let sig n\u00e6rmes med fakler t\u00e6ndt\r\nMen ligbr\u00e6nding afbrydes brat\n\r\nKirkens m\u00e6nd i hurtigt ridt og\r\nLanseb\u00e6rende lejesvende\r\nSl\u00e5r fakkelb\u00e6rere til jorden\r\nOg angriber s\u00f8rgende landsbyfolk\r\nEn niddingd\u00e5d udf\u00f8res og liget tages bort\r\nB\u00e5let forbliver ut\u00e6ndt\n\r\nForpeste hans d\u00f8dsf\u00e6rd kristen hun vil\r\nOg begraves skal han nu i hellig jord\r\nMed kjolekl\u00e6dt fjols der b\u00f8nnevers messer\r\nEn niddingd\u00e5d er udf\u00f8rt men glemmes ej\r\nOg kampf\u00f8re m\u00e6nd rider straks med bud\r\nI d\u00f8den skal sendes de kristne svin\r\nS\u00e5 Norden atter vort rige kan forblive\n\n",
                    "darklyrics_url": "http://www.darklyrics.com/lyrics/angantyr/sejr.html#2"
                },
                {
                    "name": "S\u00f8lverpilens kald",
                    "length": "06:42",
                    "url": "https://www.metal-archives.com/release/ajax-view-lyrics/id/188285",
                    "darklyrics": "\nTil skovs i hastigt l\u00f8b, af glemte stier\r\nMellem birk og gran, over klippe og vold\r\nS\u00f8lverpil skal bringes rundt\r\nTegn til samling, til f\u00e6rd mod korset\n\r\nHovedjagt g\u00e5r nu ind, p\u00e5 ragede isser\r\nP\u00e5 p\u00e6le de s\u00e6ttes til advarsel\r\nNiddingb\u00e5lets flammer fodres skal\r\nMed lysets tjenere og l\u00f8sgnens forkyndere\n\r\nTil kamp mod lyset\r\nI spredte styrker\r\nIngen mulig udvej\r\nUden h\u00e6der og blod\n\r\nV\u00e5ben samles og flodskibe m\u00f8nstres\r\nAlle som en, m\u00f8der op for at k\u00e6mpe\r\nHjemegns rygte skal kendes\r\nSom pr\u00e6stel\u00f8s og stolt af \u00e6t\n\r\nS\u00f8lverpilens kald vidner om samling til kamp\r\nSt\u00e5l skal hvasses og brynjer g\u00f8res\r\nFor nu skal fremtiden bestemmes\r\nOg herredr\u00f8mmet fornys\n\n",
                    "darklyrics_url": "http://www.darklyrics.com/lyrics/angantyr/sejr.html#3"
                },
                {
                    "name": "Hadets sorte flamme",
                    "length": "06:02",
                    "url": "https://www.metal-archives.com/release/ajax-view-lyrics/id/188286",
                    "darklyrics": "\nHvor den udspringer, ved ingen\r\nDe forn\u00e6gtede l\u00f8gne i stadig forkynder\r\nStyrker den, f\u00e5r den til at vokse\r\nDet m\u00f8rke had i mig vokser\r\nOg jeg bliver st\u00e6rk i min kamp\r\nJeg ved at jeg m\u00e5 d\u00f8\r\nFor at blive evigt k\u00e6mpnede\n\r\nHadets sorte flamme\r\nBr\u00e6nder i mit sind og styrker mig\r\nTil at bringe forfald\r\nOver de der har spottet\r\nStoltheden og \u00e6ren\n\n",
                    "darklyrics_url": "http://www.darklyrics.com/lyrics/angantyr/sejr.html#4"
                },
                {
                    "name": "Blodet er styrken",
                    "length": "08:27",
                    "url": "https://www.metal-archives.com/release/ajax-view-lyrics/id/188287",
                    "darklyrics": "\nEt lyn slog ned og regnen tog til\r\nKlinger skarpe drogs\r\nEt tordenbrag l\u00f8d, da st\u00e5let f\u00f8rste gang m\u00f8dtes\r\nBlot med viljen denne kamp kan vindes\n\r\nSindet er v\u00e5bnet\r\nModet er skjoldet\r\nBlodet er styrken\n\r\nKun en m\u00e5 p\u00e5 denne slagmark st\u00e5 tilbage.\r\nSejrherren \u00e6refuldt vil,\r\nEn stenh\u00f8j rejse over liggende lig.\r\nOg mandebod til fjendes fr\u00e6nder betale\n\r\nSplintres g\u00f8r skjold i takt med hv\u00e6lvet af glimt\r\nSendt fra Mj\u00f8lner med bifaldt om kamplykke.\r\nValplads t\u00f8r fra gammel tid nu l\u00e6nges\r\nAt v\u00e6des med blodet fra den faldne\n\r\nSv\u00e6rd glimtede blindt i m\u00e5nelys\r\nOg banehug blev f\u00e6ldet\r\nEt tordenbrag l\u00f8d, da st\u00e5let sidste gang m\u00f8dtes\r\nValplads' agtelse er nu steget med et liv.\n\n",
                    "darklyrics_url": "http://www.darklyrics.com/lyrics/angantyr/sejr.html#5"
                },
                {
                    "name": "Slettes skal mindet",
                    "length": "06:15",
                    "url": "https://www.metal-archives.com/release/ajax-view-lyrics/id/188288",
                    "darklyrics": "\nS\u00e6nket er faldgitre, og forst\u00e6rket er porten.\r\nBueskytter p\u00e5 brystv\u00e6rn, bereder sig p\u00e5 angreb fra skoven.\r\nByens selvudr\u00e5bte herre ryster og b\u00e6ver.\r\nFrygter sin selvforskyldte sk\u00e6bne.\r\nRigdom og titler tilsides\u00e6ttes for styrke og mod.\r\nGr\u00e5dighed og magtsyge, f\u00f8rte til forr\u00e6deri.\n\r\nBlodh\u00e6vn venter, for fr\u00e6nder sendt i d\u00f8den.\r\nBelejringen er sat.\r\nBeredte er vi p\u00e5 talst\u00e6rkt angreb\r\nBl\u00e6ser i krigshorn og br\u00f8ler r\u00e5b p\u00e5 sejr.\r\nV\u00e6kker panik i jeres kristne hjerter.\n\r\nBj\u00e6lke i flammer f\u00f8res af h\u00e6vnt\u00f8rstige krigere\r\nPorten splintres ved f\u00f8rste slag.\r\nMyldrer ind gennem byport i brand\r\nLejesoldater af lyset falder i stort tal\r\nFor nordisk had.\n\r\nSlettes skal mindet, om svaghed og underkastelse\r\nS\u00e5 byens kirke st\u00e5r i flammer.\r\nH\u00e6vnen er nu taget og forr\u00e6dere ligger kolde\r\nH\u00e6vntogtet f\u00f8res videre, for slettes skal mindet.\n\n",
                    "darklyrics_url": "http://www.darklyrics.com/lyrics/angantyr/sejr.html#6"
                },
                {
                    "name": "Tag dig i agt",
                    "length": "05:02",
                    "url": "https://www.metal-archives.com/release/ajax-view-lyrics/id/188289",
                    "darklyrics": "\nN\u00e5r dagen er til ende\r\nOg m\u00f8rket bryder frem\r\nN\u00e5r natten rejser sig m\u00e6gtigt\r\nDa v\u00e6kkes mit had og ser din\r\nYnkelige skikkelse\r\nDa v\u00e6kkes mit had\r\nTag dig i agt\n\r\nHvor end dine \u00f8jne skuer\r\nVil r\u00e6dslen h\u00e6rge dit blik\r\nOg fylde dit sind\r\nHvor end dine skridt lyder\r\nVil du v\u00e6re jaget\n\r\nS\u00f8g ej ud i natten p\u00e5 egen h\u00e5nd\r\nS\u00f8g ej ud i natten\r\nTag dig i agt\n\n",
                    "darklyrics_url": "http://www.darklyrics.com/lyrics/angantyr/sejr.html#7"
                },
                {
                    "name": "Sejr",
                    "length": "07:15",
                    "url": "https://www.metal-archives.com/release/ajax-view-lyrics/id/188290",
                    "darklyrics": "\nVundet er slaget nu, og slagen er fjenden\r\nKampen var h\u00e5rd og mange er faldne\n\r\nKrigerne er b\u00e6nket i storsal ved langbord\r\nSejrsgilde holdes i byen nu vor\r\nMj\u00f8dens s\u00f8dme nydes, skaber mange sejrskvad\r\nF\u00e5rek\u00f8d og maltbryg b\u00e6res ind af fagre m\u00f8er\n\r\nKristen plyndringssold fordeles efter indsats\r\nHver mand f\u00e5r sit og drikker p\u00e5 rigdom og lykke\n\r\nH\u00f8vdinge og storm\u00e6nd g\u00e5r nu til orde\r\n\u00c6rer dem der ligger lig\r\nMed h\u00e6dersord de mindes\r\nFor brave at k\u00e6mpe\r\nSten og h\u00f8je rejses\r\nFort\u00e6ller om sejren over kristenmand\n\r\nI solnedgangen sidder en kriger\r\nOg sv\u00e6rger om h\u00e6vn\r\nOver tabet p\u00e5 broder og fr\u00e6nde\r\nBlodh\u00e6vn er hans f\u00e6rd for evigt\n\n\n\n",
                    "darklyrics_url": "http://www.darklyrics.com/lyrics/angantyr/sejr.html#8"
                }
            ],
            "song_names": [
                "En falden kriger",
                "Niddingd\u00e5d",
                "S\u00f8lverpilens kald",
                "Hadets sorte flamme",
                "Blodet er styrken",
                "Slettes skal mindet",
                "Tag dig i agt",
                "Sejr"
            ]
        },
        {
            "name": "H\u00e6vn",
            "type": "Full-length",
            "year": 2007,
            "review_num": 4,
            "review_avg": 92,
            "url": "https://www.metal-archives.com/albums/Angantyr/H%C3%A6vn/148128",
            "reviews_url": "https://www.metal-archives.com/reviews/Angantyr/H%C3%A6vn/148128/",
            "reviews": [
                {
                    "title": "Classically-inspired, genre-transcending vision - 98%",
                    "content": "Angantyr's Haevn was one of the first black metal albums I took a liking to, and was largely responsible for my continued enjoyment of and interest in the genre to this day. This was back in 2010, and I hadn't even really been exposed to much of the genre aside from a few of the more revered names and stalwarts like Emperor, Cradle of Filth, Summoning, Blut Aus Nord, and Dissection. Of those, I had really only gotten into some Summoning and the first Emperor album at the time when I stumbled onto Angantyr. Specifically, I was searching for metal bands with strings, especially cello, as that was and remains to be one of my favorite instruments to hear in any genre, and I was experiencing a scarcity of it in my metal repertoire at the time. From the opening notes of the album, I was hooked. Starting a black metal album with a cello solo is certainly a ballsy move, and that propitious intro delivered beautifully, surpassing even my initial expectations. Seven years later, I still haven't heard any other black metal that's really even in the same ballpark as Haevn. Only if you use a vague umbrella term like \"depressive black metal\" can you really compare it closely to anything other than the rest of Angantyr's discography, and even then there are strong, immediately noticeable differences in songwriting and atmosphere such that it would be impossible to confuse any of them for Haevn with even a 10 second sample. This Danish one-man project's magnum opus stands in a realm all its own.\n\nAngantyr is the name used by Jakob Zagrobelny, and just to clarify, he did briefly have another black metal project, Tagefolket (also the name of one of the songs on Haevn), which is as much in the vein of this album as the rest of his discography as Angantyr; I'm including it as an afterthought to my point about Haevn's uniqueness because Tagefolket's discography consists solely of a 2-song demo which may as well have been released under the Angantyr name as far as the musical style or band member is concerned. Anyway, moving onto the details; what is it that makes this album stand out from Zagrobelny's other work, and from the rest of black metal in general? Well, even when the cello isn't in use (and it's used pretty sparsely over the 70 minute running time), the general stylistic influence of classical music, at least in structure, atmosphere, and the sheer level of ambition present in the songwriting is clear, whether conscious or unconscious on the part of Zagrobelny. Now, I'm not familiar enough with specific composers to go into detail in that regard, and I have no idea as to whether the works of one or more specific composer were an inspiration here, but the similarities are completely unambiguous to anyone who has even a passing knowledge of classical music.\n\nA likely reason this style hasn't been imitated with any real success is the level of repetition. The songs range from 8 minutes all the way on up to the 17-minute album closer, and the average number of riffs hovers around two per song. In the vast majority of cases, averaging one riff every 4-5 minutes is dull, usually very dull, as it takes exceptional musical ideas to justify that amount of repetition. Very few songwriters are able to create ideas on that level. Black Sabbath's self-titled track is one excellent example of using a sufficiently amazing idea; Haevn - all 8 songs on the album, specifically - is another. Each new riff is fresh, intelligent, crushing, and especially memorable, never approaching anything that could be called generic or derivative to any extent. Without exception, they create such a strong sense of relentless melancholy and despair that it's still impossible for me to focus on anything else while listening to it, despite the fact that it's well over an hour long and I've now listened to it somewhere in the ballpark of 35-40 times. This atmosphere never falters even for a moment, and each idea and melody flows perfectly into the next, on a level that I still haven't heard paralleled anywhere else in black metal. \n\nZagrobelny's vocals are something that shouldn't be swept aside, either; while the skill required to create them is much lower than that required to write such an album, nonetheless they're very strong, staying in a midrange sort of howl that falls below the pitch of most black metal and above that of most death metal. Otherwise, his delivery is pretty standard fare, but at the same time his voice is pretty recognizable. That may just be a testament to the number of times I've listened to the album, but certainly no corners are cut in the vocal department. The production, too, hits a sweet spot, being less raw then Angantyr's first two albums, but not so polished as to remove any of the power or character of the music. I won't go into further detail on every song, but I do want to hone in on the album closer, \"Blod for Blod, Liv for Liv,\" which is my favorite song on the album, my favorite song in black metal, and in my top 20 songs in all of music. \n\nI still get chills every time I listen to this 17-minute epic masterpiece. As great as all the other riffs on the album are, that main riff on \"Blod for Blod, Liv for Liv\" is on another level entirely. It evokes a strong feeling of finality, which in the context of the album makes it even more appropriate, as though each song descends a bit further into the darkness until finally death itself is all that's left. The title, whose Danish-to-English translation is as stupidly simple as you might intuit from the name \"Blod for Blod, Liv for Liv,\" definitely suggests a sufficiently fitting lyrical subject. With every repetition of one of the songs two main riffs, I can imagine more and more people dying in some apocalyptically bloody battle, and at some point perhaps reaching a level of such despair that total self-annihilation becomes the only sane response. This culminates in the 6-minute cello solo which closes out the song and the album. The progression gives me the idea that the relentless agony of the rest of the album has finally subsided, and now all that's left is apathy, a total mental and emotional defeat characterized by the utter desensitization to all pain, and all that's left is a detatched, final peace, that of waiting for death.\n\nUltimately, everyone who likes black metal to any extent needs to listen to this album. This is an essential of the genre, and resonates so strongly with me that I'd herald it as an essential of extreme metal and depressing music in general. Like Funeral's Tragedies, for which you can also read my review, Angantyr's Haevn is an expression of hopelessness and sorrow so pure, so unadulterated, and so authentic that it transcends genres entirely, becoming a direct conduit for pain, mourning, and despair and providing an analagous catharsis of equal proportion to any listener who feeds those feelings into it. Zagrobelny's first two albums as Angantyr are much more traditional second wave black metal, while the following two are more watered-down and saccharine, but Haevn is a glimmer of genius and will remain as such for decades to come.",
                    "date": "June 19th, 2017"
                },
                {
                    "title": "The Pinnacle of Second Wave Revivalism - 95%",
                    "content": "I have to start by saying that I am, in a way, biased in reviewing this release. Angantyr brings elements of Norse pride, traditionalism, and strength to the table consistently, with every release being fresh and enthralling while balancing the infusion of traditional Scandinavian folk music with the raw, aggressive Norse black metal witnessed at its best (in my opinion) in the 90s. Bands like Angantyr, Taake, Kampfar, and others do a fantastic job of reviving that kindred spirit of stern Scandinavian pride through the music they create. While these bands began not far after Darkthrone, Enslaved, Thorns, and Burzum, they really seem to have hit their peak in the mid 2000s, and Angantyr is a fantastic example of just that.\n\nThe album starts strong, instantly putting the listener into a mindset of the stern traditionalist Norse attitude with a brilliantly executed cello piece. To say the cello work on this album is good is putting it far too mildly, the intro and outro to the album encapsulate the feeling of Nordic pride. The way this album progresses is very conventional, but in a truly impressive way. It's unrelenting in its ability to constantly express the Scandinavian history and folklore to the listener, and each song ends similarly. The writing isn't impressive or innovative, per se, but that in no way dulls or diminishes the solid power that Ynleborgaz's writing emanates. I noticed more than anything that the way this album would play out ended up frequently making me think of folklore being told around a hearth late at night. Despite its sound similarities to the cold sounds traditional black metal have, it often portrays an impressive aspect of near-nostalgic storytelling.\n\nThe instrumentation in general on this album is solid. Not a mistake can be heard, and the quality of the recording allows for a near wall-of-sound without pushing that boundary too far. It's thick, raw, and well mixed, but not muddied or dulled by its mix/master. This allows for the nimble guitar work to shine through, as well as giving the drums a feeling of unrelenting force, driving the album. Bass isn't heard so much in this instance, but I hardly believe that sullies this record in any way. The vocals definitely are a high point of the album. Ynleborgaz has perfected the archaic tortured raspy screams and growls that many musicians in the past have failed to replicate. It should be said that although the album has no flaws in terms of musicianship, it still feels organic and full of life. Robotic and lifeless are not even close to how this album would be described.\n\nThe song lengths for me are one of the better qualities of this album. The shortest track on H\u00e6vn clocks in at nearly eight minutes, making each song much closer in writing style to a classical piece, where it functions in terms of movements instead of short riffs. Each piece of the song builds upon the previous part before switching into another well written and evocative riff. One of the better qualities of black metal in general is its tendency to have longer songs. Because of length, projects within the style have much more time, and subsequently more room to experiment, build, and variate on the sound of each riff. If done properly, the length of the song doesn't become tired, boring, or dull, but rather pulls the listener further in. Every song on H\u00e6vn has that very quality to it, making the album in itself a unique listening experience. I found myself wanting to listen to the album again after it had finished playing, which is a rare and impressive feat.\n\nWhile Angantyr has fantastic writing, pacing, style, and instrumentation, I believe H\u00e6vn is Ynleborgaz's masterpiece so far, and definitely sets the bar for bands in the shadow of such prolific projects as Taake and Angantyr. If this review sounds like praise, it's simply because it is. Its near impossible to find dull moments on this record. Not much more can be said, honestly. To put it simply, and reiterate the title, this is the pinnacle of second wave revivalism.\n\n(I'm not reviewing this in any particular format, but I will say that vinyl pairs with Angantyr VERY WELL.)",
                    "date": "November 14th, 2014"
                },
                {
                    "title": "Dreams of a shore just out of reach - 80%",
                    "content": "Danish maniac Jakob Zagrobelny is clearly a very talented individual, and his band Angantyr is one of the best of the black masses to take Bathory's primal Viking core from the Blood, Fire, Death album and just run with it, or rather, sail with it... H\u00e6vn is the 3rd full-length, on which Zagrobelny, or Ynleborgaz, or whatever he is calling himself, has polished up the more repressed, buzzing atmosphere of Sejr into a more accessible whole. That is, more accessible if you enjoy hostile Viking black metal with no light at the end of the tunnel. There is a purity and longing in his compositions that I find refreshing, even if they are not stylistically innovative. Aside from the guest cello, all instrumentation is handled by Ynleborgaz alone, and one must admire this rather painstaking process, especially when the result is the very muster (or better) of many fully formed black metal bands.\n\nGrim and endless. These two words define the focus of H\u00e6vn's 7 tracks, many of which run between 8-11 minutes in length. Indeed, this is over 70 minutes of music, so if your attention span sputters at reading beyond the first few paragraphs of this review, you're probably not cut out to lose yourself in its moribund, maritime pleasures. The songs do not offer a large variety of tempos, each is self-contained but will often batter away repetitiously for moments at a time without even the subtlest of changes. It's a formula that has failed a great many black metal records, but somehow it succeeds here.\n\n\"Et Varsel Om D\u00f8d\" provides the first 8 minutes of the album, commencing with the aforementioned cello player, then rattling into a hostile blaster hymn at around 1:40. The notes are chosen for their streaming sorrow and conjuration of epic death; while you may be hearing them often, they rarely grow tired, and Angantyr will subly shift back and forth and then to a slower pace for the climax. \"Thulens Ord\" feels as if the first song were interrupted so Jakob could take a breather from his black jeering, grab a drink, and then charge directly back into the fray. Breaks in the drumming create a sad, emotional onslaught, like a drowning man who dreams of a shore just out of reach. The opening rhythm of \"Baghold\" has a powerful, if understated majesty which is very reminiscent of Bathory, and the track only gets denser as it progresses. \"T\u00e5gefolket\" follows at 11 and a half minutes of spewed venom, and can grow trying on the patience, as it only lets up for a warlike vista and then a return from the cello near the end. Fortunately it's good enough to never fully engage your sleep mode.\n\nThe latter half of this burning longship is initiated by \"Danermordet\" and its howling sample, and more of the mid-paced, swaggering riffs that Quorthon could have crafted nearly two decades before. Again, no light at the end of the tunnel. No overarching melodies, just the melancholic thundering with the rhythm guitars carve into the forceful thrust of the drums. \"F\u00f8dslen Og Byttet\" follows suit, the last fraying ends of sanity dissolving at the nearly 10:00 mark, before the real epic of the album sets in. \"Blod For Blod, Liv For Liv\" is the 17+ minute crown of this work, ranging from the faster pace to the rolling marches of everything previous, and then to finally rest in an extensive cello/synthesier segment.\n\nDespite its superior standards to any of the previous Angantyr records, H\u00e6vn is just black enough to get on your nerves, if you aren't prepared to commit yourself to its bloodstained, atavist depths. Even taken individually, the tracks are an 8+ minute investment of time. But the writing is solid and there is just enough variation in the rhythms to hang you at the edge of attention. This is not a band to break tradition, and there is nothing here that you haven't likely heard already, but overall the album is well-done, and if you can stick with it for its entirety, you are guaranteed to lose all hope.\n\nHighlights: the long, sweet collapsing of lungs as all oxygen and life emigrate your tired body\n\n-autothrall\nhttp://www.fromthedustreturned.com",
                    "date": "November 23rd, 2009"
                },
                {
                    "title": "Angantyr - H\u00e6vn - 94%",
                    "content": "Angantyr is part of this new generation of bands, along with other acts like Satanic Warmaster and Taake just to name a few, which take hold of the lo-fi and low-profile stand as the pioneering bands of the genre did but at the same time take melodic composition to beautifully crafted extremes, taking influences from classical music and strong folkloric undertones. This careful and well-thought sort of riffs and ambiance are what separate these bands from the ever increasing group of bands which seem to think that no riff should have more than four notes, and no song should have more than two riffs (not to mention the sound must be as shitty as possible) when it comes to nowadays black metal.\n\nWith the needed introduction out of the way, I'll say Angantyr is one of the best bands of it's generation, taking classical and folkloric influences to the extreme, as anyone will be able to appreciate by listening to the very first song of the album, which starts with a typical Scandinavian melody with cellos (performed by a local female cellist) and suddenly explodes into relentless black metal which, under the harsh but warm sound of the guitar, the unforgiving blastbeats and the growling vocals in the distance, maintains the same melody, evolving into several melodic stances of layers of guitars, making for an experience akin to that of being at a theatre listening to the Copenhagen Philharmonic Orchestra.\n\nThe album is throughoutly covered with passion and a strong nationalistic spirit, inviting the listener to take part on the experience, a scenery of fire from time immemorial, forgotten battles, epic tragedies and breathtaking landscapes all translated into the language of black metal. The music is highly imaginative, not letting any riff drone for too long before changing into either a completely new melody or a modification of the previous riff, or even just adding something new to it, like a change in drum pace, the detail of keyboards or cello or even an extra guitar line, all the while maintaining the presence of typical black metal elements, these being the considerably low quality of sound (but not low enough to become a threat to the ears) and the eventual blastbeat storm.\n\nThe drums are hard to listen to at times, being buried under this thick (but in no way overwhelming) wall of sound, but as you listen you'll notice the delicacy of the cymbals and the tom rolls along with the precision and variety of the drummer's skills in mid-paced sections. The bass is a little let-down since it can barely be heard at all and it mostly follows the guitars, which leaves little to imagination. Apart from that there's not much else I would change from this album.\n\nVocals are average at best but complement the music in a very fitting manner. The growls are low in the mix but denote their presence without problem. From time to time clean vocals might be heard sporadically in some songs, which are actually very well done and placed, much like keyboards, which might pass undetected by a distracted listener.\n\nAngantyr has so far released three full lengths, the three of them worthy of a high rank in the lines of best black metal albums ever (at least definitely three of the best black metal albums of the last 10-5 years). This release here is probably my favourite, and I feel it's my duty to not only review this album with a score it clearly deserves but to recommend this band and this album in particular to anyone who enjoys black metal but also seeks to listen to something other than minimalistic noise.\n\nOriginally written for the paper version of the Terror Cult Zine\nhttp://www.terrorcultprod.glt.pl/",
                    "date": "April 15th, 2009"
                }
            ],
            "songs": [
                {
                    "name": "Et varsel om d\u00f8d",
                    "length": "08:06",
                    "url": "https://www.metal-archives.com/release/ajax-view-lyrics/id/1056370"
                },
                {
                    "name": "Thulens ord",
                    "length": "08:17",
                    "url": "https://www.metal-archives.com/release/ajax-view-lyrics/id/1056371"
                },
                {
                    "name": "Baghold",
                    "length": "08:51",
                    "url": "https://www.metal-archives.com/release/ajax-view-lyrics/id/1056372"
                },
                {
                    "name": "T\u00e5gefolket",
                    "length": "11:29",
                    "url": "https://www.metal-archives.com/release/ajax-view-lyrics/id/1056373"
                },
                {
                    "name": "Danermordet",
                    "length": "07:42",
                    "url": "https://www.metal-archives.com/release/ajax-view-lyrics/id/1056374"
                },
                {
                    "name": "F\u00f8dslen og byttet",
                    "length": "09:52",
                    "url": "https://www.metal-archives.com/release/ajax-view-lyrics/id/1056375"
                },
                {
                    "name": "Blod for blod, liv for liv",
                    "length": "17:13",
                    "url": "https://www.metal-archives.com/release/ajax-view-lyrics/id/1056376"
                }
            ],
            "song_names": [
                "Et varsel om d\u00f8d",
                "Thulens ord",
                "Baghold",
                "T\u00e5gefolket",
                "Danermordet",
                "F\u00f8dslen og byttet",
                "Blod for blod, liv for liv"
            ]
        },
        {
            "name": "Svig",
            "type": "Full-length",
            "year": 2010,
            "review_num": 2,
            "review_avg": 73,
            "url": "https://www.metal-archives.com/albums/Angantyr/Svig/277789",
            "reviews_url": "https://www.metal-archives.com/reviews/Angantyr/Svig/277789/",
            "reviews": [
                {
                    "title": "Decent effort - 75%",
                    "content": "My first experience with Angantyr...well how did it fare out ? I would say pretty well! After seeing the reviews Angantyr has got for his other albums, I figured he's a really awesome one man band. Generally I am not a big black metal fan. I dabble more into the death/thrash areas of metal. Nevertheless, I found this album quite intriguing and enjoyable. The overall atmosphere of this album is dark and frosty, classic black metal style. The guitars have a sharp tone and sound a little muddy and the drumming is a little low in produce. In short, a 'trve' black metal album.\n\nThe song-writting is varied and dynamic. The longer songs, as expected, have more variations. A lot of break-downs and fast parts. It's not musically technical but no black metal album is! The guitar riffs are mostly frosty and fast tremolo picked notes with some chord work in the slower parts. The guitar tone is typical black metal-ish. One good thing is that it is much better produced than underground black metal albums. Almost all instruments (except the bass guitar) are clearly heard. The drumming is a mix of blast beats and drum rolls. The kick pedals are use effectively and generally the drumming is amusing rather than the stale 'dum-dum-dum' blast beats at insane speeds. The vocals, as mentioned, are your general black metal shrieks but they are on par and never feel emotionally bland. \n\nOverall, this is a pretty good album. Black metal fans will love it and dig it immediately while fans of other metal genres will enjoy a single listen through it (or atleast I did). Listen to it if you get a chance.",
                    "date": "September 25th, 2010"
                },
                {
                    "title": "The same storms batter the same seas and shores - 70%",
                    "content": "Svig is the fourth full-length effort from Angantyr, the flagship act for the animated Denmark corpse Ynleborgaz, who also moonlights in acts such as Holmgang, Tagefolket and Make a Change...Kill Yourself when he's not busy crafting viking black epics like this one. Previous album H\u00e6vn had expanded upon the promise of forebear Sejr, delivering 71 minutes of noisy, cathartic and glorious death rituals for every warrior. It was a savage offering, and overall worth vouching for if you're fond of the style, but if anything, it was also a little long in the teeth, with several compositions wearing out their welcome after repeated plays.\n\nSvig, which I translated to 'evasion' or 'fraud' in Danish, is possibly an attempt to repair its overwrought, elder sibling, focusing in on just six compositions at 48 minutes of music. They still carry on generally between 7-10 minutes, but there are some other changes here that might make this easier to swallow if you found H\u00e6vn too much of a burden. The choice of lo-fi, comic book cover art is a curious curve from the grim newsprint of images past, and the sound itself might also reflect this alteration, with warmer tones and far more studio polish than any predecessor. Granted, the level of composition is starkly similar to that of the prior albums, but unlike many necrotic visionaries who might succumb to the bait of 'selling out' when they record their album to sound like anything more than a toilet trip or cold night in the woods, Angantyr actually sounds quite stunning in this environment.\n\nThe primary drawback to this or almost any other traditional black or black/Viking metal effort in the 21st century is that the folk-fused glory of the riffing becomes all too predictable in short order, so the listener is left to judge whether or not the feelings and emotions, or lack thereof, inherent to the music are worth hearing such unsurprising patterns. I feel that Svig does fall into this trap more often than not. The riffs are genuine and well intentioned, fluently fixed beneath Ynelborgaz' ripe snarling, and the tempos meander to and fro from faster Bathory Viking material to segues of sodden, overcast glories, then back again, but rarely does a sequence of notes here stand out to your memory or the inevitable test of time. I'm still impressed by this man's ability to put together an entire black metal record himself, perform all instruments and come off as competently as many full 3-5 man acts...\n\n...but the writing is far from perfect, and few moments of the album stand to memory, since he's already produced three solid to great albums in just such a manner. The more vibrant, polished production goes a long way to distinguish Svig from Sejr or Kampen Forts\u00e6tter but the longing, shambling Viking corpse rarely deviates from the course. As such, some of the tracks here, like \"Svig\" itself or the more slowly woven \"Skyggespil\" do their job, but little more. The work shift is filled, the employee punched in and out on schedule, production kept to the quota, but he won't be earning any bonus for this one. \"Raukes Ran\" is superior despite its familiar feel and path of certainty. The opening, ascending riff is one hard to embellish upon without losing that sinister, majestic quality, and though the rest of the 9:22 minutes does little to separate itself from the crust of this artist's career, it is well maintained. You can lose yourself here. The same with the closing \"Arngrims Armod\", opening with the sample of a roiling shore and some galloping acoustics before the electricity arrives, lightning flashing across the broken longship hulls and bloody, beheaded heroes that this man always conjures through this medium.\n\nSvig is yet another of those countless naval battles which is just good enough, hanging at the lower end of your expectations without every truly thrilling you or taking you into some new, unexplored region of the storming seas. There is really nothing exceptional about it, only that it succeeds to plummet along for nearly 50 minutes without boring you. Those who prefer their black metal dried with tradition, never flirting with innovation or ambition, will likely be satisfied, as would anyone who fancied the first three albums, provided they don't mind a bit of cleaning up in the production department. Ironically, there's nothing evasive about this album, it plays its role so passionately and straightforward that it is quickly forgotten, but on a technical level, it might not disappoint the diehard Angantyr berserkers who seek out the same crossgates of early Borknagar, early Enslaved and Viking-era Bathory.\n\n-autothrall\nhttp://www.fromthedustreturned.com",
                    "date": "September 17th, 2010"
                }
            ],
            "songs": [
                {
                    "name": "En fjendes d\u00f8d",
                    "length": "07:56",
                    "url": "https://www.metal-archives.com/release/ajax-view-lyrics/id/1950778",
                    "darklyrics": "\nMed st\u00e5lets styrke sl\u00e5s du ned\r\nDin tro ford\u00e6rver \u00e6ttens led\r\nMed list og nidskab smeder du\r\nAf l\u00f8gnes l\u00e6nker \u00e6re ej i hu\n\r\nTjener blind af troskab\r\nTjener du en l\u00f8gner\n\r\nAf styrke da du kom\r\nMen svaghed her forlod\r\nBl\u00f8der du ved min fod\r\nSpildte du dit liv\r\nSkyldte fr\u00e6nders tid kiv\n\r\nMed st\u00e5lsat sind jeg st\u00e5let trak\r\nEndte sk\u00e6bnen og dit blod jeg drak\n\r\nEn fjendes d\u00f8d s\u00f8gte jeg med mod\r\nEn fjendes d\u00f8d smagte jeg i blod\r\nEn fjendes d\u00f8d vejen nu er lagt\r\nEn fjendes d\u00f8d h\u00e6vnen nu er bragt\n\r\nEt mord en h\u00e6vn et offer\r\nEn d\u00f8d det er for jer\r\nSer I ej hvad bag dette l\u00e5\r\nForr\u00e6deri fra egen fold\n\r\nSvig skal alle vide\r\nBliver straffet med d\u00f8d\r\nSes ved nattetide \r\nMit hadets gl\u00f8d\n\n",
                    "darklyrics_url": "http://www.darklyrics.com/lyrics/angantyr/svig.html#1"
                },
                {
                    "name": "Raukes ran",
                    "length": "09:22",
                    "url": "https://www.metal-archives.com/release/ajax-view-lyrics/id/1950779",
                    "darklyrics": "\nFlugtens lethed undres\r\nIngen modstand m\u00f8dte han\r\nTil skjul af ukendte veje han haster\n\r\nOm fuldendt d\u00e5d han vil berette\r\nNu er fjenders tro rustet\r\nOg magtfuldt mandtal mindsket\n\r\nPlanen om en let belejring\r\nI sind han l\u00e6gger klar\r\nSnarligt fjendens folk snares skal\r\nOg fjernes skal forr\u00e6deri fra folk\n\r\nFjernt f\u00f8les flammer\r\nHjemstavn st\u00e5r i brand\r\nV\u00e5bens vej han ser\r\nSindet ved hadets rand\n\r\nEnden p\u00e5 et uventet angreb\r\nHan i skovens skjul ser med sorgsind\r\nBr\u00e6ndte fr\u00e6nders r\u00f8g i hans \u00f8jne svier\r\nMens han s\u00f8ger efter liv\n\r\nEn hulken i ruiners r\u00f8g varsler valflugt\r\nSigyn st\u00e5r ved stammen med st\u00e5let for bryst\n\r\nFor fr\u00e6ndes h\u00e5nd skal hun falde\r\nS\u00e5 tie hun kan om Raukes ran af tillid og troskab\r\nI fr\u00e6nders forsvar han fandtes ej da angreb fandt sted\r\nFor skjulets sted han solgte for s\u00f8lv\r\nAf Arngrims sv\u00e6rd spiddet\r\nInden kvindemord kom fra h\u00e5nd\r\nP\u00e5 modsat side af st\u00e5let han nu sidder\n\r\nRaukes ran mange m\u00e6nd myrdede\r\nL\u00f8fter om liv l\u00f8ber ud med blodets bane\n\n",
                    "darklyrics_url": "http://www.darklyrics.com/lyrics/angantyr/svig.html#2"
                },
                {
                    "name": "Skyggespil",
                    "length": "07:36",
                    "url": "https://www.metal-archives.com/release/ajax-view-lyrics/id/1950780",
                    "darklyrics": "\nI horisonten br\u00e6nder ilden h\u00f8jt mod himlen\r\nBag hende br\u00e6ndte lig begraves\r\nP\u00e5 sin f\u00e6rd hun husker Arngrims ord\r\nMens blad og kvist mod hende sl\u00e5r\n\r\nSer du d\u00f8den komme n\u00e6rmere i natten\r\nVores tid er snart til ende hvis gerning ej g\u00f8res\r\nFr\u00e6nders vid overvindes med l\u00f8gn hvis sandheds ord ej h\u00f8res\r\nI falskt ham velkommen vindes\r\nIndefra m\u00e5 folkets r\u00e5d rives og nidskab nedbringes\n\r\nVed egen h\u00e5nd hun sine kl\u00e6der rev itu for sindets syn at snyde\r\nS\u00e5r hun i sig skar med klinge kold for overbevisning a yde\n\r\nT\u00e5refuldt afsked tages og lang rejse dages\r\nH\u00e5bet i hende bor om igen sit barn at se\r\nEt skyggespil derfor m\u00e5 drives\n\r\nVed skovbryn hun standser\r\nEn sidste tanke t\u00e6nker\r\nP\u00e5 fr\u00e6nder, fortid og tab\r\nBeslutningen hun tager\r\ns\u00e6nker blikket og sin sk\u00e6bne g\u00e5r i m\u00f8de\n\n",
                    "darklyrics_url": "http://www.darklyrics.com/lyrics/angantyr/svig.html#3"
                },
                {
                    "name": "Svig",
                    "length": "09:10",
                    "url": "https://www.metal-archives.com/release/ajax-view-lyrics/id/1950781",
                    "darklyrics": "\nSvig...\r\nBedraget begynder med modig mine\r\nI fjendes fold skal f\u00f8res spil for slette folk\n\r\nVarsomme vagter selvgjort skade skuer\r\nP\u00e5 halvn\u00f8gen kvindes krop i v\u00e5geflammers sk\u00e6r\r\nVed porten hun synker sammen i list\r\nVed endnu ej at dette vil ende med hendes svig\n\r\nBedraget begynder med modig mine\r\nI fjendes fold skal f\u00f8res spil for slette folk\n\r\nMange m\u00e5ner bruges p\u00e5 v\u00e6rdighed at vise\r\nS\u00e5 stilhed sejrer st\u00f8rst\r\nFjendes k\u00e5dhed bringer tr\u00e6llekl\u00e6dt til trone\r\nHun bydes at vise sin dyd og kendes igen af en kriger\n\r\nRigdom frem for \u00e6re hun valgte\r\nI Danermord han f\u00f8rte st\u00e5l\r\nRyggen til \u00e6tten han vendte\r\nI magt og nidskab han s\u00e5 sit m\u00e5l\n\r\nFlugtens f\u00e6rd fra folk i skoven om fangenskab hun fort\u00e6ller\r\nBeretningen skal bringe budskab og se begyndelsen p\u00e5 svig\n\r\nSidste led i sl\u00e6gten af konge\u00e6t f\u00f8dt\r\nEn trussel mod tronen eller en st\u00e6rk alliance\r\nMen troskab skal s\u00e6ttes p\u00e5 pr\u00f8ve\r\nS\u00e5 svigte hun skal sit folk\n\n",
                    "darklyrics_url": "http://www.darklyrics.com/lyrics/angantyr/svig.html#4"
                },
                {
                    "name": "Ni lange n\u00e6tter",
                    "length": "04:15",
                    "url": "https://www.metal-archives.com/release/ajax-view-lyrics/id/1950782",
                    "darklyrics": "\nS\u00e5 du mod sky da fuglen fl\u00f8j\r\nBr\u00f8d du da blikket bort fra b\u00e5ret byrde\n\r\nV\u00e6k var v\u00e5gne \u00f8jne v\u00e6k var vantro\r\nFjende fanger fangst f\u00f8r farlig\n\r\nSandhed skues\r\nKamplyst kues\r\nFred fra fredl\u00f8s flugt\r\nFanget af fjende\n\r\nNi lange n\u00e6tter\r\nFra fangehul kaldes\r\nTil underjords v\u00e6tter\r\nTidens svig gjaldes\n\r\nS\u00e5 du mod sky da fuglen fl\u00f8j\r\nBr\u00f8d du da blikket bort b\u00e5ret byrde\n\n",
                    "darklyrics_url": "http://www.darklyrics.com/lyrics/angantyr/svig.html#5"
                },
                {
                    "name": "Arngrims armod",
                    "length": "09:59",
                    "url": "https://www.metal-archives.com/release/ajax-view-lyrics/id/1950783",
                    "darklyrics": "\n\u00c6ldgamle ord Arngrims armod ytrer\r\nManes mod m\u00f8rk m\u00e5ne\r\nSk\u00e6lver gennem sk\u00e6ndet krop\r\nJern og ild kaldte blodet frem\n\r\nN\u00e6tter ni p\u00e5 pinsler rige\r\nL\u00e6nket fast under jord er dage slige\r\nFjernt fra sind er h\u00e6vnens h\u00e5b\r\nNattens v\u00e6sner vidner Arngrims r\u00e5b\n\r\nSpor af skjulte skridt i skoven slettes\r\nBag flygtigt folk af fortid uret rettes\r\nSaga og sagn at vide ved b\u00e5let sunget\r\nS\u00e5 usete fr\u00e6nders f\u00e6rden ej er svundet\n\r\nL\u00e6nker l\u00f8ftet og af fangenskab flygtet\r\nH\u00e6vnen har sig vokset i vildskab\r\nSorgen over sviende svig hamrer i hjertet\r\nNu er der ingenting tilbage at miste\r\nIngenting\n\n\n\n\n",
                    "darklyrics_url": "http://www.darklyrics.com/lyrics/angantyr/svig.html#6"
                }
            ],
            "song_names": [
                "En fjendes d\u00f8d",
                "Raukes ran",
                "Skyggespil",
                "Svig",
                "Ni lange n\u00e6tter",
                "Arngrims armod"
            ]
        },
        {
            "name": "Forvist",
            "type": "Full-length",
            "year": 2012,
            "review_num": 0,
            "review_avg": null,
            "url": "https://www.metal-archives.com/albums/Angantyr/Forvist/353005",
            "reviews_url": null,
            "reviews": [],
            "songs": [
                {
                    "name": "L\u00e6nket",
                    "length": "11:28",
                    "url": "https://www.metal-archives.com/release/ajax-view-lyrics/id/2459867"
                },
                {
                    "name": "I forf\u00e6dres fodspor",
                    "length": "06:07",
                    "url": "https://www.metal-archives.com/release/ajax-view-lyrics/id/2459868"
                },
                {
                    "name": "Vemods hjemstavn",
                    "length": "07:40",
                    "url": "https://www.metal-archives.com/release/ajax-view-lyrics/id/2459869"
                },
                {
                    "name": "Forvist",
                    "length": "06:30",
                    "url": "https://www.metal-archives.com/release/ajax-view-lyrics/id/2459870"
                },
                {
                    "name": "F\u00e6lles fjende",
                    "length": "07:08",
                    "url": "https://www.metal-archives.com/release/ajax-view-lyrics/id/2459871"
                },
                {
                    "name": "Stille skarpe knive",
                    "length": "09:06",
                    "url": "https://www.metal-archives.com/release/ajax-view-lyrics/id/2459872"
                },
                {
                    "name": "Skovens egne v\u00e5ben",
                    "length": "09:15",
                    "url": "https://www.metal-archives.com/release/ajax-view-lyrics/id/2459873"
                }
            ],
            "song_names": [
                "L\u00e6nket",
                "I forf\u00e6dres fodspor",
                "Vemods hjemstavn",
                "Forvist",
                "F\u00e6lles fjende",
                "Stille skarpe knive",
                "Skovens egne v\u00e5ben"
            ]
        },
        {
            "name": "Ulykke",
            "type": "Full-length",
            "year": 2018,
            "review_num": 1,
            "review_avg": 86,
            "url": "https://www.metal-archives.com/albums/Angantyr/Ulykke/695084",
            "reviews_url": "https://www.metal-archives.com/reviews/Angantyr/Ulykke/695084/",
            "reviews": [
                {
                    "title": "Cracks in the fa\u00e7ade - 86%",
                    "content": "Repetitive, atmospheric black metal has kind of been run into the ground in recent years. Lots of bands basically do the same thing and kind of get away with it because it ends up being sort of pleasant background music. Now I don't say that black metal has to be offensive and into your face, black metal is capable of being many things but who really wants just to create pleasant background music? I sure as hell do not.\n\nAngantyr to me is one of the main post classic era black metal bands that knows what atmospheric black metal should be like. On albums like Haevn, Ynleborgaz(the mastermind behind the band) reaches heights that only the truly great can achieve. Ulykke is the 6th offering from his hands and mind under the Angantyr banner and once again he delivers something familiar yet still special. The basic formula of the band is seemingly simple yet somehow I have not heard anyone else do it. It boils down to combining folkish black metal a la Enslaved and Kampfar with DSBM. I have to get out of the way first of all that I am not a fan of DSBM. However this mixture combined with Ynleborgaz superb sense for melody, riffcraft and songwriting creatures something very stirring and emotional. He does this with only a couple riffs and changes per song yet every single riff is memorable and every change serves nothing but stir the imagination. \n\nHowever there are some issues with this album, basically Ynleborgaz has been making the same kind of music with the same kind of production for a rather long time now and sadly this is starting to show. While there are still some incredible moments and songs on this album. Some parts of this album, while not exactly uninspired, do strike me as something Angantyr has done before and has done better. This gives me the feeling that this album marks the end of the line in terms of creativity for Angantyr. This specific sound has now been thoroughly explored both in terms of songwriting as well as making it sound as good as possible.\n\nI might sound a bit negative with that final passage but still this is a very good album, I can't think of many bands that release albums on a level as high as Ulykke 6 albums deep into their career. It just might be time to call it a day, if so this would be a fitting and powerful farewell.",
                    "date": "May 22nd, 2019"
                }
            ],
            "songs": [
                {
                    "name": "Ulykke er dit navn",
                    "length": "07:44",
                    "url": "https://www.metal-archives.com/release/ajax-view-lyrics/id/4481458",
                    "darklyrics": "\nHemmelig fryd du h\u00f8ster\nOver anden mands mismod\nFjende eller fr\u00e6nde betyder intet\nN\u00e5r illd\u00e5ds ild ulmer\n\nAsken gemmer gl\u00f8der\nVoksende til valbrand\nVentende bag skygger\nDu fr\u00e6nde til d\u00f8den\nMed b\u00e6lgen bl\u00e6ser\n\nN\u00e5r sindet ej er st\u00e6rkt\nG\u00f8res gerning ej af godhed\nAlene ved fortr\u00e6d\nKommer gl\u00e6de og n\u00f8je\n\nUlykke er dit navn\nOg til Hel dit folk f\u00f8rer\nMed lange l\u00f8gne\nJordl\u00e6gges land og rige\n\nRigdoms rygter vidt du varsler\nFyrig fr\u00e6nde f\u00e6rdes frygtl\u00f8s\nMod d\u00f8den i dybet\n\nTrofast tr\u00e6der\nH\u00f8vdings hirdm\u00e6nd\nI fylking\n\nBestemt du har\nAllerede enden\nForledt og blindt lokket\nHeldet tros at ville vare\nFor evigt ford\u00f8mt\nVil alle v\u00e6re\n\n",
                    "darklyrics_url": "http://www.darklyrics.com/lyrics/angantyr/ulykke.html#1"
                },
                {
                    "name": "Visdoms virke",
                    "length": "08:17",
                    "url": "https://www.metal-archives.com/release/ajax-view-lyrics/id/4481459",
                    "darklyrics": "\nFor eget liv g\u00f8r du bedst at leve\nI egen stand sidde stolt\nFor der egne love at l\u00e6re\n\nSt\u00e6rk er ene mand sikker\nN\u00e5r viddet holdes rent\nOg egne m\u00e5l m\u00f8des\n\nFortvivl ej for egen fremtid\nGerninger gode glemmes ofte\nMedens mands misvirke\nVanetro vender tilbage\n\nTro ej din hensigt \u00e6del\nD\u00e5den f\u00f8lt af urent hjerte\nManes af mistro\nMed modvilje m\u00f8des\n\nSande vil skinsyge sind\nSe vil skadesynte\nAt verdens pris ej beh\u00f8ves\nOg selvets styrke ej ber\u00f8ves\nDen som af visdom virker\nOg af sin d\u00e5d er stolt\n\n",
                    "darklyrics_url": "http://www.darklyrics.com/lyrics/angantyr/ulykke.html#2"
                },
                {
                    "name": "Krageben",
                    "length": "07:32",
                    "url": "https://www.metal-archives.com/release/ajax-view-lyrics/id/4481460",
                    "darklyrics": "\nFor f\u00f8dderne af h\u00e6ngte m\u00e6nd\nHan sidder med luset liv i laser\nLytter til de d\u00f8des hvisken\n\nAlle ham flyr som farlig pest,\nhvad han end r\u00f8rer, vanheld han volder.\nI hans spor g\u00e5r sygdom og sot.\nHvor han vandrer, visner alt.\n\nUh\u00f8rte r\u00e5d med minel\u00f8s maske m\u00e6let\nH\u00f8rer han de hvilel\u00f8ses rustne r\u00f8ster\nLavm\u00e6lt langtrukkent lyder\n\nDe tabte ord som tunger aldrig talte\nFra stemmerne som reb og stok kvalte\nDen dyrebare pris, om hel at v\u00e6re vis\nMod ensomhed og afsky, bestandig b\u00f8r betales\n\nI r\u00e5ddent dynd dryppet\nMed n\u00e6b og kl\u00f8er dyppet\nK\u00f8det fra lemmer l\u00f8srevet\nMinde om liv uden lov levet\n\nKrageben p\u00e5 offerkl\u00e6de kastes\nFor d\u00f8def\u00e6rd at f\u00f8re\nKrageblod for offersyn ofres\nFor l\u00f8gnens lig med rette at se\n\n",
                    "darklyrics_url": "http://www.darklyrics.com/lyrics/angantyr/ulykke.html#3"
                },
                {
                    "name": "Tr\u00e6l af tomme ord",
                    "length": "07:46",
                    "url": "https://www.metal-archives.com/release/ajax-view-lyrics/id/4481461",
                    "darklyrics": "\nBlodet fra uskyldige m\u00e6nd farver mine h\u00e6nder\nLang tid det tog ej at ende deres liv\n\nTryglende om n\u00e5de, siddende p\u00e5 kn\u00e6\nEfter deres iver og kamplyst jeg overvandt med v\u00e5ben\n\nSelv i beder om evigt liv\nJeres \u00f8nske jeg opfylder blot\n\nHovedet delt i to med \u00f8ksens skarpe blad\nI pr\u00e6stefedt smurt ind for hurtig d\u00f8d at bringe\n\nSelv i beder om evigt liv\nJeres \u00f8nske jeg opfylder blot\n\nTo gange t\u00e6nker jeg aldrig\nMen fra hjertet hastigt handler\nMin vej blev for mig lagt\nFor l\u00e6nge siden af varsomme valgs voldsomme virke\n\nEn efter en jeg s\u00e5 dem mod lyset sig vende\nAf l\u00f8se l\u00f8fter lade sig binde til tr\u00e6l af tomme ord\n\nBlinde br\u00f8dre bag fromme smil\nVil vansinds vej v\u00e6lge hver eneste gang\n\nLig de ligger for mine f\u00f8dder\nVed dette standser jeg ej\nKraftfulde klager fra bjerges r\u00f8dder\nVender verden ved jeg\n\nForbryder blev jeg kaldt under h\u00e5nligt herred\u00f8mme\nHyldes nu i al tid som skaber af stolte sagn\n\n",
                    "darklyrics_url": "http://www.darklyrics.com/lyrics/angantyr/ulykke.html#4"
                },
                {
                    "name": "Falbudt og forr\u00e5dt",
                    "length": "07:30",
                    "url": "https://www.metal-archives.com/release/ajax-view-lyrics/id/4481462",
                    "darklyrics": "\nJaget af mange m\u00e6gtige m\u00e6nd\nder trol\u00f8s troskab har taget\nFor liv og levned at beholde n\u00e5r tiden\nskifter magten fra mand til mand\n\nEn ussel orm de f\u00f8lger\nDer ufortjent p\u00e5 t\u00e5bernes trone sidder\nMagt f\u00f8r mod\nFrie sind m\u00e5 f\u00e6ldes for tyranni at tage\nS\u00e5 frygt for fr\u00e6nders forfald forleder\nEn ussel orm du f\u00f8lger\nDer ufortjent p\u00e5 t\u00e5bernes trone sidder\nHvorn\u00e5r blev m\u00e6nds \u00e6re af hvidekrist ford\u00e6rvet\nOg p\u00e5 vrangen vendt?\n\nEj for folk og fr\u00e6nder skal gerning nu g\u00f8res\nMen for egen magt og vinding\nBag r\u00e6nker af utrolig guddom\n\nSer du dig selv stor n\u00e5r stolt du tr\u00e6der over\nLigene af br\u00f8dre og landsm\u00e6nd\n\nAlt som dig formede af fortids foragt\nAlle der i megen modgang ved din side stod\nI vejen for dit svig nu st\u00e5r\n\nFalbudt og forr\u00e5dt da modstand m\u00f8dtes\nFr\u00e6nders b\u00e5nd forkastet da brodermord blev budt\n\u00c6rel\u00f8s og \u00e6rgerrig, sindet du solgte da s\u00f8lvet du s\u00e5\n\nBlodig, lovl\u00f8s, forsl\u00e5et\nFlygtet fra forr\u00e6der\nListige planer l\u00e6gges\nDagen skal komme\n\n",
                    "darklyrics_url": "http://www.darklyrics.com/lyrics/angantyr/ulykke.html#5"
                },
                {
                    "name": "P\u00e5 sin moders grav",
                    "length": "10:06",
                    "url": "https://www.metal-archives.com/release/ajax-view-lyrics/id/4481463",
                    "darklyrics": "\nBag stammer skjult under skovens krone\nForh\u00f8jning af jord gemmer p\u00e5 um\u00e6rket grav\n\nEt nyf\u00f8dt barn sultent gr\u00e6der\nL\u00e6ber bl\u00e5, kulden er kommet\nFjerne \u00f8rer i aftendisen hulkene h\u00f8rer\nGr\u00e5bens gule \u00f8jne ser menneskebarnet uden moder\n\nMangel af mad fik fattig families fader\nAt l\u00e6gge den lille p\u00e5 nygravet grav\n\nEt nyf\u00f8dt barn sultent gr\u00e6der\nL\u00e6ber bl\u00e5, kulden er kommet\nFjerne \u00f8rer i aftendisen hulkene h\u00f8rer\nT\u00e5gens t\u00e6ppe tr\u00e6kker sig t\u00e6t\n\nI anstrengt armod, moder til to\nFors\u00f8gte sine b\u00f8rn at fors\u00f8rge\nFra fattigdommens fjendskab flygtet\nDet tredje hende i d\u00f8den drog\n\nLadt alene tilbage p\u00e5 sin moders grav\nDrengebarnets sp\u00e6de r\u00f8st i kulden forsvinder bort\n\nFlokken af natdyr, forh\u00f8jningen sig n\u00e6rmer\nBidske blikkes bj\u00e6ffen varsler voldsom valf\u00e6rd\n\nFlammer over flokdyr flyver\nBarske br\u00f8l barnet beskytter\nMed m\u00f8rket i ryggen og med br\u00e6ndende bryst\nEn skare af skygger\nSkovsat s\u00f8n fra sikker d\u00f8d stj\u00e6ler\n\nForseglet er nu hans fremtid\nTil tidens t\u00e5ger at tjene\n\n",
                    "darklyrics_url": "http://www.darklyrics.com/lyrics/angantyr/ulykke.html#6"
                },
                {
                    "name": "R\u00e5ddenskab i sortenmuld",
                    "length": "10:29",
                    "url": "https://www.metal-archives.com/release/ajax-view-lyrics/id/4481464",
                    "darklyrics": "\nBen og brusk og t\u00e6nder i sortenmuld forg\u00e5r\nSten og Aske, skind og tr\u00e6, alt vil det med tiden forsvinde\nFra verdens vidder. V\u00e6re for evig bortglemt\nBag r\u00e5ddenskabens retning\nTror du om dig selv andet\n\nBlodet for l\u00e6ngst t\u00f8mt ud af stormand og tr\u00e6l\nTarme str\u00e6kket lange af bonde og kriger\nOfret er det samme, villigt eller ej\n\nTil mosevand liv er viet\nTiden til t\u00f8rv resterne forvandler\n\nUnder m\u00f8rkets muld eller i mosens mudder\nFra dagen det druknes\nFor verden begraves\nLever det i mindet dit\n\n\n\n",
                    "darklyrics_url": "http://www.darklyrics.com/lyrics/angantyr/ulykke.html#7"
                }
            ],
            "song_names": [
                "Ulykke er dit navn",
                "Visdoms virke",
                "Krageben",
                "Tr\u00e6l af tomme ord",
                "Falbudt og forr\u00e5dt",
                "P\u00e5 sin moders grav",
                "R\u00e5ddenskab i sortenmuld"
            ]
        }
    ],
    "album_names": [
        "Kampen forts\u00e6tter",
        "Sejr",
        "H\u00e6vn",
        "Svig",
        "Forvist",
        "Ulykke"
    ],
    "info": {
        "Country of origin": "Denmark",
        "Location": "Copenhagen, Hovedstaden",
        "Status": "Active",
        "Formed in": "1997",
        "Genre": "Black Metal",
        "Lyrical themes": "Scandinavian history",
        "Current label": "Northern Silence Productions",
        "Years active": "\n1997-present "
    }
}