{
    "name": "Apocalypse",
    "id": "19770",
    "url": "https://www.metal-archives.com/bands/Apocalypse/19770",
    "albums": [],
    "album_names": [],
    "info": {
        "Country of origin": "United States",
        "Location": "Manchester, New Hampshire",
        "Status": "Split-up",
        "Formed in": "2003",
        "Genre": "Black Metal/Ambient",
        "Lyrical themes": "Hell, Darkness",
        "Last label": "Unsigned/independent",
        "Years active": "\n2003-? "
    }
}