{
    "name": "Ashes You Leave",
    "id": "1621",
    "url": "https://www.metal-archives.com/bands/Ashes+You+Leave/1621",
    "albums": [
        {
            "name": "The Passage Back to Life",
            "type": "Full-length",
            "year": 1998,
            "review_num": 3,
            "review_avg": 77,
            "url": "https://www.metal-archives.com/albums/Ashes_You_Leave/The_Passage_Back_to_Life/4594",
            "reviews_url": "https://www.metal-archives.com/reviews/Ashes_You_Leave/The_Passage_Back_to_Life/4594/",
            "reviews": [
                {
                    "title": "Turn Loose the Ashes - 70%",
                    "content": "Out of all the bands that are known for pioneering the whole gothic metal movement, Ashes You Leave is one of the less referenced bands out of the bunch. I can imagine a few reasons as to why that is, such as the fact that metal itself isn't all that big in Croatia, or that they go through vocalists like they go through underwear, but I personally think a big part of it is that they just aren't that great. Their second and third albums consisted of unique and well-nuanced gothy doom/deathy material, but were flawed with a sub-par production quality, a weak guitar sound, and female vocalist who had a tendency to overextend herself and sound pretty out of tune at times. Everything post-The Inheritance of Sin and Shame is utterly dull, watered down gothic metal that fails to retain any intensity. This album isn't perfect either, by any means, but is at least the most intense and most well-performed out of the rest of their discography, in my eyes.\n\nBefore I go any further, let me make it very clear; this album is a female-fronted equivalent to My Dying Bride's second album, Turn Loose the Swans, and the band is fully aware of that. Nobody can deny that The Passage Back to Life shamelessly ripped off the Brits' seminal release, and obviously, it showed that the band lacked major originality at the time. However, I can't rip into them too hard for that, because even though it so very blatantly takes so much from MDB, I can't say I hate it.\n\nThe saving grace of The Passage Back to Life is that it retains a major factor that I felt was beginning to disappear in death/doom as gothic metal started to come on the rise; INTENSITY. It's heavy, ominous, and genuinely dark. At the time of this album, bands like Theatre of Tragedy, Saturnus, and The Sins of Thy Beloved also started to emerge. They all shared traits similar to this album in that they took their influences directly from doom/death metal, though they diluted their style more and more into the romantic aspects of their music, pushing the saccharine elements (lyrics about undying love, sugary sweet keyboards, or soft female vocals) until it wiped out the aggression of the music. This album has pianos, violins, flutes, and a lead female vocalist, but it keeps its feet firmly planted in death/doom metal, and never comes off as sounding sweet or sensitive.\n\nThe album has an instrumental intro, as well as a quiet intermission and an ambient outro, the former featuring some atmospheric pianos and violins, with the latter consisting of a quiet clean guitar passage with distant croons from lead singer, Dunja Radetic. The four main tracks on the album consist of thick, harrowing doom/death metal with an interplay between the clean alto singing and the deep grunts of keyboardist, Vladimir Krytuija. As I stated before, pianos, violins, and flutes are all featured on this album, and they are used to create a Medieval, slightly folk-tinged feel. The violins are used the most liberally, and blend very nicely with the guitars.\n\nThe guitars sound full, resonant, and thick. They have a deep tone and trudge at the pace of a dying mammoth, most of the time. In terms of tempo and riffage, I would actually like to say that the influence of early Cathedral seems to stand out in the gritty, funeral-paced, dire feel of some of the slowest sections. The marching rhythm of the drums and slightly gnarly guitar tone cause for a pleasantly ugly sound, which balances out well with the more melodic aspects of the music. Topping off the more aggressive side are the addition of up-tempo death metal sections, which stand out most particularly in tracks 'Thorn of the Dead Flower' and 'White Chains'. Unfortunately, these fast-paced bits don't pop up as frequently as they could, or very well should. Had there have been some blastbeats and more Autopsy-flavored riffs tossed around here and there just a little, I feel it would have done quite a bit to add some more versatility to the compositions, which follow fairly simplistic structures.\n\nThe vocals themselves are good, not great. The balance between the two vocalists is about 65/35, with Dunja's solemn cleans taking dominance over the standard grunts. Dunja's singing voice is, for the most part, very reserved and restrained. Her singing on the title track and 'Lay Down Alone' consists of mid-range, slightly Middle Eastern-sounding lines. Her deep alto voice is pretty powerful and distinctive, making for an effective lead voice over the rest of the music. On the other tracks, she makes more usage of higher range, soprano-style chanting, which sounds alright, but ultimately doesn't leave quite as much of an impression. Thankfully, she doesn't try too hard to sound \"angelic\" and wind up overextending herself, which she would end up doing on the two albums that followed this one. Vladimir's harsh vocals consist of simple, deep, death metal barks and bellows, which are suitable for the most aggressive sections of the songs. I was kind of let down that he wasn't featured more often throughout the album, as his contributions seem too brief and rare for what is stylistically a death/doom metal album. The later albums would feature Berislav Poje's gnarly screams for the harsh vocal counterpart, which would have also been a suitable addition to the mix.\n\nUltimately, what holds the album back the most for me is how short it seems. As I stated before, there are only four main tracks here, and though they are all reasonably lengthy songs, not that much really happens in the music itself. It causes the album itself to seem incomplete or sort of pieced together, as it doesn't feel like one cohesive piece of work as a whole. I think, had the three interlude pieces (which are more or less completely useless) been replaced with three slightly shorter tracks, it perhaps would have helped the album seem more full and accomplished. With only the four tracks and the three throw-away tracks, it feels as if this album borders on being an EP or demo release.\n\nGoing back to what I said at the beginning of the review, this album is the female-fronted equivalent to early My Dying Bride, so it's clear that this album will be most suitable for fans of the band. Of course, it would also be worth recommending to those who like the early albums of Anathema, Paradise Lost, and Theatre of Tragedy. In terms of execution, vocal style, and atmosphere, I would also say that Australia's The Slow Death perhaps lie closest to this album. To sum things up, this really isn't a bad album; it's decent doom/death metal that employs a lead female vocalist and dabbles in gothic influences, without saturating itself in the more accessible and romantic aspects of the music. However, it will only really appeal to a particular audience, and therefore, will probably never be viewed as a \"classic\" album.",
                    "date": "November 2nd, 2015"
                },
                {
                    "title": "For those who like MDB - 98%",
                    "content": "Eastern Europe isn't known for its Metal, or music in general. There are very few that come out and the ones that do, typically aren't very good and/or fade away shortly afterwards. This band however, has been in the game for sometime and given their geographic location actually delivers the goods.\nTheir debut album is nothing short of flagrant MDB worship, with that said, it\u2019s a very good debut for what it is, but it looses points due to lack of originality. \nThis album is akin to a slower 'As the Flower Writhers' era MDB. There is violin, slow romantic passages, and bursts of speed here and there. One of the bigger difference between this and MDB would be there is a female vocalist number one and number two she is the primary vocalist.\nRegarding the vocals, for starters their very different. Most people expect a female vocalist to sound like Christina Scabbia or Tarja, or Anneke, trained and/or with a great range. This isn't the case here. Dunja has a good voice, but it\u2019s more of a lower to mid range and it adds a different quality to the music at large. She does whale in a few places here and there but her unique vocals add a haunting sense of longing and sorrow that would otherwise be lost if she was a full blown soprano. There is a tangible yet ethereal presence in her voice that is simply wonderful (neat trick).\nThe male vocal presence is scant at best and is more in the old school style of cookie monster grunts. Not a whole lot else can be said, aside from they fit the music as well as could be expected.\nThe guitars are fairly thick and heavy. They have a keen sense of melody, but once again, they do borrow an obscene amount of riffs from MDB. The bass more or less follows the guitars and the drums are standard for the given style. \nThere are some keyboards present and they add a very strong depressive atmosphere. They aren't played constantly and are more or less used for filler between songs and intro/outros, but they are used to very good effect. The violin is also played well, but a little too close to Martins style (the keys are in the same boat most of the time).\nThe production is surprisingly good for an eastern European band. With the overall quality of the material exceptionally high. While not the most original it\u2019s certainly delivered with precision and conviction. You could certainly do far worse.",
                    "date": "January 7th, 2008"
                },
                {
                    "title": "What if My Dying Bride ever had a female singer? - 63%",
                    "content": "Croatian Ashes You Leave seems to be one of the most heard metal bands from ex- Yugoslavia, outside of domestic boundaries. Often compared with My Dying Bride simply as their rip-off, and also with early Theatre Of Tragedy as their boring grey-side, it's unbelievable for many people how this band suceeded outside of Croatia, because there is surely a lot of much better and inventiable bands.\n\"The Passage Back To Life\" is AYL's first album, in so many other reviews often seen as their worst release by the total lack of inventiability. Yes, \"The Passage Back To Life\" is album who's songwriting is totally addicted to MDB's \"Turn Loose The Swans\", but the madmans like me goes too far and proclaim this album as Ashes You Leave best! This is one of these good albums with very little dose of originality. This is far, far away from brilliant, but it's very tasteful and close to be called interesting. Why if almost more than a half of these downtuned heavy riffs from this album sounds like criminaly stolen directly from \"Turn Loose The Swans\", also the famous violin-lines? The main reason why I found this album interesting is the soprano vocals (with some folky vibe somethimes), and this album could be the right choice if you ever wander how would My Dying Bride sounds if they ever had a female singer. At least, \"The Passage Back To Life\" have some really strong moments. For example, the first half of the \"Lay Down Alone\" - surely the best part of the album... But, unfortunately, later this track also goes towards simple MDB cloning somwhere in the middle of the track where comes the typical Aaronesque growl supported with also typical MDB riffing and violins.\nAfter all, on this album, even without too much originality Ashes You Leave suceeded to create very strange and interesting dark atmosphere, that sounds, for paradox, very unique. You can hear this after some listenings, when you get a little deeper into this album. \"The Passage Back To Life\" looks like a pretty solid debut album for a promising underground band, but sadly, Ashes You Leave ruined their potentials on their latest releases. It is unfortunate how they later didn't continued to develop better their sound and trying to find a originality in this strong and heavy death/doom vein from \"The Passage Back To Life\", which is much more suitable for them. Instead, they developed their sound much worse towards the mediocre sounding operatic - gothic metal in Theatre Of Tragedy/ Tristania area. The final result from that long road is a totaly embarassing disaster called \"Fire\". Sadly lost band.",
                    "date": "December 11th, 2004"
                }
            ],
            "songs": [
                {
                    "name": "Salva Me (Intro)",
                    "length": "02:19",
                    "url": "https://www.metal-archives.com/release/ajax-view-lyrics/id/41829"
                },
                {
                    "name": "The Passage Back to Life",
                    "length": "08:32",
                    "url": "https://www.metal-archives.com/release/ajax-view-lyrics/id/41830",
                    "darklyrics": "\nCross the line of dirty minds \nWalk through the flowers and colourful mountains \nWhere you sense the odour of the sky \nWhere you touch it with your fingers \nBreathe in the air that the sky gives to you \nSense the smell of heavenly plants \nIn mountain's garden made for people like us \nWhere an artist creates his priceless pieces \nIt will sink into blackness, it will die \nTake what life offers you today \nFor tomorrow it may not be here \nMaybe only there we can find peace, prosperity \nTowards the blue mountains \nWhite like dew and blue like rain \nProsperity, the passage back to life \nIt's human hand...the kingdom before the lies \nTake me, let me feel \nWhen will the real kingdom come?\n\n",
                    "darklyrics_url": "http://www.darklyrics.com/lyrics/ashesyouleave/thepassagebacktolife.html#2"
                },
                {
                    "name": "Thorn of the Dead Flower",
                    "length": "09:18",
                    "url": "https://www.metal-archives.com/release/ajax-view-lyrics/id/41831",
                    "darklyrics": "\nOn the way led by the steps \nAnd on the dead sea \nYou can find the way but not until... \nYou make blind, hate destroys \nTears leaf from bleeding tree \nMaybe the tree of life \nMaybe of me \nDon't need you, don't want you \nDon't need a saviour \nI hate you, \nI trusted you \nI lost the wind \nThrough your hair my fingers bleed \nLike a tear and a sunset in the woods \nIt's a shame to wish to feel \nBut not until... \nNow I see the thorn of the dead flower \nIn your eyes, in your eyes \nLike a sea that runs \nInto the Abyss, oblivion \nI see the past of humans black \nI stand all night and I pretend \nTo know the way to the cathedral \nTouch inside, touch with me, deep inside \nI need to know... To know the world \nOh God! i'll take the light from me \nCome with me follow me \nFollow me to see the truth \nAmong the clouds, follow me \nOr I will prove your existence \nFollow me, follow me \nOr I will prove that you are dead \nAmong the clouds, among the clouds \nSadness lives after we die \nLike a star in my mother's...\n\n",
                    "darklyrics_url": "http://www.darklyrics.com/lyrics/ashesyouleave/thepassagebacktolife.html#3"
                },
                {
                    "name": "Drowning in My Dreams",
                    "length": "05:59",
                    "url": "https://www.metal-archives.com/release/ajax-view-lyrics/id/41832",
                    "darklyrics": "\nMeadows of candles around me \nI'm drowning in my dreams\n\n",
                    "darklyrics_url": "http://www.darklyrics.com/lyrics/ashesyouleave/thepassagebacktolife.html#4"
                },
                {
                    "name": "Lay Down Alone",
                    "length": "09:38",
                    "url": "https://www.metal-archives.com/release/ajax-view-lyrics/id/41833",
                    "darklyrics": "\nTill now my life was just a play \nThe love, the pain and faith \nI feel this cold wind on my skin \nThis gray wind of the pain \nWinter wakes up my memories \nAnd screaming to my heart \nI'm looking through the emptiness \nAnd search for your light \nThe time has taken our innocence \nDon't let time take our soul \nThis dead ocean in your mind \nIs every moment of the past \nI'm still trying to believe that beatings of my heart \nAre the signs to call the love \nNot just the rhythm to survive \nThis is the wheel of life, of me \nPraying for another kind of stories \nYou can see the sad time, Oh! \nLay down alone \nYou can see the flowers eyes But just on someone else \nNow my life is the sad bloom \nLay down alone\n\n",
                    "darklyrics_url": "http://www.darklyrics.com/lyrics/ashesyouleave/thepassagebacktolife.html#5"
                },
                {
                    "name": "White Chains",
                    "length": "07:55",
                    "url": "https://www.metal-archives.com/release/ajax-view-lyrics/id/41834",
                    "darklyrics": "\nYou confess your sense of guilt \nYou son of the dust \nAnd you pray for forgiveness \nThe forgiveness of the sky \nPlease don't take me with you \nNow I won't die happy \nYou don't trust yourself \nYou need someone else \nSomeone you can blame for all \nFor all your...(bloody deeds) \n1000 deaths, sufferings and pain \nIn this moment, on this earth \nYour life are memories life without ending \nLove what can give \nOnly naked snake \nDon't take me with you \nThe man of stories \nYou kneel beneath the cross \nAnd pray with all your heart \nYour inferiority needs... \nSomeone greater than you\n\n",
                    "darklyrics_url": "http://www.darklyrics.com/lyrics/ashesyouleave/thepassagebacktolife.html#6"
                },
                {
                    "name": "Tears",
                    "length": "03:46",
                    "url": "https://www.metal-archives.com/release/ajax-view-lyrics/id/41835",
                    "darklyrics": "\nTears \nLike the mountains and the forests \nEndless rivers of red rose \nYour heaven is satanic poetry \nYour heaven is when I bleed \nThrough the bleeding heaven \nThrough the clouds of dying children \nTears \nWhile my youth still lived and grew \nHorizon of wide sights \nSadness only far away \nBut where are you now distance... \nBlood of the holy body \nAre you here to hold me, to kiss me \nGo away you hurt me... \nWith every sunrise, new sadness, new pain\n\n\n\n\n",
                    "darklyrics_url": "http://www.darklyrics.com/lyrics/ashesyouleave/thepassagebacktolife.html#7"
                }
            ],
            "song_names": [
                "Salva Me (Intro)",
                "The Passage Back to Life",
                "Thorn of the Dead Flower",
                "Drowning in My Dreams",
                "Lay Down Alone",
                "White Chains",
                "Tears"
            ]
        },
        {
            "name": "Desperate Existence",
            "type": "Full-length",
            "year": 1999,
            "review_num": 2,
            "review_avg": 74,
            "url": "https://www.metal-archives.com/albums/Ashes_You_Leave/Desperate_Existence/4595",
            "reviews_url": "https://www.metal-archives.com/reviews/Ashes_You_Leave/Desperate_Existence/4595/",
            "reviews": [
                {
                    "title": "The Potential Was There - 59%",
                    "content": "Ashes You Leave is a Croatian metal band that made the oh-so-common transition from doom/death metal to gothic metal at the end of the 90's. Over the course of their existence, the general characteristics of their style have consisted of lead female vocals, occasional male grunts, semi-heavy riffs that range from slow to mid-tempo, an array of violins, flutes, and keyboards, and a considerably dreary atmosphere. I find that their first album, The Passage Back to Life, is the best out of their discography; consisting of bleak doom/death metal which, while sounding obviously similar to early-My Dying Bride, is pretty well-performed.\n\nDesperate Existence was the first album to show the band taking a baby step or two further into gothic territories, which they would inevitably engulf their music in around the time of their Fire album. The guitar tone is a bit lighter, the female vocals are more prevalent, and the keyboards have more of a consistent role than on the previous album, in which they were used sparingly. With these elements, a Medieval and folky atmosphere tastefully flourishes into the doom metal template, creating a more varied and well-nuanced sound. Quiet ambient sections, eerie church organs, and somber clean passages all work their way in between the riffs, which are reasonably aggressive and retain a mood that alternates between being dire and majestic. This criteria would make it appear AYL have stepped up their game and improved their sound from the less original sounding debut, and while this album definitely shows the band developing more of a personality, the flaws that plague the album shoot it down to the extent that they may have been better off releasing another album of pure My Dying Bride worship.\n\nFirst off, the guitar tone sucks. It's fuzzy, noisy, weak, and the lead melodies are hardly audible. I'm not sure what happened exactly, as the riffs on the debut were thick and heavy. The riffs here had the potential to be harrowing and dark as hell, but the thin and overly sharpened sound of the distortion weakens them horribly. This wouldn't be quite as big of a problem if the music was meant to be lead by the keyboards alone, but there is a certain kind of aggression and abrasiveness about the songs here that would have been well-suited with a deep, dense tone.\n\nSecondly, the vocals are lackluster at best. I really have to wonder what the hell the band was thinking about Dunja Radetic's performance here. One thing that I like her voice is that she generally has a distinctive, emotional, mid-range tone that sounds more like something you would hear from Dead Can Dance than any typical gothic or symphonic metal soprano vocalist... except Ashes You Leave is not Dead Can Dance and Dunja Radetic is not Lisa Gerrard by any means necessary. When reserving herself to solemn alto lines, she sounds pretty good, maybe even great. However, on this album, there are a handful of sections in which she attempts to tackle more dramatic, higher range lines, and she winds up overextending herself and sounding horribly shrill.\n\nLastly, a majority of the album feels like filler sections, or parts that are simply too grating to listen to. One of the issues with their Passage Back to Life album is that three out of the seven tracks were boring interlude pieces that simply didn't add to the music itself, and that is an issue the band failed to correct here. In this case, the album has three very decent tracks; 'Never Again Alone in the Dark', 'Desperate Existence', and 'Searching for Artificial Happiness'. These three pieces consist of a solid, multi-faceted, and generally interesting sounding blend of doom/death with gothic and folk influences. The atmosphere is captivating, the melodies of the vocals and instruments sound majestic and dreary, and there is a good balance between slow and brooding sections with faster, more aggressive passages. There are intro and outro keyboard pieces that simply don't add anything interesting to the album, and interlude piece 'Et Vidi Solem Evadnere' sounds like a half-assed attempt at pulling off some neoclassical darkwave material in the vein of the aforementioned Dead Can Dance.\n\nThis leaves us with the two tracks that are generally just hard to listen to; the aforementioned 'Momentary Eclipse of Hope' and 'Shadow of Somebody Else's Being' (notice the correction in grammar). Going back to Dunja's performance, I just have to say that a big part of why I find it difficult to get into these tracks is that her singing is just obnoxious. On the former, she does this weird high-pitched moaning, which I assume is her attempting to sound operatic, but the effect is honestly just comical. On the latter, the melodies of the lyrics are considerably straightforward, but there are points in which she sings out of rhythm and a bit out of tune, and it ends up making you wonder how limited the band must have been on how many takes they could do before choosing a final recording.\n\nIt's really a bummer that there are so many flaws within the album, because between the heavy and depressing Passage Back to Life and the elegant and refined sound of The Inheritance of Sin and Shame, this should have been a very tasty piece of gothic doom/death metal. Unfortunately, the performance is just too sloppy and uneven to make the album as a whole worth recommending.",
                    "date": "January 9th, 2016"
                },
                {
                    "title": "Solid Folky Doom Metal - 89%",
                    "content": "While \u201cThe Passage Back to Life\u201d very much sounded like a completely unsubtle tribute to early English Doom Metal, the changes AYL made for the following two albums \u2013 \u201cDesperate Existence\u201d and \u201cThe Inheritance of Sin and Shame\u201d \u2013 sound truer to the band\u2019s cultural roots. This results in a deviation from the Western influence and pulls it back to the East.\n\nAfter an ethereal introduction, the majority of the album carries strong folk/pagan facets, and fuses this with very brooding and dark music, as one would expect from a Doom band. But it is the Eastern influence really brings out the mysteriousness of the songs. The flute and violin also gives the album an earthy, natural tone. Further, contrasting the type of male grunts one would find on an Unholy record, the bulk of the singing is handled by Dunja Radetic, who has a very beautiful, yet sombre, voice. A typical non-instrumental song will sprawl through stretches of down tempo folk, to blasting Doom, and to a nice balance of the two, with an average length of 7 minutes.\n\nIt is unfortunate that the band became a generic Gothic Metal band two albums after this one. But it has been 4 years since the release of \u201cFire,\u201d so perhaps there is still hope for AYL. Overall this is a solid album for those who enjoy female vocalists. Also, those who enjoy Black Metal may appreciate the folk influences. And if you do enjoy this band, you should check out Thorns of the Carrion, as they play similar-sounding music, but with the reversed formula for vocal duty.",
                    "date": "October 22nd, 2006"
                }
            ],
            "songs": [
                {
                    "name": "A Wish",
                    "length": "03:41",
                    "url": "https://www.metal-archives.com/release/ajax-view-lyrics/id/41836",
                    "darklyrics": "\nI don't want you to be\nThe brief candle of my darkness\nNeither do I want you to be\nThe short light of the dawn\nWhile coming down on my shoulders\nI just want you to be\nMy eternal light\nFor the rest of my temporary life\n\n",
                    "darklyrics_url": "http://www.darklyrics.com/lyrics/ashesyouleave/desperateexistence.html#1"
                },
                {
                    "name": "Never Again Alone in the Dark",
                    "length": "09:30",
                    "url": "https://www.metal-archives.com/release/ajax-view-lyrics/id/41837",
                    "darklyrics": "\nFar away from them\nIn a room so deep\nWith my soul in my throat\nThe last few tears I weep\nI cry to darkest mind\nAs leave in silence fall\nAlone I will perish\nForgotten in this hole\nWhy can't I grow wings\nTo merge with clouds as one\nWhy can't I be as others\nUnshamed to hail the sun\nI cannot love this darkness\nBut in darkness I will fall\nHelpless as a child\nBy dark swallowed whole\nFeelings forever lost\nThoughts so dark and old\nBlackness grasps my heart\nIn a deadly icy hold\nLocked alone in a world of mine\nBeing fed by their poisoned lies\nDespair\nUnspoken lives of leaves\nUnspoken lives of men\nNever again alone in the dark\n\n",
                    "darklyrics_url": "http://www.darklyrics.com/lyrics/ashesyouleave/desperateexistence.html#2"
                },
                {
                    "name": "Desperate Existence",
                    "length": "09:14",
                    "url": "https://www.metal-archives.com/release/ajax-view-lyrics/id/41838",
                    "darklyrics": "\nEchoing the sound of my\nInhaling the concrete\nAnguish takes me\nis possessing me\nIn my head I can see\nMaking love of gray constructions\nOf cemental flesh\nCarnal constellations shine\nIn god's universe of innocence\nRiver of my sorrow runs\nThrough this universe of nonsense\nIt's running bringing blood\nAcross my desperate existence\nI will drown in its waters\nI will die being infinity\nWhen the stars will colour\nThis nocturnal silence\nWhen the moonlight will embrace\nThis ancient night\nMy spirit will\nWander through eternity\nEyes of time will see\nDeep inside of our misery\n\n",
                    "darklyrics_url": "http://www.darklyrics.com/lyrics/ashesyouleave/desperateexistence.html#3"
                },
                {
                    "name": "Et Vidi Solem Evanere",
                    "length": "05:43",
                    "url": "https://www.metal-archives.com/release/ajax-view-lyrics/id/41839",
                    "darklyrics": "\nAeva perdita sunt.\n\n",
                    "darklyrics_url": "http://www.darklyrics.com/lyrics/ashesyouleave/desperateexistence.html#4"
                },
                {
                    "name": "Momentary Eclipse of Hope",
                    "length": "07:18",
                    "url": "https://www.metal-archives.com/release/ajax-view-lyrics/id/41840",
                    "darklyrics": "\nI saw you crowned as sun\nI touched your burning hand\nAnd looked at the sky\nTowards your greedy shine\nI thought you were a god\nOn the solar throne\nBut you have just burned my eyes\nI worship your gilded sky\nWhere the clouds in grief are crying\nBlood and the rain on my hands\nOn my blind eyes\nLakes sacrifice their silent waters\nTo glorify your beauty\nIn my mouth taste of blood\nA taste of godless pain\nAre you a God, are you human suffering\nCrucified on our faith?\nAre you a God, are you human suffering\nThat brings us the pain?\nIn gardens of his promised paradise\nWe are desperately searching for immortality\nPrisoners of our blindness\nMy mouth is full of blood\nI am swallowing desperation with\nHoly forgiveness\nI can't stand this pain\nI am crying my eyes on my hands\n\n",
                    "darklyrics_url": "http://www.darklyrics.com/lyrics/ashesyouleave/desperateexistence.html#5"
                },
                {
                    "name": "Searching for Artificial Happiness",
                    "length": "08:55",
                    "url": "https://www.metal-archives.com/release/ajax-view-lyrics/id/41841",
                    "darklyrics": "\nI am burning for you, my life\nLike a fire without the flames\nI am smiling to you, my love\nLike snow to the glowing sun\nWhile sunrise sheds its golden blood\nOn fields of our hope\nColour of sorrow is our religion\nWe dream of our desired lover - death\nThe wind glorifies rusting leaves\nInfinite time shines upon our hope\nWe are shadows of our own \nLight of fire\nGuide me beyond my conscience\nDeath, take me into your life\n\n",
                    "darklyrics_url": "http://www.darklyrics.com/lyrics/ashesyouleave/desperateexistence.html#6"
                },
                {
                    "name": "Shadow of Somebody Else's Being",
                    "length": "07:58",
                    "url": "https://www.metal-archives.com/release/ajax-view-lyrics/id/41842"
                },
                {
                    "name": "\u00d4utr",
                    "length": "03:17",
                    "url": null
                }
            ],
            "song_names": [
                "A Wish",
                "Never Again Alone in the Dark",
                "Desperate Existence",
                "Et Vidi Solem Evanere",
                "Momentary Eclipse of Hope",
                "Searching for Artificial Happiness",
                "Shadow of Somebody Else's Being",
                "\u00d4utr"
            ]
        },
        {
            "name": "The Inheritance of Sin and Shame",
            "type": "Full-length",
            "year": 2000,
            "review_num": 3,
            "review_avg": 83,
            "url": "https://www.metal-archives.com/albums/Ashes_You_Leave/The_Inheritance_of_Sin_and_Shame/4596",
            "reviews_url": "https://www.metal-archives.com/reviews/Ashes_You_Leave/The_Inheritance_of_Sin_and_Shame/4596/",
            "reviews": [
                {
                    "title": "Romantic Folky Doom - 80%",
                    "content": "As this is my third review of the Croatian band Ashes You Leave, I have come to the conclusion that I can't really decide how I feel about them. I have gone through their discography as a whole, and have found that the band has two split eras; doom/deathy metal that worships My Dying Bride and is performed kind of clumsily, and modern sounding gothic metal that is performed well, but is rather bland and generic. This third album, The Inheritance of Sin and Shame, was, more or less, the last album to lean towards the former.\n\nAs someone who favors doom metal over other sub-genres of metal, I can say that I am partial towards the band's earlier material, without a shadow of a doubt. Though the band's first three albums showed struggles with a lackluster lead singer, a weak guitar sound, and/or the inability to establish their own identity, I do have to say I enjoy listening to them. In consideration of the band's discography as a whole, I think I would have to say The Inheritance of Sin and Shame was pretty much the band's peak. It's the album in which the performance doesn't seem quite as clumsy, the music isn't boring or generic, and/or the music doesn't take directly after its influences, whereas all the other albums have at least one of those issues.\n\nFrom the beginning of the album, it's clear that the vocals are put in the forefront and given the main spotlight. Dunja Radetic herself was perhaps what made Ashes You Leave significantly different from the multitude of female-fronted gothic/doom and gothic metal bands that were coming out around the time of this release. She has this unique, emotional alto voice that gives sort of an ethnic flair to the rest of the music. A good example of what I'm speaking of would be her performance on the song '...and Thus You Poured like Heaven Wept', in which her contributions consist of Middle Eastern chants that sound distinctly similar to something one would hear from Dead Can Dance. On tracks like 'Tin Horns', 'When Withered Flowers Begin to Bloom', or 'Amber Star', her singing is utilized with dreary, more dramatic lines to add to the depressed atmosphere of the music. While her performance on the prior album, Desperate Existence, showed her overextending herself a bit too much and going too far out of her range, she seems to have corrected this issue here and gained some more control over her higher ranges. There is only one point, during the second track 'Your Divinity', in which her voice belt out to an extent of sounding obnoxious.\n\nThe male vocals are used very occasionally, which I find somewhat disappointing. The songs tend to balance somewhere between the more elegant, British style of death/doom metal, and a folky, more epic sounding gothic metal, and I think had the harsh male vocals of Berislav Poje been utilized more, it could have perhaps helped highlight the band's darker, more intense moments. His contributions consist of aggressive, mid-range death growls which kind of remind me of Nick Holmes' vocals from Paradise Lost's earlier material. Thankfully, there are no \"passionate\" romantic duets between the two vocalists, nor are there any wimpy prolonged passages of dramatic, weeping spoken vocals.\n\nUnfortunately, the same fuzzy, weak guitar tone that plagued Desperate Existence is still present, and I will say already that I think the album would have sounded significantly better with a thicker, more bass-heavy tone. However, one difference between the two albums is that, while Desperate Existence was meant to be more dire and hard-hitting in terms of its drawn-out, spacious riffs, the riffs here are a bit more mid-tempo and are almost always accompanied by violin or flute. The melodies of the violin or flute tend to be more of the attention grabber, keeping the rhythm guitar one step behind, which makes it easier to forgive the noisy, fuzzy guitar tone.\n\nThe lead guitar, on the other hand, is actually pretty badass. One very big plus to the band picking up the tempo a little bit is that they aren't afraid to go into some intense up-tempo interludes, and in these interludes, the lead guitar has some surprisingly good solos. Take fourth track, 'Miles of Worn Out Days' as an example. The track mostly alternates between a chugging death/doom riff and some rather mellow clean sections, before taking off to a brisk climax with a wailing lead in the middle of the song. 'When Withered Flowers Begin to Bloom' would be a great example as well. A majority of the track consists of violin-led, romantic Doom which sounds pretty similar to something one would hear from Theatre of Tragedy or The Sins of Thy Beloved during their earliest days. Then, towards the end of the track, the guitars explode into a charging melo-death riff, topped off with a busy bass line, some speedy drums, and an intense lead solo.\n\nI think what I enjoy the most about the album is that there is a lot going on. Though the songs on this album are significantly shorter than the tracks on the band's first two albums, there are more riffs, tempo changes, and more melodies from different instruments than there are from any of the band's other outputs. There is a good balance between the atmospheric death/doom of the band's roots, and the dreamy, folk-tinged gothic elements that are brought on by the violins, keyboards, flutes, and friendlier sounding guitar melodies. There is always something new that stands out with each listen, which keeps the album from becoming boring or dull.\n\nOverall, I can say that this was Ashes You Leave's best work, hands down. It's well-performed, unique, and overall interesting to listen to. It finds a good niche between death/doom, gothic, and folk metal, and explores each of these realms without conforming too much to the influences of the bands who pioneered such styles. I would say I am most reminded of bands like Lacrimas Profundere, Thorns of the Carrion, and Silent Stream of Godless Elegy in their majestic, elegant compositions. Though, what perhaps is the most standout factor of the album that separates it from those bands would be the emotional, crooned vocals of Dunja Radetic. The Inheritance of Sin and Shame was a proper farewell album to her singing, as well as a good close to the band's doom/death era.",
                    "date": "March 14th, 2016"
                },
                {
                    "title": "A lot of minor faults that all add up - 68%",
                    "content": "Ashes You Leave caught my attention from the first listen, giving the impression that they have the potential to do great things. Over the twenty years that they've been active they have played death/doom and gothic metal, with this release, The Inheritance of Sin and Shame, providing a blend of the two styles.\n\nI like bands that have interesting female vocalists, which is one of the main elements involved in Ashes You Leave. Dunja Radeti\u0107 has a voice that exuberates emotion, and it is used to great effect on this album. She's also got quite a range, and she demonstrates throughout that she can go almost anywhere she pleases. I do have a couple of complaints though, one being that the higher notes are a little weaker than the rest. A bigger problem though is that sometimes the emotion does seem to take over a little too much, and her technique suffers as a result. It's not enough to ruin the music altogether, but it does detract a little given that her voice is so prominent and such a key factor in this being a success. Also, the male growls rarely feature at all, and I think that it'd work better if they had more involvement in the band. They're actually done very well, which is probably why I wish that they were used for more than the odd verse here and there.\n\nThe guitarists add a touch of melody to the music, although it has to be said that the violin and flute seem to take care of most of that. The leads are okay, but usually they get overpowered by whatever the other guitar is doing, generally some basic riffing patterns. It just doesn't seem to fit together that well when they're not playing the same thing, and the gaps become all too obvious when one is covering the other. There's also something about the tone that just doesn't feel right next to the rest of the band, although I can't say exactly why that is. Just to top things off, when the speed picks up they tend to start sounding as if they've tripped over each other, providing very clunky and awkward sections when the song is intended to reach a climax, in effect providing almost the exact opposite.\n\nThere are only seven songs (plus one instrumental played entirely on flute), equating to about forty minutes of music. That doesn't sound like it's too short, but it feels like it is. Maybe that's a good thing, and perhaps it shows that the music was crafted well enough for every song to fly by. However, it also gives the impression that there's a lack of depth to the album, as if there was never really enough music produced for the record. It doesn't really help that almost every track comes to a very abrupt end, kind of like the song still has another five minutes left to go.\n\nI also can't decide if I like the flute or not. At times I think it really adds to the band due to how unusual it is in a death/doom band, and at points it really does sound great. Yet there are others where I have to ask exactly why it's included, because it doesn't fit in at all. There are a lot of possibilities for the band with a flutist and a violinist, but sadly the violin is barely audible for the most part and the flute is hit and miss. The keyboard too is very subtle and I had to ask myself at several points if Ashes You Leave actually have a keyboardist playing on The Inheritance of Sin and Shame.\n\nIt isn't a bad record at all, but compared to other death/doom bands like the incredible Red Moon Architect I can't say that Ashes You Leave are outstanding. Perhaps their later material would hold up better against other bands playing the same genre, but this album is merely so-so in comparison to those competing with it.",
                    "date": "October 8th, 2015"
                },
                {
                    "title": "The peak, maybe? - 100%",
                    "content": "On this release we see the banding furthering their Gothic tendencies while still reaming Doom at their core. This is also one of the bands best releases to date. This is an emotionally complicated album that leaves the listener wanting more after all is said and done.\n\nThe production is good for all but the guitars. They sound buried in the mix in several places, but they are good all the same. They are more melodic than on the prior release. There are plenty of leads and solos. One drawback would be their speed is fast than on the prior release. \n\nThe bass sounds good as do the drums. The drums are surprisingly creative and are well played. The keyboards aren't as prevalent as on the prior release, but they do add their standard quality atmosphere to the mix. Two of the more interesting and prominent instruments are the flute and violin.\n\nThe flute takes on a lead roll here and is brilliantly played by vocalist Dunja. This would have been something to see live. Marta's Violin is hard to discern in some songs but over all comes through as outstanding as usual.\n\nDunja's vocals are easily their best on this release. She is a very passionate and emotional singer. Her haunting vocal melodies and forceful presence add strength to the songs where it would have otherwise been lost. The male vocals are scant and nothing to note worthy.\n\nThis is a prime slice of Gothic/Doom and easily the bands finest since their debut. This is highly original and worth your money.",
                    "date": "May 3rd, 2008"
                }
            ],
            "songs": [
                {
                    "name": "Tin Horns",
                    "length": "07:28",
                    "url": "https://www.metal-archives.com/release/ajax-view-lyrics/id/41844",
                    "darklyrics": "\nThe twelve raise their tin horns\nInto the wake of dawn\nBut as the tides rise they realize\nThe march has long gone home\nAnd the lonely melody tunes again\nTo the consonance of the wind\n\nAs we die, the sun and earth do shine,\nWill the stars remain if you and I\nLeave earth like leaves on wind?\nLike waves in the brine\n\nTin horns make us sleep\nWe never wanted to stay\nWe never wanted to...\n\nLike a wreck of time\nAn abandoned ship\nBeneath us splits the void\nBut we never look back\n\nThe twelve raise their velvet horns\nInto the restful hours\nBut as life fades they realize\nThat the march has long gone home\nAnd their melody tunes again\nTo the consonance of the wind\n\n",
                    "darklyrics_url": "http://www.darklyrics.com/lyrics/ashesyouleave/theinheritanceofsinandshame.html#1"
                },
                {
                    "name": "Your Divinity",
                    "length": "05:19",
                    "url": "https://www.metal-archives.com/release/ajax-view-lyrics/id/41845",
                    "darklyrics": "\nWith every minute death is nearer\nAre we not just passengers\nAboard a sinking ship?\n\nAll is lost, memories are distant\nInto the air you slowly disappear\nJust to come again as rain\n\nAnd I bathe in your divinity....\n\nI don't know why or how\nBut time kills like the plague\nAnd death will have its way\n\nThe crates have emptied\nThe dreams, washed away\nBut tears still fall\nThey still do...\n\nWith every minute death rears its ugly end\nMore and more\nAre we not just passengers caught in a storm?\n\nThe days have emptied\nMemories, washed away\nBut tears still fall\nThey still do...\n\n",
                    "darklyrics_url": "http://www.darklyrics.com/lyrics/ashesyouleave/theinheritanceofsinandshame.html#2"
                },
                {
                    "name": "Shepherd's Song",
                    "length": "01:53",
                    "url": "https://www.metal-archives.com/release/ajax-view-lyrics/id/41846",
                    "darklyrics": "\n\n\n",
                    "darklyrics_url": "http://www.darklyrics.com/lyrics/ashesyouleave/theinheritanceofsinandshame.html#3"
                },
                {
                    "name": "Miles of Worn Out Days",
                    "length": "04:50",
                    "url": "https://www.metal-archives.com/release/ajax-view-lyrics/id/41847",
                    "darklyrics": "\nMiles of worn out days\nThey pass me like a dream\nWithin their reach\nIs where I'll never be\n\nPiles of happy people\nI pass them like a shadow\nWithin your gaze\nThat's what I'll always be,\n\nJust a shadow....\n\nMiles Of Worn Out Days\n\nMiles of worn out days\nThey erase me with their stream\nAnd within their reach\nIs where I'll never be\n\nOnce I lie, I never want to wake up\nAs shadows cast their spells\nI am yearning for rest\nAnd never want to wake up (on my own anymore).....\n\nMiles of long gone days\nYou erase me from your gaze\nWithin your dreams\nIs where I'll never be\n\n",
                    "darklyrics_url": "http://www.darklyrics.com/lyrics/ashesyouleave/theinheritanceofsinandshame.html#4"
                },
                {
                    "name": "When Withered Flowers Begin to Bloom",
                    "length": "06:19",
                    "url": "https://www.metal-archives.com/release/ajax-view-lyrics/id/41848",
                    "darklyrics": "\nI look upon the lightless sky\nWith drops of sadness from my mourning eye\nI only heard the reckless waters roar\nThose ways could not bear me from the shore\n\nWhen Withered Flowers Begin To Bloom\n\nShe loved to dwell in darkness and dismay\nDeeming herself predestined to do\n\nWhen withered flowers begin to bloom\nI want to remain unseen in the shadow of her mind\n\n",
                    "darklyrics_url": "http://www.darklyrics.com/lyrics/ashesyouleave/theinheritanceofsinandshame.html#5"
                },
                {
                    "name": "And Thus You Poured like Heaven Wept",
                    "length": "05:08",
                    "url": "https://www.metal-archives.com/release/ajax-view-lyrics/id/41849",
                    "darklyrics": "\n...and thus you poured like heaven wept,\nFrom your buds and springs,\nCover us in leaves the wind brought\nThey only wanted to leave....\n\nAnd Thus You Poured Like Heaven Wept\n\n",
                    "darklyrics_url": "http://www.darklyrics.com/lyrics/ashesyouleave/theinheritanceofsinandshame.html#6"
                },
                {
                    "name": "The Inheritance of Sin and Shame",
                    "length": "06:38",
                    "url": "https://www.metal-archives.com/release/ajax-view-lyrics/id/41850",
                    "darklyrics": "\nYou shine like the blinding sun\nWith the seas weeping on the shores\nAnd the salt spray dashing\nAgainst the windows\n\nYour gaze lies distant...\nWhere have your thoughts gone off?\n\nYou shine like the blinding sun\nWith your sorrows hidden away\nAnd a face without a heart gazes\nUpon the portrait that reflects\nYour sin and shame\nWhere have your thoughts gone off?\n\nAs a sinless and shameless face\nWalks among the living unchanged\nAnd yet your gaze lies distant\nAnd you wish you had never lost your soul\nTo a portrait of sorrow\nBut where does a troubled mind go?\n\n",
                    "darklyrics_url": "http://www.darklyrics.com/lyrics/ashesyouleave/theinheritanceofsinandshame.html#7"
                },
                {
                    "name": "Amber Star",
                    "length": "04:51",
                    "url": "https://www.metal-archives.com/release/ajax-view-lyrics/id/41851",
                    "darklyrics": "\nI bleed for you, amber star\nAt the gates of dawn\nI will bleed again until pale death\nTakes me into its hands\nAnd I am left on my own\n\nThe moon bleeds with me\nNone has what one wants\nThe sun never crowned the night\nWith the richness of its colours...\n\nThe passionate play of your fingers\nThey stir the waters we once knew\nAnd the sun is too late again\nTo see me disappear in the rain\n\nWe all seek something\nI never sought anything but this\n\n\n\n",
                    "darklyrics_url": "http://www.darklyrics.com/lyrics/ashesyouleave/theinheritanceofsinandshame.html#8"
                }
            ],
            "song_names": [
                "Tin Horns",
                "Your Divinity",
                "Shepherd's Song",
                "Miles of Worn Out Days",
                "When Withered Flowers Begin to Bloom",
                "And Thus You Poured like Heaven Wept",
                "The Inheritance of Sin and Shame",
                "Amber Star"
            ]
        },
        {
            "name": "Fire",
            "type": "Full-length",
            "year": 2002,
            "review_num": 1,
            "review_avg": 86,
            "url": "https://www.metal-archives.com/albums/Ashes_You_Leave/Fire/12466",
            "reviews_url": "https://www.metal-archives.com/reviews/Ashes_You_Leave/Fire/12466/",
            "reviews": [
                {
                    "title": "Pretty cool I suppose - 86%",
                    "content": "The latest installment from this Croatian sextet sees them furthering their development as a prime example of Gothic Doom Metal. This release has the bands best production to date, as well as the most attitude.\nLaced with subtle Celtic melodies and even more passionate vocals than ever before, the bands sound shows us that they are taking the best of their heavier/older material and blending it, seamlessly, together with their newer more melodic material.\nThe guitars are all around consistent with shades of heavy and light being used equally for the most part (the album does lean towards the more melodic side after all is said and done). Their are some decent leads and even some solos here and there. The bass doesn't do anything world shattering, but the drums are incredibly tight. \nThe keyboards are perhaps a more prevalent than in prior releases. They follow the guitars through much of the music while still maintaining their atmospheric purpose. The violin is a little more adventurous on this album and is in more of a lead role here than on other releases.\nThe vocals, are as stated above, very passionate and overall alright. It seems like on most of this bands albums Dunja is singing above her ability and while some people can get away with this, most can't. Over all, there is a very sensual feel to the vocals that create a more romantic mood overall.\nSome of the complaints are regarding the vocals. The song 'In Vain' is one where the vocals could have been stepped up, or down perhaps as towards the climax of the song an effect is added to her voice that makes it sound like the mic went awry for a few seconds or that it was missed in editing. Most of the moments in question are within the first few songs on the album. \nThis band is pretty cool and worth a listen if your into Goth/Doom or if your just in mood for something different.",
                    "date": "January 7th, 2008"
                }
            ],
            "songs": [
                {
                    "name": "Free",
                    "length": "07:29",
                    "url": "https://www.metal-archives.com/release/ajax-view-lyrics/id/105268",
                    "darklyrics": "\nFree like a bird\nCrossing the sky\nJust a dream\n\nI want to be free\nJust want to be free\nI'm burning because of you\nMy light like fire\nWithout the flame\nCan't you see?\nCan't you see?\n\nPlease let me be free\nPlease let me be me\n\nCan you forgive me\n'Cause I can't\nCrucified myself\nAnd 'cause I destroyed all this\nThe dreams we made\n\n",
                    "darklyrics_url": "http://www.darklyrics.com/lyrics/ashesyouleave/fire.html#1"
                },
                {
                    "name": "In Vein",
                    "length": "04:56",
                    "url": "https://www.metal-archives.com/release/ajax-view-lyrics/id/105269"
                },
                {
                    "name": "Fire",
                    "length": "05:07",
                    "url": "https://www.metal-archives.com/release/ajax-view-lyrics/id/105270",
                    "darklyrics": "\nHey\nHey you're mine\nOr would you stay awake\nWould you stay awake for someone else?\n\nWaves of fire\nI'm sunburnt I am in flames\nYou are mine\nNot matter what you say\n\nHey\nHey you're mine\nOr would you stay awake\nWould you stay awake for someone else?\n\nWaves of fire\nI'm sunburnt I am in flames\nYou are mine\nNo matter what you say\n\nRide the wave\nAnd I tear the walls with heavy breathing\nA burning day\nAmple sunlight after rain\n\nRide the wave\nRide the wave\nAll in flames\nAll in flames\n\n",
                    "darklyrics_url": "http://www.darklyrics.com/lyrics/ashesyouleave/fire.html#3"
                },
                {
                    "name": "Hurt",
                    "length": "05:02",
                    "url": "https://www.metal-archives.com/release/ajax-view-lyrics/id/105271",
                    "darklyrics": "\nI don't want to fall in love anymore\nI just want to avoid the pain\nI don't want to be fooled again\nI just want to avoid the pain\n\nStiff in my grasp through the endless embrace\nStroy goes on with no endless grace\nDark on my side, light is what I denied\n\nThank you for your body\nWasted time\nThank you for your secret\nThat will always be mine\n\n",
                    "darklyrics_url": "http://www.darklyrics.com/lyrics/ashesyouleave/fire.html#4"
                },
                {
                    "name": "Ready to Cry",
                    "length": "06:26",
                    "url": "https://www.metal-archives.com/release/ajax-view-lyrics/id/105272",
                    "darklyrics": "\nLike a hand of paper leaves\nStained from all the promises\nThat you never kept\n\nAll these dreams intensifying\nThat we dream\nWhen will they come to something real?\n\nBut you go away\nAnd you never stay\nAll these bitter years\nThat you leave me with\n\nAll these dreams intensifying\nThat we dream\nWhen will they come to something real?\n\n",
                    "darklyrics_url": "http://www.darklyrics.com/lyrics/ashesyouleave/fire.html#5"
                },
                {
                    "name": "Don't Forget the Planets",
                    "length": "04:27",
                    "url": "https://www.metal-archives.com/release/ajax-view-lyrics/id/105273",
                    "darklyrics": "\nI'm holding up Neptune\nOn a raft that's not sinking\nmaybe reach out to Venus\nAnd feel it embrace me\n\nI'm holding on hostage\nOn a raft that's not sinking\nI should reach out to Venus\nFrom a point I would rather not know\n\nLet me in\nLet me in\nLet me in\nLike the sun through the blinds\n\nI'm transversing the northern star\nDriving stakes through the ground\nCounting steps between\nLife passes quickly\n\nI'm measuring the fanthomless\nDiving towards all the water around me\nI dive but I'd rather not go\n\nI feel it\ntaking\nbreathing\nDown on me\n\nDrowning\nDiving deeper\nAll the water\nAround me\n\nThe planets\nThey must be\nLet in as well\n\nLet me in\nLet me in\nLet me in\nLike sunlight through the blinds\n\n",
                    "darklyrics_url": "http://www.darklyrics.com/lyrics/ashesyouleave/fire.html#6"
                },
                {
                    "name": "Crimson Shade",
                    "length": "04:43",
                    "url": "https://www.metal-archives.com/release/ajax-view-lyrics/id/105274"
                },
                {
                    "name": "Manservant",
                    "length": "04:39",
                    "url": "https://www.metal-archives.com/release/ajax-view-lyrics/id/105275",
                    "darklyrics": "\nI want you chained to a bed\nWidespread and open\nLike the open sea\n\nLet me the river\nTo that sea\nIn my utter weakness\n\nWhy do we seethe\nhands over my face\nMaybe I try\nMaybe I'd rather be\nIn my own waves\n\nLike the dawning of a new day I am free\nBut my hands are and my feet are\nChained and bound\nAnd it's you behind the rust that's killing me\n\nI want you chained to a bed\nWidespread and open\nLike the open sea\n\nThe feathers will fall and the wings will grow tired\nAs the summer make way for the autumn of your life.\n\n\n\n\n",
                    "darklyrics_url": "http://www.darklyrics.com/lyrics/ashesyouleave/fire.html#8"
                }
            ],
            "song_names": [
                "Free",
                "In Vein",
                "Fire",
                "Hurt",
                "Ready to Cry",
                "Don't Forget the Planets",
                "Crimson Shade",
                "Manservant"
            ]
        },
        {
            "name": "Songs of the Lost",
            "type": "Full-length",
            "year": 2009,
            "review_num": 1,
            "review_avg": 80,
            "url": "https://www.metal-archives.com/albums/Ashes_You_Leave/Songs_of_the_Lost/225620",
            "reviews_url": "https://www.metal-archives.com/reviews/Ashes_You_Leave/Songs_of_the_Lost/225620/",
            "reviews": [
                {
                    "title": "Nice Doom / Goth release - 80%",
                    "content": "Ashes You Leave, formerly known as Icon, release yet another accomplishment since their image transformation in their 2002 album Fire. In the past the Croatia based band presented veins of Death / Doom Metal until their decision, or rather Berislave Poje\u2019s and Marta Batinic\u2019s (the two remaining founders) to compose their music under the roots of Gothic / Doom Metal a'la Within Temptation , Paradise Lost and Galadriel. You may also recall that this kind of thing goes on in other bands, i.e. a desire to change the scenery around them. Paradise Lost is a good example to emphasize this notion. Songs For The Lost, overall , is a good atmospheric album that comes across as music between icy softness and monstrous evil.\n\nSongs For The Lost has lots of enchanting moments of piano, violin and female singer collaboration, moments that are magical indeed. The female singer reigns most of the lead vocal parts with a firm hand providing a soft cold voice of calmness. With the touches of strong twin electric guitars , which charges with heavy riffs , trills and several solos, strong bass and drums, an almost perfect harmony is just screaming out.\n\nListen to tracks like \u201cLosing Faith\u201d , which also has an Iron Maidenish reminder of harmonized guitars joining in melodic lead break, and \u201cApathy Overdose\u201d. The violin, an instrument that goes back with the band since 1995 and with many other bands from several sub-genres in Metal, can be recognized as a Metal instrument just as the keys are, yet is also another instrument which takes charge in this release. Although its role is not as important as the guitars, bass or drums, it helps color the tracks with marvelous intros and even sometimes commands the main riffs. \u201cWhere The Pain Is\u201d is a great example of how the violin takes the lead on the main riff of the song. In addition, almost throughout the whole album it replaces a lead guitar by issuing its own solos, even though they are not wild as a good guitar solo. The growling vocals factor, however less dominant than in other bands in this sub-genre, helps complete a very nice picture of dark, mysterious, depressed and cold music.\n\nEveryone who listens to this album will probably say that it has an enchanting musical approach. This fact is true in this case, yet Ashes You Leave has a problem with varying their songs. There are tracks, in the case of choruses, that sound almost the same, maybe an octave high or low. Moreover, several of the riffs sound identical between tracks. Let\u2019s say there are sections which you can easily expect and you may come around with similar rhythms along the album \u2013 A repetitive motif.\n\nHighlights from Songs For The Lost include \u201cEvery Me Every You\u201d , Apathy Overdose\u201d , \u201cLosing Faith\u201d , \u201cWhere The Pain Is\u201d , \u201cSong For The Lost\u201d.\n\nThis band is recommend for those of you who adore Within Temptation, Leaves Eyes, Paradise Lost , Galadriel and those sorts. Ashes You Leave is all charged up with melodies, which were not necessarily mastered by guitars.",
                    "date": "June 22nd, 2009"
                }
            ],
            "songs": [
                {
                    "name": "Apathy Overdose",
                    "length": "04:42",
                    "url": "https://www.metal-archives.com/release/ajax-view-lyrics/id/1594341",
                    "darklyrics": "\n\n\nAll is lost, black is the world I see\nTo live or to die makes no difference to me\nThe morning brings no hope\nThe day is as dead as the night\nPeople are puppets\nOf resignation's magnificent might\n\nMy mind cries, while beauty turns to dust\nEverything dies, on god's cruel earth\nThere are no battles left\nThat are worth fighting for\nI have no spirit left\nand still they ask for more\n\nI'm high on self destruction\nDevoid of joy and satisfaction\nOblivious to both virtue and sin\nApathy is mine to drown in\n\nEnjoy your dreams\nFor tomorrow brings only pain\nIndulge your whims\nMost lose, only some gain\nExistence - a rudimentary habit\nLife - an unsurmountable wall\nNo point in bothering with it\nMay death soon join us all\n\n",
                    "darklyrics_url": "http://www.darklyrics.com/lyrics/ashesyouleave/songsofthelost.html#1"
                },
                {
                    "name": "The Feast",
                    "length": "04:48",
                    "url": "https://www.metal-archives.com/release/ajax-view-lyrics/id/1594342",
                    "darklyrics": "\n\n\nImagine me like a lie and offer me your smile\nDiscover my truth and you'll wish to die\n\nThe world isn't real, the illusion is strong\ngive me your hand and I'll show you how long\n\nTake a bite and feast with me\nThe taste of sin will set you free\nTake this gift to find your way\nNo need to kneel, no need to pray\n\nYou're welcome to this world of frailty\nOr you can dream for a while in my reality\n\nIn my arms I hold your heart with blood running hot\nWould you like to see the way it's going to rot?\n\nTake a bite and feast with me\nThe taste of sin will set you free\nTake this gift to find your way\nNo need to kneel, no need to pray\n\n",
                    "darklyrics_url": "http://www.darklyrics.com/lyrics/ashesyouleave/songsofthelost.html#2"
                },
                {
                    "name": "Stranded",
                    "length": "06:00",
                    "url": "https://www.metal-archives.com/release/ajax-view-lyrics/id/1594343",
                    "darklyrics": "\n\n\n(I feel) like a lonely ship on the open sea\nThe deep waters of sorrow are drowning me\nMy sails are broken and the waves are crushing me\nMy life is like a shipwreck how come this ever come to me?\n\nI need someone\nTo save me from myself\nAnd help me\nfind my way back home\n\nThe rains will stop pouring and the storms will cease\nA new sun will rise, a new beginning for me\n(I feel) like a lonely ship on the open sea\nBut the quiet shores of happiness are calling for me\n\n",
                    "darklyrics_url": "http://www.darklyrics.com/lyrics/ashesyouleave/songsofthelost.html#3"
                },
                {
                    "name": "The Song of the Lost",
                    "length": "04:01",
                    "url": "https://www.metal-archives.com/release/ajax-view-lyrics/id/1594344"
                },
                {
                    "name": "Every You Every Me (Placebo cover)",
                    "length": "05:24",
                    "url": "https://www.metal-archives.com/release/ajax-view-lyrics/id/1594345"
                },
                {
                    "name": "Taints",
                    "length": "05:11",
                    "url": "https://www.metal-archives.com/release/ajax-view-lyrics/id/1594346",
                    "darklyrics": "\n\n\nYour angels make me greedy\nYour righteous light so bright\nAre you ready for my evil taint\nCan you resist my might\n\nLet me take your hand and let the smouldering begin\nLike grass under glass burning from within\n\nThere are no lies and there are no prayers\nYour free world is your only care\nThere are no truths and there are no prayers\nYour world will burn under my stare\n\n",
                    "darklyrics_url": "http://www.darklyrics.com/lyrics/ashesyouleave/songsofthelost.html#6"
                },
                {
                    "name": "Losing Faith",
                    "length": "04:54",
                    "url": "https://www.metal-archives.com/release/ajax-view-lyrics/id/1594347",
                    "darklyrics": "\n\n\nI feel the way you look at me\nYou haunt me with fear\nHow proud and stupid can we be\nTo break off without a tear?\n\nDeep in our hearts we know\nThat strangers we are\nDeep in our hearts we know\nThat dying is not far\n\nI never felt that way before\nYour darkness drew me for more\nYou were my dark side of the moon\nA misplaced note out of a tune\n\nFor you I laid there dying\nMy soul became so small\nI am no longer trying\nTo feel somebody's love again\n\n",
                    "darklyrics_url": "http://www.darklyrics.com/lyrics/ashesyouleave/songsofthelost.html#7"
                },
                {
                    "name": "Where the Pain Is",
                    "length": "05:50",
                    "url": "https://www.metal-archives.com/release/ajax-view-lyrics/id/1594348",
                    "darklyrics": "\n\n\nJust beneath the surface a sinister realm is hidden\nWith failure, sadness and self-doubt is ridden\nAnd here the impending shadow of all pain reigns\nWhile the hand of weakness is the only one that gains\n\nDreams may come and dreams may go\nBut reality's always filled with woe\nDo your best to live in bliss\nBut you'll find me where the pain is\n\nPain is a beast of darkness that survives on its own\nFeeding on my defeats and emotional carrion\nSometimes so violent that I barely manage to see\nThat I have embraced it, it has become a part of me\n\nWherever you turn there is pain\nYou may fight it, but it's all in vain\nDo your best to live in bliss\nBut I will be where the pain is\nAlways where the pain is\n\n",
                    "darklyrics_url": "http://www.darklyrics.com/lyrics/ashesyouleave/songsofthelost.html#8"
                },
                {
                    "name": "Soul of Ice",
                    "length": "03:34",
                    "url": "https://www.metal-archives.com/release/ajax-view-lyrics/id/1694272",
                    "darklyrics": "\n\n\nSoul of ice, soul of ice\nWhy rend my flesh, why burn my eyes\nFeel cold within, see dark outside\nNo warmth can shed your paling light\nSoul of ice, soul of ice\nWhy rend my flesh, why burn my eyes\nBehold the pain, withstand the cries\nWretched slave of lies, soul of ice\n\n\n\n\n",
                    "darklyrics_url": "http://www.darklyrics.com/lyrics/ashesyouleave/songsofthelost.html#9"
                }
            ],
            "song_names": [
                "Apathy Overdose",
                "The Feast",
                "Stranded",
                "The Song of the Lost",
                "Every You Every Me (Placebo cover)",
                "Taints",
                "Losing Faith",
                "Where the Pain Is",
                "Soul of Ice"
            ]
        },
        {
            "name": "The Cure for Happiness",
            "type": "Full-length",
            "year": 2012,
            "review_num": 0,
            "review_avg": null,
            "url": "https://www.metal-archives.com/albums/Ashes_You_Leave/The_Cure_for_Happiness/595452",
            "reviews_url": null,
            "reviews": [],
            "songs": [
                {
                    "name": "Devil in Disguise",
                    "length": "06:43",
                    "url": "https://www.metal-archives.com/release/ajax-view-lyrics/id/2468943",
                    "darklyrics": "\nUndress yourself beauty and lay before me\nReveal all your secrets to me, drive me into ecstasy\nKiss me, feel me, love me, embrace it all\nIn my sleep come to me and swallow me whole\n\nYour lips spread poison\nYour words reek of lies\nYour caress is all but blessing\nYou are a Devil in disguise\n\nI can't get you out of my mind, you're under my skin\nOpen your heart baby and welcome me in\nDon't listen what other people say, embrace the sin\nOpen wide and invite me in\n\nYour lips spew poison\nYour words are venomous lies\nIn the end you're nothing but\nA Devil in disguise\n\n",
                    "darklyrics_url": "http://www.darklyrics.com/lyrics/ashesyouleave/thecureforhappiness.html#1"
                },
                {
                    "name": "Only Ashes You Leave",
                    "length": "05:56",
                    "url": "https://www.metal-archives.com/release/ajax-view-lyrics/id/2468944",
                    "darklyrics": "\nIn the eyes of my soul-mate I gaze\nBut in front of a stranger now I stand\nPeople say love is just like war\nThey always come to an end\nWe try to speak\nBut only silence we seem to utter\nSo motionless and silent we stand here\nLike butterflies caught in butter\n\nThere are no feelings left\nOn this final eve\nIt has all been done and said\nOnly ashes you leave\n\nLong has faded the sparkle in thy eye\nYou went down cold but so have I\nOur years together just passed on by\nAll gone now, no more tears left to cry\n\nWe were never meant to be, this was only fate\nOppressive sorrow takes a leave, the funeral band is late\n\n",
                    "darklyrics_url": "http://www.darklyrics.com/lyrics/ashesyouleave/thecureforhappiness.html#2"
                },
                {
                    "name": "For the Heart, Soul and Mind",
                    "length": "05:01",
                    "url": "https://www.metal-archives.com/release/ajax-view-lyrics/id/2468945",
                    "darklyrics": "\nIn these wastelands of emotions we all strive to find\nSomeone for our heart, soul and mind\nA poet writes of a tale so drear\nTo grow old alone we all dread and fear\n\nAnd out of nothing comes a love so dire\nI feel it burning my skin like fire\nMy heart feels wrapped in barbed wire\nBut what a sweet, sweet desire\n\nSo come all the shadows from one's past\nTo haunt a lonely heart with a love so vast\nAs the fiddler plays a dreadful theme\nA godlike apparition comes to fulfill the dream\n\n",
                    "darklyrics_url": "http://www.darklyrics.com/lyrics/ashesyouleave/thecureforhappiness.html#3"
                },
                {
                    "name": "The Ever-Changing",
                    "length": "06:54",
                    "url": "https://www.metal-archives.com/release/ajax-view-lyrics/id/2468946",
                    "darklyrics": "\nBequeath the gift from the weeping skies\nThe sheer sight of it will burn your eyes\nThe raw primal power from the celestial portal\nThat will tear at souls of each and every mortal\nTender hearts will tremble, feeble minds will break\nIn a new Eon\u2019s rise, this is \u03a7\u00c1O\u03a3 awake\n\n.... seeing is not believing\n\nWhat we are seeing can be deceiving\nJust like fire \u03a7\u00c1O\u03a3 is ever-changing\n\n...so start believing\n...start living\n\nAnd than you will see the future through my eyes\nThe world will become all that you despise\nCreatures from the shadow of your mind will roam the earth\nWe\u2019ll witness the downfall of your Eden and a modern Hell\u2019s birth\n\nBut I\u2019ll take pleasure in seeing you in that sad little world\nSeeing you on your own\nSquirming like a maggot in a wound\nI\u2019ll love to see you when you are all alone\n\n",
                    "darklyrics_url": "http://www.darklyrics.com/lyrics/ashesyouleave/thecureforhappiness.html#4"
                },
                {
                    "name": "Meant to Stray",
                    "length": "05:46",
                    "url": "https://www.metal-archives.com/release/ajax-view-lyrics/id/2468947",
                    "darklyrics": "\nAre you sure you want to let go\nAre you ready to loose it all\nWere we always meant to stumble and than fall\nAnd wait for life to take it\u2019s toll\n\nIt is the slow turning of the cosmic wheel\nthat hurts, that aches and prevents you to heal\n\nThe stars burned bright to light our way\nBut never so were we meant to stray\nAnd though bliss seemed just a heartbeat away\nLove will have to wait for another day\n\nWe were meant to stray, meant to stray..\nNow leave...\n\nYou could have saved me, no-one else tried\nYou did fail me as the lovers died\nAnd when all our failures are summarized\nThere is nothing left to remember us by\n\nThe stars burned bright to light our way\nBut never so were we meant to stray\nAnd though bliss seemed just a heartbeat away\nLove will have to wait for another day\nJust like for grass in a gentile sway\nA wind will come and blow all the pain away\n\n",
                    "darklyrics_url": "http://www.darklyrics.com/lyrics/ashesyouleave/thecureforhappiness.html#5"
                },
                {
                    "name": "Summer's End",
                    "length": "07:37",
                    "url": "https://www.metal-archives.com/release/ajax-view-lyrics/id/2468948",
                    "darklyrics": "\nIs this human nature\nAre we designed this way\nTo be unhappy, so uncertain\nTo live in fear every day\nYet in the affairs of the heart we dwell na\u00efve\nSo childishly gullible and willing to forgive\nAnd when we\u2019re left with nothing but the choking pain\nWe hope it will be washed away by the autumn rain\n\nIf I could only\nFind a reason to carry on\nNot to remain lonely\nWhen the burden inside weights a ton\nThan I could only\nGive this wretched life a try\nDeny only\nIf you think this is a lie\n\nYou still linger and brood over your misery\nBut the only emotion you inspire is sympathy\n\nSo play me a mellow tune\nGive me a darker rhyme\nLet\u2019s make this a sad one\nThis is a lovelorn time\n\nSummers end...\n\nWe were nothing but actors\nIn this nightmare play\nThe trees are removing their cloaks\nThe autumn is here to stay\n\nSummers end...\n\n",
                    "darklyrics_url": "http://www.darklyrics.com/lyrics/ashesyouleave/thecureforhappiness.html#6"
                },
                {
                    "name": "Reality Sad",
                    "length": "04:54",
                    "url": "https://www.metal-archives.com/release/ajax-view-lyrics/id/2468949",
                    "darklyrics": "\nGuilt haunted,\nHate driven\nAll those promises so lightly given\n\nGrief crippled\nAnd heartbroken\nVicious lies so often spoken\n\nWe struggle\nWith each day\nBut mankind silently fades away\n\nSo greet a reality sad cast in pain and sorrow\nKindness seems pointless when no-one cares to follow\nThe last few tears I cry for a world with no tomorrow\nEmotions are long lost, stares so distant and hollow\n\nIn this wretched\nHuman spawning\nYou sought humanity\n\nSo bitter\nWas the truth\nSo cruel the reality\n\nWe all just fade away\u2026.\n\n",
                    "darklyrics_url": "http://www.darklyrics.com/lyrics/ashesyouleave/thecureforhappiness.html#7"
                },
                {
                    "name": "The Cure",
                    "length": "01:36",
                    "url": "https://www.metal-archives.com/release/ajax-view-lyrics/id/2468950",
                    "darklyrics": "\n\n",
                    "darklyrics_url": "http://www.darklyrics.com/lyrics/ashesyouleave/thecureforhappiness.html#8"
                },
                {
                    "name": "...for Happiness",
                    "length": "06:08",
                    "url": "https://www.metal-archives.com/release/ajax-view-lyrics/id/2468951",
                    "darklyrics": "\nBehind those green eyes hides a lady fair \nNor among angels or demons could you find her a pair \nMore and more she drove me deeper into madness \nI couldn't see it than \u2013 I am addicted to sadness \n\nYou can't break a broken heart, my dear \nStill your heart I can't even shed a tear \nYou cant even hurt a broken man \nEven if I wanted I couldn't be whole again \n\nI never felt passion \nSo sinful and yet so pure \nHelp me to find a remedy \nHelp me to find a cure \n\nI am the brooding incarnated sadness \nStanding on the edge of sanity I am the cure for happiness\n\n\n\n\n",
                    "darklyrics_url": "http://www.darklyrics.com/lyrics/ashesyouleave/thecureforhappiness.html#9"
                }
            ],
            "song_names": [
                "Devil in Disguise",
                "Only Ashes You Leave",
                "For the Heart, Soul and Mind",
                "The Ever-Changing",
                "Meant to Stray",
                "Summer's End",
                "Reality Sad",
                "The Cure",
                "...for Happiness"
            ]
        }
    ],
    "album_names": [
        "The Passage Back to Life",
        "Desperate Existence",
        "The Inheritance of Sin and Shame",
        "Fire",
        "Songs of the Lost",
        "The Cure for Happiness"
    ],
    "info": {
        "Country of origin": "Croatia",
        "Location": "Rijeka, Primorje-Gorski Kotar",
        "Status": "Active",
        "Formed in": "1995",
        "Genre": "Death/Doom Metal (early), Gothic/Doom Metal (later)",
        "Lyrical themes": "Solitude, Pain, Suffering",
        "Current label": "Sleaszy Rider Records",
        "Years active": "\n1995 (as Icon),\n1995-present "
    }
}