{
    "name": "Ass\u00fcck",
    "id": "21631",
    "url": "https://www.metal-archives.com/bands/Ass%C3%BCck/21631",
    "albums": [
        {
            "name": "Anticapital",
            "type": "Full-length",
            "year": 1991,
            "review_num": 4,
            "review_avg": 94,
            "url": "https://www.metal-archives.com/albums/Ass%C3%BCck/Anticapital/58071",
            "reviews_url": "https://www.metal-archives.com/reviews/Ass%C3%BCck/Anticapital/58071/",
            "reviews": [
                {
                    "title": "Does the accent mark mean the name is Assoooock? - 95%",
                    "content": "Let's face it, grindcore is rarely a cleanly played genre. And much less a precise and coherent genre as well. And that isn't necessarily a bad thing, just an observation on my part, and one reason that this album is so original. Now I'll be fair and say that this album is hardly pure grindcore. Death metal takes up a good 50% of the formula, which was common of the few grind bands to come out of the US death metal scene in the late 80s and early 90s. But even THOSE bands had some level of dirt and wobbly accuracy to the way they played. Assuck is pretty much what happens when you tell a death metal band to play grindcore, you get the technicality and low end brutality of old school death metal mixed with the frenzied blur of hatred and fuzz common in grindcore. Even more adding to how important this record is for the US death metal legacy is the fact that it is (to my knowledge) the first grind (or death/grind) record to be produced by Scott Burns and Morrisound Studios. Now, my meandering aside, let's get into what makes this record so delectable.\n\nThese are some catchy songs, if anything for how abrupt they are, there isn't much subtlety on this record outside of the opening track \"Socialized Crucifixtion\". And even then the track is only 1:17 so obviously it jumps into crazed psychopathic endeavors quite fast. This very much has a Reign In Blood feel, not in terms of the music by any means, but more by the production style. While there IS reverb, it's used very sparingly, the mix is very much thrown in front of you. It's like the album is saying, \"Yeah, here's our riffs, put them in your face holes.\" And overall, I think the production works in favor of the album, except really for the bass. Now this has been a normal complaint of mine for both Sunlight studios AND Morrisound recordings, the bass is very low in the mix. And while I understand that bass is a wild card in the grindcore poker deck, it would have been nice to have heard more of it. And you certainly do hear the bass when it's pounding it's low end hard enough, you won't have a general sense of where it lies in the song most of the time.\n\nThe riffs are pretty much the equivalent of a death metal submarine with grindcore cheeses imported from the city state of Terrorizer on the Napalm Death peninsula. If that made as much sense to you as it did to me, congrats. I love the occasional groovy face slams that songs like \"State To State\" and \"Civilization Comes, Civilization Goes\". It really leaves an imprint, and makes it a bit more palatable for people who aren't into grindcore and are looking from something with a bit more hook and snarl reminiscent of Florida death metal. Other than that you get some cool pinch harmonics on songs like \"The Thousand Mile Stare\" and \"Population Index\". Nicely complimenting the frantic tremolos and crunchy bridges. I especially love the ghostly alternate picking on songs like \"Dogmatic\".\n\nDrumming is a piece of bread, and blast beats are the butter. You're either getting normal thrashy death metal beats or blast beats, I couldn't find a single d beat on the entire record. Drumming occasionally slows down and shows off it's low rider in songs like \"October Revolution\" and the start of \"Socialized Crucifix\". The production on the drums is meaty, very apparent, and strong. I think that the drums are the most well produced instrument on the album in all honesty. While they might occasionally trample the guitar production, they're still never really over staying their welcome.\n\nNow for the vocals, oh yes these amazing vocals. The one balancing beam that I think makes this album better than the nearly equal \"Misery Index\" is the fantastic vocals of Paul Palovich. This guy hardly had ANY presence in the death metal community outside of this record sadly. And that is a major buzzkill because this guy is like Barney Greenway to the power of 10, he is SO powerful. And on top of that, he has fantastic pronunciation, just listen to the ending lyrics of \"Civilization Comes, Civilization Goes\" for a good example. These aren't grindcore vocals in the slightest, they are pure, hate filled old school death metal vocals, and very well done vocals at that.\n\nSo in closing, Anticapital is one of those albums that is fantastic for a quick, clean, and concise burst of speedy, chunky, death/grind, and I highly recommend it to grindcore and death metal fans alike.",
                    "date": "April 7th, 2015"
                },
                {
                    "title": "Death/Grind Done Perfectly - 92%",
                    "content": "Assuck did something that I haven\u2019t heard many other bands do. They mixed grindcore and death metal PERFECTLY. This is perfection as far as death/grind goes. Many bands have tried to merge death metal and grindcore and end up sounding more death than grind or more grind than death. Assuck do it so perfectly; I don\u2019t think I can call it one or the other.\n\nOne thing you may notice about this album, is how short it is. 15 minutes for an entire album, wow that\u2019s pretty short. This can be good or bad, I think it\u2019s a little of both. I like my grindcore short and to the point, and that\u2019s exactly what I get here. On the other hand, the songs are so good, I kind of wanted more of them. \n\nProduction is more of a death metal production. The guitars are super heavy. The drums are loud and crushing. The bass\u2026.well it\u2019s not really there. That\u2019s my only problem with the production, I think the bass should be way louder. Not that big of a deal though considering the bass is usually an afterthought for a lot of bands.\n\nThe songs are, like I said, a perfect combination of grindcore and death metal. The vocals\u2026.are pure death metal. They are guttural and intense. He can do his awesome gutturals really fast. He does the grindcore singing by how fast he sings but he definitely sounds like he could\u2019ve been in Gorguts. \u201cOctober Revolution\u201d actually sounds like it could be a Gorguts song. The songs on here contain a lot of blast beats, so if you want grindcore you will not be disappointed. The songs also contain a lot of \u201cheavy-as-shit\u201d death metal-ish parts. So if you want death metal, you will also not be disappointed. \n\nAssuck did something amazing. They bridged the gap between grindcore and death metal and they did it so perfectly. I would recommend this to fans of grindcore or death metal. Simple as that\n\nBest tracks \u2013 \u201cOctober Revolution\u201d, \u201cThe Perpetual Cycle\u201d, \"Civilization Comes, Civilization Goes\" and \u201cSocialized Crucifixion\u201d",
                    "date": "September 27th, 2011"
                },
                {
                    "title": "Brutal, Dark and WELL PLAYED! - 88%",
                    "content": "Once again the U.S.A. proved their importance in the extreme genre with these Ass\u00fcck. They are one of the most overlooked realities in this genre, but we must know that they were formed in a magic period for death/grind. By the end of the 80s and the beginning of the 90s, lots of bands were already famous thanks to their works, like Terrorizer, Napalm Death, Carcass and Defecation but these Ass\u00fcck never reached a considerable notoriety and I really don\u2019t know why. If Napalm Death became famous with Scum album, I really don\u2019t know why this band didn\u2019t receive a deserved credit. Ok, Scum is undoubtedly one of the very first examples of grind but, on the other hand, three sick monkeys could play better on that album and this Anticapital is far better, even without inventing anything new. \n\nThe fury of this band is unbelievable and always well balanced. The first influences we can notice are from Napalm Death from Harmony Corruption era and from Terrorizer. The sound is very pounding and powerful, especially if we consider the guitars tune and the snare drum. The vocals are on brutal growl, but they are never too extreme, but always more death metal. Fortunately, there aren\u2019t shrieks here because I really don\u2019t like them in grind, except for the Lock Up\u2019s albums, but this is another ground. We can often meet several less impulsive parts in these tracks, like some more mid-paced riffs in \u201cPopulation Index\u201d and \u201cDogmatic\u201d. They are always well balanced with furious restarts where the most grind influences are preponderant and massive. \n\nThe shortest tracks, like for example \u201cFeasts of War\u201d or \u201cProcession\u201d are true hammer smashes behind the neck for nastiness and brutality. However, the band is very good at the songs structures and they never put out pure chaos. In this case, I can talk about a controlled fury, a mix of brutal but well played parts and massive, dark and gore mid-paced breaks. Yes, the mid tempo parts are more gore to me and really obsessive, like in \u201cPerpetual Cycle\u201d with lots of whistles and stop and go. This is where you can experience the band\u2019s power in the various sectors. Everything is made of be obsessive, obscure and fucking violent. In more or less 15 minutes of music they are able to achieve a furious holocaust for our poor ears.\n\nThe furious blast beats parts are very well done and quite clear cut while when they enter the sound after the guitars brutal incipit, the compositions reach the climax. In \u201cBody Politic Equation\u201d some, heavy Obituary traces can be found in the sick air of decomposition, while going back to my thoughts about the blast beats sector, listen to the last two tracks to have a perfect idea. By the way, the entire \u201calbum\u201d is to own or to listen at least. Due to the length it\u2019s difficult to call this \u201calbum\u201d but it\u2019s perfect like this because the fury level is too high and to reach even half an hour can be dangerous. There would have been the risk to bore the listener but with these 15 minutes it can\u2019t happen. All in all, this is a very good album in this genre, an album to discover.",
                    "date": "October 7th, 2008"
                },
                {
                    "title": "No Hope, No Future - 100%",
                    "content": "Favorite US grind core album of all time? Quiet possibly. Rarely do people hit on something this good and are able to keep it. Assuck were able to do just that, as their next one, \u2018Blindspot\u2019, and their last work \u2018Misery Index\u2019 all rule. These are first class musicians, something very rare in the grind core scene, indeed in the hard core scene in general, but these guys are the best of the best. The blast beats do not falter, the drums are right on the guitar, follow its every move, and yet he plays loose and fitting to grind/HC. I know that must sound strange at first, but really if you listen to this, which you should, you will hear what I mean. The riffing is so incredibly non-standard we still do not have the proper vocabulary, even at this age, 11 years later, to express it. \n\nAnd the message of this album is what it is all about. This is the sort of political lyric that can be appreciated by everyone, regardless of their political beliefs. Why? Because it is about not being ruled, about the soul crushing reality of the world you live in, the same thing that anarchists bitch about and that leads NS folks to war. The same thing is given name, misery, facelessness, despair, etc, and as typical with really good grind like Ulcerrhoea, Lycanthropy, and these guys, they give no answer for it. There is no answer for it, this is existence, there is no way to heal the wounds, only to change the bandages of political beliefe around the wounds of existence. And those bandages, like civilizations, come and go, but the reality of suffering and humiliation, of being dominated and of the disgusting hierarchies and small minded power plays will always stay the same. So cheers to you Assuck, I am gonna go and drink myself into an antisocial stupor.",
                    "date": "March 26th, 2008"
                }
            ],
            "songs": [
                {
                    "name": "Socialized Crucifixion",
                    "length": "01:18",
                    "url": "https://www.metal-archives.com/release/ajax-view-lyrics/id/431308A"
                },
                {
                    "name": "The Thousand Mile Stare",
                    "length": "00:42",
                    "url": "https://www.metal-archives.com/release/ajax-view-lyrics/id/431309A"
                },
                {
                    "name": "Population Index",
                    "length": "01:11",
                    "url": "https://www.metal-archives.com/release/ajax-view-lyrics/id/431310A"
                },
                {
                    "name": "Dogmatic",
                    "length": "00:38",
                    "url": "https://www.metal-archives.com/release/ajax-view-lyrics/id/431311A"
                },
                {
                    "name": "Spiritual Manipulation",
                    "length": "00:49",
                    "url": "https://www.metal-archives.com/release/ajax-view-lyrics/id/431312A"
                },
                {
                    "name": "Feasts of War",
                    "length": "00:08",
                    "url": "https://www.metal-archives.com/release/ajax-view-lyrics/id/431313A"
                },
                {
                    "name": "October Revolution",
                    "length": "01:21",
                    "url": "https://www.metal-archives.com/release/ajax-view-lyrics/id/431314A"
                },
                {
                    "name": "Procession",
                    "length": "00:39",
                    "url": "https://www.metal-archives.com/release/ajax-view-lyrics/id/431315A"
                },
                {
                    "name": "State to State",
                    "length": "00:55",
                    "url": "https://www.metal-archives.com/release/ajax-view-lyrics/id/431316A"
                },
                {
                    "name": "The Perpetual Cycle",
                    "length": "01:16",
                    "url": "https://www.metal-archives.com/release/ajax-view-lyrics/id/431317B"
                },
                {
                    "name": "World of Confusion",
                    "length": "00:45",
                    "url": "https://www.metal-archives.com/release/ajax-view-lyrics/id/431318B"
                },
                {
                    "name": "Civilization Comes, Civilization Goes",
                    "length": "00:52",
                    "url": "https://www.metal-archives.com/release/ajax-view-lyrics/id/431319B"
                },
                {
                    "name": "Page by Page",
                    "length": "01:15",
                    "url": "https://www.metal-archives.com/release/ajax-view-lyrics/id/431320B"
                },
                {
                    "name": "Sterility",
                    "length": "00:40",
                    "url": "https://www.metal-archives.com/release/ajax-view-lyrics/id/431321B"
                },
                {
                    "name": "Body Politic Equation",
                    "length": "01:13",
                    "url": "https://www.metal-archives.com/release/ajax-view-lyrics/id/431322B"
                },
                {
                    "name": "Anticapital",
                    "length": "00:38",
                    "url": "https://www.metal-archives.com/release/ajax-view-lyrics/id/431323B"
                },
                {
                    "name": "Epilogue",
                    "length": "00:58",
                    "url": "https://www.metal-archives.com/release/ajax-view-lyrics/id/431324B"
                }
            ],
            "song_names": [
                "Socialized Crucifixion",
                "The Thousand Mile Stare",
                "Population Index",
                "Dogmatic",
                "Spiritual Manipulation",
                "Feasts of War",
                "October Revolution",
                "Procession",
                "State to State",
                "The Perpetual Cycle",
                "World of Confusion",
                "Civilization Comes, Civilization Goes",
                "Page by Page",
                "Sterility",
                "Body Politic Equation",
                "Anticapital",
                "Epilogue"
            ]
        },
        {
            "name": "Misery Index",
            "type": "Full-length",
            "year": 1997,
            "review_num": 7,
            "review_avg": 90,
            "url": "https://www.metal-archives.com/albums/Ass%C3%BCck/Misery_Index/49122",
            "reviews_url": "https://www.metal-archives.com/reviews/Ass%C3%BCck/Misery_Index/49122/",
            "reviews": [
                {
                    "title": "Let me drop you some (sic) beats. - 77%",
                    "content": "Anticapital was pretty much the antithesis of the (then) current death metal scene in Florida, it came at a time when the grind and punk scene was nonexistent, and technical and progressive death metal were starting to gain hold of the attention of the mass extreme metal audience. It seemed that straightforward brutality was almost being frowned upon. Blast beats and chunky guitars weren't impressive anymore, and people were looking for a new level of musicianship in their bands. Then along came Assuck to remind us exactly why we loved the meaty tones and fiery beats of bands like Napalm Death and Carcass. Anticapital was catchy, unique, and could be considered the first crossover album of the scene. So it seemed that they had planted their seed and ran far from the death metal plantation. But I don't think they realized how much the seeds from that blooming bud had spread, as soon we would have bands like Mortician and Dying Fetus following close in this death metal and grindcore crossover movement. So I guess the next logical step would be to plant a far bigger, if less catchy and memorable seed in Misery Index.\n\nSo let's get right into the production, I made the comment in my last review that there was an obvious \"Reign In Blood\" feel to the way the album was produced, that feels far less apparent here, it seems that they took far more advantage of the reverb they could use. This album was still recorded at Morrisound, but not under the guise of Scott Burns (apparently nu metal was far more hip for him at the time). On the upside, my complaint about the bass has been fixed to a degree. Even when the blast beats are running wild, I can still hear the bass flicking away, even if the tone is a slight bit thin, it's better than no bass at all. It seems that vocals were pushed just slightly in front of the guitars in the mix, because they almost lie even on the mixing board. And this doesn't always work in the favor of the vocals, they're way more inflected and quiet than they were on Anticapital, and this may have something to do with the fact that Steve Heritage is not really even half the vocalist to Paul Pavlovich, and I don't mean that as an immediate insult, he's a pretty good and middle of the road guttural bear-hog like most vocalists of the time, but he is far better behind the guitar in my honest opinion, because for as good and frantic as the riffs on this album are, they don't feel as catchy or memorable as the riffs on Anticapital, with a few obvious exceptions.\n\nDrumming is the one place where this band still shines, I am absolutely in love with the drums in QED, it really is a song that shows what Assuck is all about, straightforward, nasty brutality. Clocking in at just under 40 seconds, this shows that Assuck have no intention of becoming any more progressive or long winded than they need to be. And I think that may be one of the best compliments I can give this album, it's consistent. For better or worse the album sticks to it's guns, and for the most part, it shines in the places it shows off. I really love the disconnected and crazy riffing in songs like \"Wartorn\" and the same characteristics in songs like \"Lithograph\" and \"Riven\". But that also comes off as being a bigger problem in the grand scheme of things, which is quite sad really. Because I always leave this album saying, \"Gee I wish there was more to talk about.\" But it makes me love songs like \"Salt Mine\" and \"Moment to Failure\" for how much they mix up the formula. \"Salt Mine\" has an extremely dissonant and thumping breakdown riding a good portion of the song, giving in to that mechanical and oppressive feel that the album art entails. I love \"Moment To Failure\" for it's fluid and catchy basslines which add a layer of separation and an impression of push and shove.\n\nBut overall, what does this add to the album? Not very much to be honest. I can listen to Anticapital on repeat up to 4 times without becoming tired of it, but Misery Index just becomes a blur of average if slightly original and consistent death/grind that is easily outshined by many of it's peers at the time. Anticapital was lightning in a bottle, a tried and true classic that made itself known at the time, it refused to lie still and be overshadowed by even the most brutal and famous of bands at the time. It was catchy, oppressive, atmospheric, anxiety ridden, and most importantly memorable. Misery Index feels like an unneeded extension to a masterpiece, like painting a pretty hat on the Mona Lisa, yeah it's a nice looking hat, but the riffs aren't as good... Nevermind, I'm giving Misery Index a 7.7 out of 10.",
                    "date": "April 8th, 2015"
                },
                {
                    "title": "Grind Terrorism - 100%",
                    "content": "Ass\u00fcck. One of the greatest bands to ever exist. From 1987 to 1998, they set forth torrents of hybridized death-grind, layering together the blasting speed of grind with the anarcho politics of crust and the dense rhythmic aggression and riff-first mentality of death metal. Their fusion was nuclear, a tensely coiled and knottily complex animal that attained a level of intensity residual of those who pioneer and perfect. With Misery Index, Ass\u00fcck blast past the Napalm Death/Repulsion/Terrorizer axis to deliver their own apotheosis of the death-grind hybrid. And though this legacy has been bastardized repeatedly by others, Ass\u00fcck takes the measure of their imitators. In intricacy, efficacy, brutality, and overall memorability, Misery Index obliterates all.\n\nBut what exactly makes Misery Index so memorable? Consider the massive, hook laden guitar riffs: overlacings of mid-paced Floridia death metal and well-placed dissonant left turns gird up the blurring overlay of sick fast grind riffs -- a heady stew that sticks in the brain and keeps me hitting repeat to hear exactly how he does it. Then there's the insanely precise and technical drum performance -- a veritable clinic in well-placed, well-timed blasts coupled with energetic fills, swings, breaks, and double-bass. This guy is a human dynamo. And the bass playing stands right up with him -- strong and audible in the mix with no fear of breaking away from the straight riff patterning. Usually music this fast sacrifices heaviness for speed but not here. The production favors immensity, balancing every instrument in sharp ratios of intense perfection and leaving the vocals plenty of room to shine. And I love the vocals on this record: deep and turbulent, full of angry invective, but with none of that coarse, strident, often naive preachiness that turns so many people away. \n\nAnd while I could single out tracks like \"Wartorn,\" \"Dataclast,\" and \"Unrequited Blood\" as favorites, honestly, for the 16 or so minutes that Misery Index rages on, each track delivers its own menacing escalation in tension and release. They are all short, powerful, pummeling, and unique. A succinct summation of death-grind's immense capabilities. For me, Misery Index is so unerringly perfect and complete that I cannot bring myself to unveil a single criticism against it. Ass\u00fcck are a rare breed, a band whose brevity reveals depth and whose records reward repeat and complete attention.",
                    "date": "January 26th, 2012"
                },
                {
                    "title": "Riffed-Up and Ground-Down - 100%",
                    "content": "My favorite Grind album of all time. This is Grind at its finest. Assuck's Misery Index is a perfect blend of Death Metal and the relentless pacing of Grindcore. This is also Assucks best album imo.\n\nThe song lengths are pretty short (most under a minute), but this is typical for Grindcore. I know song length means a lot to some listeners, but guys trust me, they're short, but they kick ass. You have to listen to the album as a whole. There is no standout track to play on a loop in your itunes. This is just straight up Death Grind bliss.\n\nMisery Index is full of great riffs and blast beats. What I enjoy most about Assuck is that you can actually make out the riffs, unlike some other Grind bands like Magrudergrind or Discordance Axis. I love those two also, they're amazing for what they are, i'm just using them in example. This album will change your opinion on Grind if you're someone who thinks its all shrieking and monotonous. If you're very closedminded, you might say that this album is monotonous as well; but you'd be dead wrong.\n\nThe album kicks off with QED, a general mashing of riffs and insane blast beats. The drums have a distinct stop, start sound to them that really kicks ass. The next track, Salt Mine, starts off slow with a down tuned guitar, and then starts to rip at your intestines through more insane blast beats. The vocals are excellent for Grind on Misery Index, because they follow the tempo of the riffs. The track Corners excels in this department. \n\nThe vocals overall are great. The lyrics kick ass too. They're pretty inaudible when listening, but when you look them up, they add a sick bonus to the great music. Here's the lyrics from Dataclast: \"I've never wanted to admit the absolute and to its no absolution. That with much knowledge comes much anguish. That privity becomes pandora's plague. It is the iodine that indelibly stains. It is a lupus that disseminates and infects our being from the day we are born. Never will I sleep again until I've plundered every chapter and ripped out every page. I will slash and burn and salt the earth so that nothing will grow.\" Dude, that's fucking awesome.\n\nThe tone of this album will depress you in the slower parts (I wouldn't call them breakdowns because they're at the beginning of songs), and make you want to punch through walls during the insane bits. Misery Index is such a varied Grind masterpiece that it deserves at least one listen. Besides, who knows? This might be your gateway into a whole new genre of music.\n\nFor fans of: Insect Warfare\nUnholy Grave\nDisrupt\nKill the Client",
                    "date": "December 22nd, 2008"
                },
                {
                    "title": "Obliterating, well-played Death/Grind - 89%",
                    "content": "To close (I hope momentarily) the career of this excellent death/grind legend Ass\u00fcck, we find this brutal Misery Index album. The ingredients are the same ones we found in the previous works, so beware the unbelievable power by this band that once again is able to deliver to all of us. Fifteen songs for fifteen minutes of extreme emotions are enough to level a city in terms of power and heaviness. This late but unbelievably good death/grind effort should always be remembered by the most brutal metalheads worldwide.\n\nNow, into the music. This short album starts with the blasting fury of the short opener \u201cQED\u201d. The blast beats are perfectly played and the up tempo parts are so impulsive and angry! Another thing we notice is the big step ahead if we talk about the production. If Anticapital album was already very good in this field, this one is even obliterating! The songs are now well exalted in all their fury and some more progressive riffs under the blast beats/up tempo parts are welcome and quite original, like in \u201cSalt Mine\u201d and \u201cCorners\u201d. The rest is nothing but the classic, hyper brutal assault.\n\nOne of the most important characteristics of the music by Ass\u00fcck is the goodness of the songwriting that goes hand in hand with an almost incredible fluidity of music. Everything is so violent but extremely bound together and truly well played and well constructed. The vocals are the classic growl that, by the way, always conserves a natural touch without being excessively brutal in terms of distortion. The things change if we are talking about the nastiness and the brutality in form of speed and relentlessness. In \u201cWartorn\u201d the switch from the blast beats to the doomish progression of the last part is really well-done.\n\nThe band expresses excellently its power both during the doom and at times progressive parts and during the furious, hyper fast but never chaotic ones. This is the real deal. They are always very good and always good musicians. They know this genre very well and they are always able to create complete structures even when they are called to play just for few seconds. The brutal death, the classic death and the grind are mixed together in perfect dosages to create a great album in this genre.",
                    "date": "October 17th, 2008"
                },
                {
                    "title": "Size doesn't matter - 90%",
                    "content": "Because this is potent as fuck. When I listen to metal, I don\u2019t enjoy solos that much, I want to hear RIFFS. And lots of them. And I love bands which play few solos (or none at all) to make more riffs. Assuck, the \u201chardcore kids which play death metal\u201d seem to prefer riffing than pointless \u201clook-at-me\u201d solos. Also, another thing to note is that they write very coherent songs, considering their short length, it\u2019s somewhat of a \u201ccontrolled chaos\u201d.\n\nLots of blast beats, clear guitar with a great, grindy tone, not-so-audible bass and deathgrunts in which the lyrics can be heart even after only 1-2 auditions (hardcore influence done right). Production is clear, typical Morrisound studio, mixing is good.\nIt\u2019s interesting to notice how such a good grindcore album got out when grindcore already died as a genre, and (like today) was starting to be plagued by psueogrindcore bands with fun/gore/ultraleftist political lyrics. Speaking about lyrics, they are political, criticizing much, and somewhat leftist, but not in the Agathocles way. Lyrics are far better and not so ,,in-your-face\u2019\u2019 as much as they are making you think.\n\nPeople are generally stupid, and cannot appreciate something by its quality, but by its quantity, and many will be annoyed that this has roughly 15 minutes, but considering how great it is, it shouldn't be more, as it would probably lose its focus. \n\nOverall, this is one great deathgrind album, which manages to take pretty much the best out of death metal and grindcore, and tries to show us the society we're living at and many of its flaws.",
                    "date": "April 26th, 2008"
                },
                {
                    "title": "Supreme Intensity - 86%",
                    "content": "Normally these \"brootal: bands suck simply becaues of the lack of variation, or more precisely the lack of proper songwriting dicipline. Assuck is ,of course, an exception They manage to be insanely brutal and ridiculously fast while mainting brilliant and cohesive songwriting.\n\nTo put things into perspective, Assuck have compile more progressions in 36 seconds than most brutal bands have managed to compile in 15 years. Not only does Assuck compose superior songs, but their riffs are far more creative. Many of them consist of jagged dissonant chord voicings and harsh, violent harmonization. Not only is the guitar recklessly violent, but so is the fast paced brutal drumming. For the most part, drumming consists of lightning fast blasting; often with a technical twist which makes it far more interesting than your standard brutal drumming. Together the guitars and drums combine to create a strong sense of urgency. Rage and despair pour out every song on this album, and that is what makes it so unapolagetically brutal. That and the fact that every song is about a minute long, although it seems much longer due to the supreme intensity.",
                    "date": "October 29th, 2006"
                },
                {
                    "title": "Great fucking classic grind release - 90%",
                    "content": "OK, so it's short. WHO THE FUCK CARES?! This is blistering, blasting, face-melting grind at its best. The -core suffix holds true here, due to the sheer amounts of punk influence on everything, but it comes off sounding very death metal. Very sleak production and nice mixing. Drums are right there, very technical and blasty. Riffs are start-stop whirlwinds of brutality. Vocals are pretty fitting death grunts. In this way, even if you don't like grind, you might like this, because it's similar to death metal with short, to-the-point songs.\n\nLyrics are well-written and appropriately metaphorical anti-government and anti-economic rape prose, pretty varied. Every now and then a neat slow part will hop in the mix, but it's usually completely devoured by speed. However, the instrumental parts with only riffs and drums are A+.\n\nIf you don't like grind, you still have a chance at liking this, as, as I said before, it's similar to death metal in more than 3 aspects. However, some people may think that this album's length is the downfall of it. If it was any longer, it would probably get boring rather fast, so props to them for knowing when to stop when they got going. They never fucked their legacy, and are on of the only bands who can say that about themselves. Pure cult underground grind for the straightforward/forward thinking. Check it out at all costs. One of the best grind releases of our time.",
                    "date": "December 8th, 2004"
                }
            ],
            "songs": [
                {
                    "name": "QED",
                    "length": "00:36",
                    "url": "https://www.metal-archives.com/release/ajax-view-lyrics/id/369849"
                },
                {
                    "name": "Salt Mine",
                    "length": "01:09",
                    "url": "https://www.metal-archives.com/release/ajax-view-lyrics/id/369850"
                },
                {
                    "name": "Corners",
                    "length": "00:53",
                    "url": "https://www.metal-archives.com/release/ajax-view-lyrics/id/369851"
                },
                {
                    "name": "Dataclast",
                    "length": "00:52",
                    "url": "https://www.metal-archives.com/release/ajax-view-lyrics/id/369852"
                },
                {
                    "name": "Blight of Element",
                    "length": "00:53",
                    "url": "https://www.metal-archives.com/release/ajax-view-lyrics/id/369853"
                },
                {
                    "name": "Talon of Dominion",
                    "length": "00:53",
                    "url": "https://www.metal-archives.com/release/ajax-view-lyrics/id/369854"
                },
                {
                    "name": "Unrequited Blood",
                    "length": "01:15",
                    "url": "https://www.metal-archives.com/release/ajax-view-lyrics/id/369855"
                },
                {
                    "name": "Wartorn",
                    "length": "01:43",
                    "url": "https://www.metal-archives.com/release/ajax-view-lyrics/id/369856"
                },
                {
                    "name": "Sum and Substance",
                    "length": "00:48",
                    "url": "https://www.metal-archives.com/release/ajax-view-lyrics/id/369857"
                },
                {
                    "name": "Riven",
                    "length": "00:57",
                    "url": "https://www.metal-archives.com/release/ajax-view-lyrics/id/369858"
                },
                {
                    "name": "Reversing Denial",
                    "length": "00:55",
                    "url": "https://www.metal-archives.com/release/ajax-view-lyrics/id/369859"
                },
                {
                    "name": "Lithographs",
                    "length": "00:57",
                    "url": "https://www.metal-archives.com/release/ajax-view-lyrics/id/369860"
                },
                {
                    "name": "Intravenous",
                    "length": "00:51",
                    "url": "https://www.metal-archives.com/release/ajax-view-lyrics/id/369861"
                },
                {
                    "name": "A Monument to Failure",
                    "length": "00:59",
                    "url": "https://www.metal-archives.com/release/ajax-view-lyrics/id/369862"
                },
                {
                    "name": "In Absence",
                    "length": "01:31",
                    "url": "https://www.metal-archives.com/release/ajax-view-lyrics/id/369863"
                }
            ],
            "song_names": [
                "QED",
                "Salt Mine",
                "Corners",
                "Dataclast",
                "Blight of Element",
                "Talon of Dominion",
                "Unrequited Blood",
                "Wartorn",
                "Sum and Substance",
                "Riven",
                "Reversing Denial",
                "Lithographs",
                "Intravenous",
                "A Monument to Failure",
                "In Absence"
            ]
        }
    ],
    "album_names": [
        "Anticapital",
        "Misery Index"
    ],
    "info": {
        "Country of origin": "United States",
        "Location": "St. Petersburg, Florida",
        "Status": "Split-up",
        "Formed in": "1988",
        "Genre": "Death Metal/Grindcore",
        "Lyrical themes": "Social alienation, Anarchy, Political issues",
        "Last label": "Sound Pollution Records",
        "Years active": "\n1988-1998 "
    }
}