{
    "name": "At War",
    "id": "648",
    "url": "https://www.metal-archives.com/bands/At+War/648",
    "albums": [
        {
            "name": "Ordered to Kill",
            "type": "Full-length",
            "year": 1986,
            "review_num": 7,
            "review_avg": 65,
            "url": "https://www.metal-archives.com/albums/At_War/Ordered_to_Kill/9086",
            "reviews_url": "https://www.metal-archives.com/reviews/At_War/Ordered_to_Kill/9086/",
            "reviews": [
                {
                    "title": "Ilsa in search of Fuckadaffi - 88%",
                    "content": "At the time of the release of their debut, I read an interview with At War. They were asked why they had chosen the militaristic image for the front cover. The answer was surprising. \"We don't have a weakness for war, we are just passionate hunters!\" Okay, I never saw hunters with this kind of guns. But this is surely my own fault. The more I think about it, the more I am sure that I also misinterpreted their lyrics. Songs like \"Ordered to Kill\" \"Rapechase\" or \"Eat Lead\" had most likely a well hidden pacifistic message.\n\nThis nonsensical self-marketing aside, At War had a lot to offer. Just like The Ramones, Mot\u00f6rhead or AC/DC, the three-piece had a fine instinct to combine primitive patterns with very catchy melodies. (The fine difference, that the other bands were commercially successful, is an entirely different matter.) Already after having listened to the album for the first time, I was able to sing the easily accessible songs from memory. Admittedly, my brain was much younger than today and it was therefore no great challenge. But even today, with thousands of brain cells dying each day, the tracks do not overstretch my intellectual capabilities. The mixture of power, speed and thrash metal is highly effective. At War waived any kind of long agenda. Their only aim was to kill the enemy in the most efficient way. Driven by restless guitars and whipping drums, the opening title track unleashed immediately a high level of energy. It became obvious that the guys were able to manage the catchy parts without being prone to any form of cheesiness. Among other things, the one-word-chorus of \"Capitulation\", highly primitive yet absolutely excellent, confirmed this thesis. \n\nAt War also knew how to design tempo changes in the most dynamic manner. Of course, in accordance with their simplistic general approach, they saw no reasons for the integration of a high number of breaks. Nevertheless, a song like \"Mortally Wounded\" showed the efficiency of this rarely occurring stylistic device. To achieve maximum results with minimum efforts seemed to be the goal of At War and nobody could deny that they were very successful in this respect. The song material did not suffer from any major flaws. Instead, songs like the title track or \"Capitulation\" were extremely well constructed. Hence follows that each and every piece has withstand the test of time, although it is a debatable question whether it was really necessary to record the Mot\u00f6rhead cover.\n\nThe short playtime of the full-length was the result of the no frills dogma of the band. Thank God, the most famous son of the Austrian city Braunau, Adolf Hitler, was so friendly to stretch the running time. A sample of one of his irritating speeches kicked off \"Ilsa (She-Wolf of the S.S.)\". It's always a good idea to make a song about the Nazis. American patriots and left winged Europeans have not much in common, but all of them love to hate this ugly kind of Germans. This means that you cannot do much wrong. Just watch an obviously moronic movie about the concentration camps and transform its content into your next composition. Well researched lyrics are always welcome and it doesn't matter that the artists are not able to offer a single German line without several mistakes (\"Ya Volt und Zeig Heil mein Commandant\" instead of \"Jawohl und Sieg Heil mein Kommandant\" is printed on the inner sleeve.) However, At War were inspired by the eponymous trash movie from 1974 and in order to emphasize their militaristic image, they offered this song. No doubt, it enriched the album due to its musical power, regardless of the sloppy lyrics. The aggressive riffs and the powerful drumming created coherent verses and an explosive chorus. Too bad that Ilsa had forgotten to contribute some voluptuous background vocals. Anyway, lines like \"Sex with her don't come first / She'll castrate you her Nazi curse\" boggled my juvenile mind.\n\nThe vigorous production gave no reason to grumble and the vocals of bass player Paul Arnold did not lack of charisma, although he was definitely no natural born lead vocalist. All in all, this was a fantastic debut. Every fan of thrash metal and every enemy of complexity should lend an ear to this album. Its only annoying detail was that the cover announced a bonus track with the promising title \"Fuckadaffi\". I still regret that this bonus was missing with the effect that Ilsa had no opportunity to have a drink with the likeable dictator from Libya. Well, you can't always get what we want.",
                    "date": "May 1st, 2016"
                },
                {
                    "title": "Thrash legends or thrash wannabes? - 69%",
                    "content": "Just as many metallers debate on whether or not Metallica is great, the few people who've heard of At War have many polarizing opinions regarding their sound. Some say that they're unsung heroes of the thrash metal world, standing up to the popular \"poser\" bands that dominated the airwaves. Others believe that they're just another Slayer/Motorhead ripoff wanting to be a part of the thrash metal scene. Me? I've just gotta say that I'm in between. They do have that speed and sheer aggression that we all demand, but there are some aspects that I feel they could've touched up upon a little more, that way, they'd have less detractors.\n\nThere's no doubt that we've got Slayer and Motorhead influences clashing with each other at every second, but the Motorhead influence is most prevalent in the band's cover of \"The Hammer\". Bassist/vocalist, Paul Arnold's gruff and growling vocals bear an uncanny resemblance to those of Lemmy's, making the cover version sound like Motorhead actually decided to re-record the song and make the guitars a little heavier. That's exactly what it sounds like. If you've never heard of At War and you heard the song, you'd think that Motorhead actually did re-record it due to the striking similarities. If At War wanted to be Motorhead clones, they've truly achieved it by covering \"The Hammer\". When it comes to other songs, however, the Slayer influence gets more attention. Of course, since they are indeed a thrash metal band, they have got to have lightning-fast tempos, but many of the faster ones show up more often than others. The songs are already at moshing speed, but the band somehow felt that the songs weren't fast enough. \"Mortally Wounded\" fluctuates between a medium-paced tempo, which some people would mosh in, and a hyper-fast one when it gets to the verses. They also play with many of the basic power chords rather than inserting a tritone, which Slayer would do. For this reason, At War sounds like they couldn't come up with more imaginative hooks, as the hooks here are all too easy to play (and thus the songs can be covered without any difficulty). \n\nOn the other side of the coin, thrash metal really doesn't require much in terms of getting at least some attention. Having a hyper-fast tempo and aggressive riffs are the key to having some good thrash metal. Unfortunately, they're abused so much that they just start to get boring. That's why some people detest At War's ways of playing. I suppose I might appreciate a few songs for what they are, but not as much as songs from other bands. Based off of the exploitation film of the same name, \"Ilsa (She-Wolf of the SS)\" is one of the best examples of the band's tendencies to create some decent songs, but not decent enough to be considered essential classics. It's got that aggressive riffing, tempos that attempt to break the sound barrier (especially during the guitar solo), and backing vocals shouting the song's title (part of it, at least). These characteristics show up in nearly every thrash metal song in human history, both the good ones, and the bad. They're what are needed for a band to be considered \"thrash metal\", but there has to be some more brain power involved to make the songs less boring. Although At War didn't take that into account, they at least made some material that could appeal to a few people, and by a few people, I mean those that are die-hard thrashers who don't really care how their band sounds. \n\nApart from the fast drumming and riffing, the musicianship isn't all that spectacular. I did mention before that Paul Arnold had vocals that were similar to Lemmy's, and that's just about it. He just growls through his lines without much energy, and not as much energy as Lemmy would put out. If you're going to be a thrash metal vocalist, you have to put more power into your vocals, like Bobby \"Blitz\" Ellsworth of Overkill. He growls sometimes too, but he puts more effort into his growls, and he screams as well. Paul Arnold doesn't do that at all, and thus his vocals seem to fall flat. His bass playing isn't much better, as the bass is barely heard. It seems like he follows the song rather than plays a unique bass line. In \"Ilsa (She-Wolf of the SS)\", he only plays one note as a form of rhythm (Steve Harris he ain't!). At the first listen, it may seem like guitarist Shawn Helsel has some very good soloing skills, but if you listen to every song by the solo, you'll notice a few similarities. I get that every famous guitar player has his/her own style, but Helsel's style is less skilled, as he seems to fool around with the whammy bar once or twice (some examples being \"Ilsa (She-Wolf of the SS)\" and \"Rapechase\") and has a tendency to play the same kind of arpeggios. A good try, but a better guitarist has to come up with better skills than that, and Helsel didn't seem to get the message. \n\nYou know those cheap store-brand knockoffs of various products like batteries that aren't as good as the products made by more famous brands? That's kinda what At War's \"Ordered to Kill\" feels like. It's basically a cheap knockoff of better thrash metal bands who put more effort and imagination into their work. While some songs may be pretty decent in some respects, in others, they're incredibly bland. If only the band was more creative and tried to come up with some new guitar tricks or lyrical themes that didn't involve war or sex, then it would've been the next Metallica, if not better. That's not how it happened, and therefore, the band would be another one of those obscure bands that hardly anyone would remember (or care to remember).",
                    "date": "January 26th, 2015"
                },
                {
                    "title": "Mot\u00f6rhead and Slayer at war - 56%",
                    "content": "We\u2019ve all at some point in our lives known that one guy who took the Nazi lyrics and imagery of bands such as Mot\u00f6rhead and Slayer seriously, thinking it\u2019s so cool and brutal. I always felt like At War were those type of guys, but then I might be one of those too for taking At War seriously.\n\nAt War may be one of, if not, the first metal band too fully embrace the nature of war for lyrical content. I just wish they would have embraced the nature of songwriting for musical content as well. Now this isn\u2019t bad, there definitely are some pretty catchy tunes to be found between the fillers of this album, or maybe they aren\u2019t fillers. Maybe the album is supposed to be a generic and uninspired thrash metal album and the few songs that are actually worth re-listening to are the fillers. Who knows? But really, this is a decent attempt at dirty speed metal and though it appears to be a bit childish, it still has a charming effect to it.\n\nThere is a definite Mot\u00f6rhead influence to be found on this album. The riffs is one thing but the vocalist sounds like if a less drunken version of Lemmy met a drunker version of Cronos. They even covered \u201cThe Hammer\u201d, which is, dare I say it, almost as good as it\u2019s original and is easily the best song on the album. Besides being very Mot\u00f6rhead influenced, the riffs make it hard for me to put a specific genre on it. One minute it\u2019s crossover and the next it\u2019s speed metal. There is a technical thrash edge to be found on some of these otherwise punkish tunes too. The solos are short and they probably are for a reason because they aren\u2019t really good and making them longer would just drag down the album even more. The drums are loud and the double bass drum is all over the place and the bass is nothing special.\n\nThe production is what you would expect from a underground thrash metal album from 1986. It\u2019s raw but decent.\n\nYou\u2019re better off just ignoring this one. If you\u2019re a real sucker for this style though, I suggest you check out \u201cThe Hammer\u201d cover, \u201cIlsa (She Wolf Of The S.S.) and \u201cEat Lead\u201d.",
                    "date": "February 14th, 2012"
                },
                {
                    "title": "An underestimation of enemy forces - 58%",
                    "content": "John Rambo. First Blood. Chuck Norris. Delta Force. Such are the products of the 80s craving for warfare and bloodlust, huge action films with unforgettable firefights and dialogue, all conveniently and ironically to coincide with the end of the Cold War era. But where was the thrash equivalent? Well, it was actually quite common during the 80s to include some gas-masked or muscular, vested, grenadier with a bigger arsenal than most small nations, struggling against injustice before or after the bomb dropped. Virginia's long lost and now found thrash cult At War represent a little less foolery in their brand of war metal, and a more honest, if underwritten depiction of violence and other topics, like the horrors of rape or experimentation at the lethal and lovely hands of a female S.S. officer...\n\nOrdered to Kill was the trio's first entry into the arena, and like so many other New Renaissance Records releases of its time, it brings back fond memories. Who were these three men strapped with machine guns and camo emerging from this North American logo beneath one of the more distinct, if simple logos and military title font? They were Paul Arnold, Shawn Helsel, and Dave Stone and they were about to deliver one of the more blunt and hammering sounds of East Coast thrash metal. The writing on this debut is hardly perfect, and the band's second effort would be a step up in quality, but it's still decent enough if you like the crude sounds of a band like early Slayer, Hallows Eve, Sacred Reich or even Maryland's obscure Indestroy, who were on the same record label.\n\nThe title tracks opens with a few capable artillery rounds of smooth, rugged riffing, Paul Arnold's voice sounding quite like Tom Araya's lower end capacity in the 80s, without the swerves into a middle range or the bloodshot screaming. The solo is quick and forgettable, the entire experience rather cheap, but who cares? This was the 80s and you were banging your head, because you spent the $6-10 on the cassette or LP. \"Dawn of Death\" is mildly faster, but a little messier as it shifts from the momentum riffing to the war drum breakdowns. \"Capitulation\" is one of the weaker pieces on the record, with the song title being bludgeoned to death in the chorus to the loss of all affectations. Next we break into the Mot\u00f6rhead section of the record, beginning with the original \"Rapechase\" with its rolling punk-fueled aggression, and followed by an actual cover of \"The Hammer\" from Lemmy and friends. Both of these are actually pretty good, and one wonders if the band had followed their influence more closely for the entire album, if it might have made more of an impact.\n\nBut the final tracks return to the straight thrash sound, with some dirty, spent round casing riffs in \"Mortally Wounded\". I'm not a fan of the vocal breaks in this song, they get a little dull and again, the rather poor writing steals the potential power of the track. \"Ilsa (She Wolf of the S.S.\") opens with a Hitler sampler, not unexpected, and breaks out some of the finer musical moments on the album, with some deadpan thrashing rhythms and an excellent chorus which burns with a little of that Lemmy NWOBHM flame. Unfortunately, the finale \"Eat Lead\" is simply not that tolerable, with a mix of basal thrash 101 riffs and rather sloppy lyrical presentation. I don't mind the brief melodic guitar riding between the verses, but the rest is pretty dull.\n\nAt War were certainly not firing complete blanks on this debut, and I do find the raw production of the record endearing to this day, but the actual composition was somewhat lacking. If you're looking for a sound similar to Mot\u00f6rhead or Tank, updated for the new era of harsh, warlike thrash guitars that were exploding in the 80s, then this album might have some value to you. Otherwise, this was clearly left in the dust by Master of Puppets, Peace Sells..., Reign in Blood and many other albums of its day. The Virginians received their orders to kill, but this first mission was not a success, and casualties were high.\n\n-autothrall\nhttp://www.fromthedustreturned.com",
                    "date": "July 2nd, 2010"
                },
                {
                    "title": "Should Have Been Forgotten By 1987 - 48%",
                    "content": "The human memory is a strange thing, for some reason the human mind can struggle to remember important information, such as when to take medication, or a girlfriends birthday, yet at the same time, it can recall the most useless of things imaginable. It could be hundreds of Simpsons quotes, or where to find videos of people getting hit in the groin on the internet, or in the case of thrash metal, it's remembering shitty generic bands with nothing of interest to offer, At War is one of these bands. \n\nThis is why I had trouble getting into thrash, this is why I initially complained about the genre being boring and repetitive, maybe not this band in particular, but any of the hundreds of bands like them which developed in the 80's and achieved nothing of interest, and still managed to be remembered and praised by many thrashers more than twenty years after they existed. Why bands like At War are still remembered I have no idea, because this is the epitome of generic, uneventful, and just plain boring music, but still I found about this band and many of their average, unimportant associates, with very little searching into the genre. The fact that a person can be recommended this album before Demolition Hammer should make people realise that this is trend that is hurting the legacy of the genre. \n\nObviously, I can't blame the band for the way that they have stuck in the minds of the children of the 80's, which is impressive considering the drugs, and it wouldn't be fair to think that they planned to make my early journeys into the genre less enjoyable. Nor can I blame them for merely being one of the more well known of the army of bands beating out tired ideas in a half arsed manner, especially considering this was created in 1986, so the majority of the best thrash was still only just being released, meaning that they were into the genre pretty early, and not just following along with the cool kids. However, I can blame them for releasing poor music...\n\nAt War trade in bland, user friendly, non-catchy and uninteresting mid-paced thrash with average instrumentation and pathetic vocal delivery. The songs are of a standard length, consist of painfully common riffs which sound somewhere between the first Metallica album and Motorhead, just worse, and less inventive. There's two fast tracks total on the album, namely the \"Ordered To Kill\" and \"Mortally Wounded\". The title track is pretty good, we probably get exposed to the main riff one time too many, but it's a good song, not top quality thrash, but close. The second quick song doesn't get my praise though, the riff is boring, and the \u201cplay fast-stop playing and let our pathetic vocalist sing-play fast again\u201d approach makes the piece that little bit more irritating. In fact, there is exactly one good song on this album, the title track, a few riffs in Ilsa(She-Wolf Of The S.S) and the solos on \"Rapechase\" and \"Eat Lead\" are the only parts of this entire album that stand out. That's it. There isn't another moment on this album that you are missing anything. Hell, even with their huge Motorhead influence they didn't manage to make their cover of \"The Hammer\" any good, mainly due to the fact it's played exactly the same way, with flat and boring production, and with poor vocals.\n\nIn fact, it's the production and the vocals that make this album so unenjoyable. As I said, musically, they're just redundant. All the instrumentalists play their music without screwing up, of course, they\u2019re not doing anything interesting either. On its own, this is the embodiment of an album playing to all the standards of the genre and no more. However, add this dull music to the horrendously flat production, and the inept vocals and you've got an album which will simultaneously bore you and piss you off. The production isn't poor as such, it's just criminally flat, the drums are probably the most hindered, which have no kick to them whatsoever, but with that said the guitars are a disappointing muffled monotone mass, soon as any notes are played quickly after each other fast they become basically indistinguishable. The solos do sound pretty good though, mainly because they momentarily avoid the flatness that the album possesses. The vocals however are just annoying, he's obviously trying to sound like Lemmy, but he's not naturally as rough, and he only delivers his lyrics in single syllable bursts, similar to early Hetfield, but again, just more irritating.\n\nThis album is not worth your time; At War is just another one of the thousands of second rate generic acts that spawned when the genre got big. While it's one of the earlier ones, Ordered to Kill is not any better than any of them, it's certainly worse than quite a few, just avoid it, the title track is good, but not worth sitting through the rest of this album for.",
                    "date": "August 5th, 2008"
                },
                {
                    "title": "A common grunt on metal's battlefield - 74%",
                    "content": "\u201c\u2026you feel the bullet enter your throat, drop to the ground on your blood start to choke\u2026\u201d\n\nThere was little surprise when the album Ordered to Kill released by Virginia natives At War had the three of them on the front cover out in the sticks armed and camouflaged like they\u2019re looking for an invigorating game of paintball. The war shtick was their thing, and with an ongoing argument of which is the first war metal band, At War would be right there firing into the sky, proclaiming that if not the originators, they\u2019re one of the early forces to use the concept at length. While I never had a problem with the guns n\u2019 glory reverie, it\u2019s the band\u2019s relatively lackluster style I\u2019ve never been sold on. \n\nNot a bad band, At War had its heart in the right place with its debut, but most of the time Ordered to Kill comes off apprehensive and controlled like a normally well-behaved kid looking around for witnesses before stomping a flower. Much of the pizzazz speed metal can easily muster seems debilitated in many of these eight tracks, starting with the title cut and \u201cDawn of Death\u201d, the pair of tracks commencing the lp, and is owed in part to the lyrical verses being sung along with the rhythm in a \u201cFight Fire With Fire\u201d style except without the apocalyptic anxiety. While the vocals of Paul Arnold are fairly poisonous and not the least bit shrieky, they\u2019re relatively bridled compared to the flaring vehemence of Dave Overkill of Destructor and the tree-splicing going on over in Razor. For \u201cCapitulation\u201d, the vox manages to find its own mind, but even with (or should I say because of) the passably memorable main rhythm, the spectrum of thrash where things get fiery is still a landscape or two away. \u201cMortally Wounded\u201d leaps closer to the edge with more determination than many of its precursors, but after forty seconds the unchanging scary verse-pointless rhythm-scary verse-pointless rhythm conveyer belt, stuff can only one-dimensionally enliven things. \n\n\u201cEat Lead\u201d and \u201cRapechase\u201d, the well-chosen songs for the Speed Metal Hell I and II compilations, are the most dominate of the bunch with the latter inching ahead with its quickly picked main riff and commanding chorus. \u201cIlsa (She-Wolf of the S.S.)\u201d goosesteps into action with one of Hitler\u2019s more popular speeches kicking it off, and while the main riff activity isn\u2019t very noteworthy, the admissible chorus and most dizzying burst of speed the band has erupted with cashes in a little higher on the currency chart. Not last (actually the lead off of side two) or least, the cover of \u201cThe Hammer\u201d is on the money, sounding like Motorhead with someone less distinct craning his neck at the mike while Lemmy sits at the bar. \n\nThe demo quality production is pretty consistent in New Renaissance\u2019s playbook, and no doubt a beefier and bassier backbone would\u2019ve spiced up the lp\u2019s sneer. Even the mud from that river Paul\u2019s standing in on the cover would\u2019ve probably done something for it, but wouldn\u2019t cake anymore imagination onto the spindles of songwriting. They\u2019ll have to be happy bayoneting the enemy in the ear on the second shelf.",
                    "date": "October 6th, 2005"
                },
                {
                    "title": "Pretty generic for '86 but there's some gems here. - 64%",
                    "content": "This is thrash goodness, weak production or not. This Lp is from '86 so of course it's most likely good on some level, let's see if At War deliver.\n\nThe albums starts off with anything you'd expect from an '86 thrash album. Overall some good guitars and good guitars, but it's buried underneath all the monstrosities of 1986, and sounds absolutely nondescript, and hardly profound in any way. There's also a question of consistency, as some tracks sound very similar but clearly aren't as good for various reasons. This starts with the misstep in Capitulation, which doesn't have the greatest intro and the chorus sounds really forced, Capitulation just doesn't sound good as a one word chorus, unless you're in 5/4 or something comparable.\n\nRapechase continues with a Motorhead speed metal type of approach (though not nearly as high in quality), though the lyrics are quite silly, even by speed/thrash standards.\n\nThen there's the highlight \"The Hammer\", which is of course a Motorhead cover, and done very faithfully. But the fact that this is clearly the highlight of the album should be and is quite unsettling.\n\nIlsa must be a real person, because that's an ugly name. No offense to the Ilsa's of the world, but I wasn't even sure if Ilsa was even a female name. That being said, this songs kicks ass, though not on the usual '86 thrash monument level. The lyrics are good too, aside from the problems with the main character. Best original song so far, with some pretty loud bass of all things.\n\nEat Lead. Damn right. This song is a great track, the riffs are good, lyrics are awesome \"death to false metal\" type stuff, without sounding cheesy or pretentious (like our favorite kings of metal *wink wink*). The part at 2.25 is killer, they play a drawn out riff (a la Motorhead) while the drums and bass are still thrashing along, killer. \n\nSo what lies within is an album just above average, the good tracks are just that but still standard fare for '86, and nothing screams mediocre because nothing really stands out at all. The next album is different, and much better.",
                    "date": "April 7th, 2004"
                }
            ],
            "songs": [
                {
                    "name": "Ordered to Kill",
                    "length": "04:21",
                    "url": "https://www.metal-archives.com/release/ajax-view-lyrics/id/80031A",
                    "darklyrics": "\nFire at will, out for the kill, looking for you\nYour blood must spill tonight\nBursting your veins, watch as you faint\nYou feel the pain\nYou've lost the will to fight\nNothing to do, except look for you\nYou can't get away\nFor if you do you'll be\nStopped in your tracks, given the axe\nWe can't restrain\nWe are the troops insane\nOrdered to kill!\n\nConventional force, changing the course\nFeel no remorse\nCarnage and suffering's\nPart of the game, we're here to maim\nOur mission is plain\nDestroy the enemy\nTake all their land, stop their last stand\nLeave them our brand\nForced to remember\nThe day we attacked, brought forth our wrath\nDeath's aftermath\nWe have been trained and we're\nOrdered to kill!\n\nTerror excites, shoot all on sight\nDon't wait for their whites\nNo need just aim and fire\nLaser device, just makes it nice, point it and pull\nTurn screams to silent lulls\nDropping like flies, deaf to their cries\nA damning demise\nA fate we must ensue\nFreedom's not done, until we have won\nSo let's make it fun\nWe have been trained and we're\nOrdered to kill!\n\nKILL!\n\n",
                    "darklyrics_url": "http://www.darklyrics.com/lyrics/atwar/orderedtokill.html#1"
                },
                {
                    "name": "Dawn of Death",
                    "length": "03:17",
                    "url": "https://www.metal-archives.com/release/ajax-view-lyrics/id/80032A",
                    "darklyrics": "\nTyrants, take heed, come the morning we'll fight\nYour downfalls our call here to stop you\nIt's our plight\nSuppressed hate excelled rate growing stronger\nBurst time\nForced out no doubt by the oppressed - you slime\n\nUntil we bring their dawn of death\nThese things you can look for\nYou know damn well they'll be with you\nOppression hate and war\n\nTaking faking lie and murder - self gain\nFight wars to pay whores just to please you\nFalse reign\nClosed eyes you'll die don't sleep at night\nWe're there\nTo meet your maker it's our pleasure - we kill\n\nUntil we bring their dawn of death\nThese things you can look for\nYou know damn well they'll be with you\nOppression hate and war\n\nNightly vigils watching your moves scheming\nThe outcome will stun ending your life demeaning\nWe've massed we'll last here to conquer your past\nYour rules for fools understand this - we rule!\n\nUntil we bring their dawn of death\nThese things you can look for\nYou know damn well they'll be with you\nOppression hate and war\n\n",
                    "darklyrics_url": "http://www.darklyrics.com/lyrics/atwar/orderedtokill.html#2"
                },
                {
                    "name": "Capitulation",
                    "length": "04:04",
                    "url": "https://www.metal-archives.com/release/ajax-view-lyrics/id/80033A",
                    "darklyrics": "\nIt's over must start all over\nYou should have never even tried\nLost heads meant more dead\nWho knows how many must have died\nYou brought it we gave it\nThe fight that you have lost\n\nContenders surrender\nIronic human cost\nAdmission's incision\nTo show the world you're wrong\nYour peoples your steeples\nYour ideals weren't so strong\nThe control will unfold\nNow to show who rules\nNo fractures in structure\nThis ends all civil duels\n\nCapitulation, capitulation\nCapitulation, capitulation\n\nIn the end make amends\nCan't trust your greed's contempt\nWe'll agree then you'll see\nNo one will be exempt\nNo racist no fascist\nNo communist regime\nNo riots all quiet\nSubject to legal means\n\nYou need it you got it\nWar's end has come for you\nIt's here now it's clear now\nThe things it makes you do\nOne border to order\nProtected by our law\nOur acts are your facts\nNo one can cause a flaw\n\n",
                    "darklyrics_url": "http://www.darklyrics.com/lyrics/atwar/orderedtokill.html#3"
                },
                {
                    "name": "Rapechase",
                    "length": "03:29",
                    "url": "https://www.metal-archives.com/release/ajax-view-lyrics/id/80034A",
                    "darklyrics": "\nSo you say you'll save it for Mr.Right\nWe'll he's been watching, watching you at night!\nYou're so pure you can't be touched\nHe sees you he wants you; sex and such\n\nYou feel him there he's everywhere\nHe wants to take you down\nYou see his face, such a disgrace\nIt's the start of the rapechase\n\nVirginity is of the past\nYou try to save it but it won't last\nYou lustful evil in your dreams\nYou know he's coming you hear his screams\n\nYou feel him there he's everywhere\nHe's got you he's taking you down\nYou see his face, such a disgrace\nIt's the start of the rapechase\n\nFuck that bitch!\n\nYou feel him there he's everywhere\nHe's got you he's taken you down\nYou've seen his face, you've been disgraced\nIt's the end of the rapechase\n\nRemember what mother always told you\nYou'd better run little girl...I mean faster...faster!\n\n",
                    "darklyrics_url": "http://www.darklyrics.com/lyrics/atwar/orderedtokill.html#4"
                },
                {
                    "name": "The Hammer (Mot\u00f6rhead cover)",
                    "length": "02:40",
                    "url": "https://www.metal-archives.com/release/ajax-view-lyrics/id/80035B"
                },
                {
                    "name": "Mortally Wounded",
                    "length": "02:59",
                    "url": "https://www.metal-archives.com/release/ajax-view-lyrics/id/80036B",
                    "darklyrics": "\nYou feel the bullet enter your throat\nDrop to the ground on your blood start to choke\n\nGasping for air feel the pain from within\nSense what real fear is life slowly dims\n\nEyes turning skyward heaped on the ground\nLife's early scenes start to go down\n\nTension it builds up as death you await\nMisery's end in this you elate\n\nDelirium trauma now it sets in\nNow knowing your fate your thoughts make you grin\n\nBlood loss accumulates drains from your head\nThe realization you know you are dead.\n\n",
                    "darklyrics_url": "http://www.darklyrics.com/lyrics/atwar/orderedtokill.html#6"
                },
                {
                    "name": "Ilsa (She-Wolf of the S.S.)",
                    "length": "04:49",
                    "url": "https://www.metal-archives.com/release/ajax-view-lyrics/id/80037B"
                },
                {
                    "name": "Eat Lead",
                    "length": "04:39",
                    "url": "https://www.metal-archives.com/release/ajax-view-lyrics/id/80038B",
                    "darklyrics": "\nRide on in on the wings of hate\nTake revenge for the things they've done\nPull the switch to fully-auto\nLead diet show them it's fun\nTake them down just as they have done\nDestroy their life crush all their bones\nFiddled bodies lying on the ground\nAll that's left is flesh by the pound\n\nTake the poser by the fucking head\nBring him down six-feet underground\nNow it's time false metal genocide\nTime to rid the earth of their strench\nRoll them up to the funeral pyre\nBurn the bastard while he's still alive\nNo regrets while he writhes in pain\nShow them all they can't hide\n\nSince time began\nMan's killed the best he can\nCommitting evil sin\nHe does it with a grin\nTill he invented guns\nHe made it much more fun\nWe'll shoot them in the head\nScreaming \"Bastard, eat lead\"\n\nSpeed that kills sonic overkill\nReaction time your life's on the line\nThe faster finger avoids the stinger\nYou'll know it is your time\nAnother show feeling low-down\nConquer falseness take more ground\nMachine of force mean to all that live\nA thousand bodies all in a mound\n\nPower amps pushed to destroy\nIt's a fate you just can't avoid\nMetal death it is what they fear\nTheir destruction death to poser queers\nTotal wipe out we will settle for\nStart killing till there are no more\nGet your clips let's go have some fun\nNothing better poser on the run\n\nSince time began\nMan's killed the best he can\nCommitting evil sin\nHe does it with a grin\nTill he invented guns\nHe made it much more fun\nWe'll shoot them in the head\nScreaming \"Bastard, eat lead\"\n\nSince time began\nMan's killed the best he can\nCommitting evil sin\nHe does it with a grin\nTill he invented guns\nHe made it much more fun\nWe'll shoot them in the head\nScreaming \"Fuck you, eat lead\"\n\nAttack at dawn release the deadly spawn\nBurning leads from the demon shawn\nNone survive hiding as they may\nThey think of hope we give them rude dismay\nHeads thrash eyes are filled with rage\nThe sound of carnage scorching from the stage\nTorrid stench rotted corpses lay\nOur wrath is quick now it's time to pray\n\nBlatant lies worthless alibis\nWe know your crime verdict is to die\nMetal sentence of the rawest form\nTo be left dying body ripped and torn\nFaking metal they will do no more\nTotal sellouts like the rankest whore\nIn the end they will see we're right\nWe'll be the last ones standing in the night\n\n\n\n\n",
                    "darklyrics_url": "http://www.darklyrics.com/lyrics/atwar/orderedtokill.html#8"
                }
            ],
            "song_names": [
                "Ordered to Kill",
                "Dawn of Death",
                "Capitulation",
                "Rapechase",
                "The Hammer (Mot\u00f6rhead cover)",
                "Mortally Wounded",
                "Ilsa (She-Wolf of the S.S.)",
                "Eat Lead"
            ]
        },
        {
            "name": "Retaliatory Strike",
            "type": "Full-length",
            "year": 1988,
            "review_num": 3,
            "review_avg": 79,
            "url": "https://www.metal-archives.com/albums/At_War/Retaliatory_Strike/9085",
            "reviews_url": "https://www.metal-archives.com/reviews/At_War/Retaliatory_Strike/9085/",
            "reviews": [
                {
                    "title": "Simply patriotic - 84%",
                    "content": "At War's second attack follows the approach of their debut in a more or less strict manner. One might discuss the question whether they have increased the degree of complexity minimally. But in order to keep the eye on the big picture, this full-length can be deemed as another collection of pretty simple thrash / speed metal compositions. And it goes without saying that the lyrics do not conceal the almost painfully patriotic and belligerent attitude of the formation. \"200 years is all it took / The rest of the world must take a look / And notice just how far we've come\" - I really like this complacent ideology. (Did I already confess that I am a notorious liar?)\n\nWith regard to the quality of the music, At War are able to maintain the standard of \"Ordered to Kill\". Furthermore, they have enhanced their portfolio. The short hardcore eruption \"Thinking\" knows no clemency. High speed and staccato gang shouts characterise 45 violent seconds. However, this tune remains an exception. The musicians don't flirt with the punk scene and that's the best they can do. Their anti-communistic mentality does not match the dogmas of the mostly anti-fascistic religion of the guys with the multi-coloured hairs. Thus, the band stands with both feet firmly on the metallic ground, even though \"Creed of the Sniper\" also borders on hardcore due to its extremely reduced lyrics.\n\nThe band still polarises. For example, the dudes condemn every seemingly daft creature that does not realize the necessity of being prepared for war. \"Conscientious Objector\" has a clear (and dubious) message. Yet the flattening riffs, the chorus that bursts with energy and the fundamental combativeness of the composition are of greater relevance. They make this piece a very worthy opener after the spoken intro which refers to the cover scenario. Tracks such as the phenomenal \"Covert Sins\" with its menacingly rising chorus or the hateful, fast-paced \"Gutless Sympathizer\", which offers another great, catchy chorus, are heading in the same direction. The similarly constructed \"Felon's Guilt\" is almost an earworm. The adequate mix of heaviness, aggression and catchiness works excellently. Some very strong guitar solos add the final touch. \n\nAlthough the production fails to provide a massive wall of sound, there are no reasons to say anything bad about the technical realisation of the songs. As is often the case, the bass is oppressed by the remaining instruments and the hardly variable yet powerful voice. Nevertheless, I am satisfied with the mix, because the guitars don't sound thin and the penetrative drums do their job as well. Only one point of criticism remains. It is slightly annoying that the closers of both sides of the vinyl pale beside the other tracks. Of course, the song formula of the jolly patriots lies in close proximity to an overly simple way of proceeding. It is therefore an inherent risk of At War's style that they make one step over the line - but thankfully, this happens only in very rare cases.\n\nAll in all, the trio delivers a strong album and does not disappoint all those who had great expectations after the formidable debut. If you enjoy easily accessible, authentic and fairly brutal metal, you should rise from your couch and give \"Retaliatory Strike\" a try. Real life is complex enough and I see therefore no reason to avoid slightly primitive music.",
                    "date": "May 4th, 2016"
                },
                {
                    "title": "One Shot! One Kill! One Way! - 75%",
                    "content": "I really love this album. The hardest part of reviewing this is trying to find an appropriate rating. My heart would love to give it 90%, but realistically i think 75% is more appropriate. Production wise especially.\n\n1988, second album. They took this to Pyramid Sound with one of the main thrash/crossover producers of the time, Alex Perialas. You can clearly see that the budget probably wasn't very high (which was the norm for New Renaissance products at the time), but the end product still sounds very good. Drums and vocals sound great, just there's a bit missing in the guitars. They are too low in the mix. An extra guitar overdub could have helped as it sounds as just one guitar track was recorded. Because of that a bit of power got lost in the overall sound. Turn up that fucking guitar! But the band is a 3 piece with only one guitar, so in a live set up this is probably what they sounded like. Raw, tight and furious.\n\nCompared to the first LP, this is a big step forward. Better song writing, better performances, better production. They still have the Motorhead/Venom feel, played at a faster pace, a bit in the Sodom 'Persecution Mania' vein, just not as fast and vicious. This is thrash metal, but not of the grab you by the throat style. They put lots of emphasis the feeling and groove before heading into really catchy choruses, such as in Gutless Sympathiser, Church and State, and the almost instrumental Creed of the Sniper, which are all awesome tracks.\n\nEven though they play a somewhat unoriginal style, even back in 1988 i think these guys could have been bigger. They are one of those bands who would have deserved a better deal with a better label. And probably could have made an album or two more before going on a 20+ year hiatus. Reckon not much room was left for bands like this back in 88-89, but if they sounded anything like this in a live situation, they must have been an awesome live band. Pure thrash with a lot of power and no fancy shit. Just straight forward moshing. No bullshit outside influences, just pure thrash. \n\nOh yeah and let's not forget the fact that they stayed true to the original vision, lyrics/image about war. Which is cool and i hope to think it's not to be taken seriously, like Sodom 'Agent Orange' or 'M-16'. Just something to accompany the music, which to me is perfectly fine, even if i could care less about it.\n\nGreat LP. Just too bad New Renaissance released it, and didn't do shit for them, as all of the other bands on their roster. Do yourself a favor and find this.",
                    "date": "November 27th, 2012"
                },
                {
                    "title": "One shot! One kill! One way! - 78%",
                    "content": "At War's opening volley of mortar fire went noisily into the night, but went it did, and was very quickly dismissed by the majority of the 80s thrash fanbase, if they ever even had the chance to hear it. The sounds were raw and the hearts were in the right place, but the music was severely lacking. So the three generals met in closed tents and rehearsal spaces, regrouped and returned two years later, still with the promising New Renaissance Records, for their Retaliatory Strike, a more significant effort in all departments. In fact, though the band has recently reformed and put out a new album (Infidel), it is this sophomore which remains the peak of their career, waiting to be toppled like some obscure South American dictator beneath the fire of commandos and mercenaries.\n\nThe band still maintains that aura of a dumbed down Slayer ala 1983-1985, but the riffs are fucking lethal here, and the vocal reverb reminds me a great deal of early Voivod, though he's got a much deeper voice. After a brief intro, \"Conscientious Object\" arrives like a mix of Sacred Reich, Slayer and D.R.I. riffing with a powerful lead segment and bridge. This track alone is better than anything the band offered on the debut, and instantly one gets the impression the band will be playing for keeps with the listener's memory here. This is enforced with the choppy, more technical riffing of \"Creed of the Sniper\", which seems to excel to the point at which it becomes comparable with Bay Area and German thrash velocity of its day. \"Covert Sins\" is pretty vile thrash/speed metal with a great use of dual thrash and demonic pitched vocals, riffs splashing across the battlefield like the afterbirth of bullet wounds.\n\n\"Crush Your Life\" highlights an excellent verse riff akin to something Vio-lence or Exodus might have written, but laden in At War's meaty, raw tone which feels almost live, and \"Gutless Sympathizer\" continues to exude barbaric force, with a great little chorus shift where the bass goes up an octave and the vocals follow: You're the gutless sympathizer! Stand on both sides even wiser! I really liked this one. \"Church and State\" thrives off a dirty, spatter rock rhythm like a war metal Motley Crue before the chugging of the verse erupts. Not the greatest track here, but the chorus is cool. The vocals in \"Felon's Guilt\" are extremely entertaining, even if he just repeats the same bustling pattern in each verse, and the guitar riff at the breakdown is also quite kickass. The brief \"Thinkin' \" develops into some of the faster picking on the album, but it's under a minute in length, and lastly \"The Example\" is a blur of competent riffing with some Megadeth like speed grooves wound through it, but the vocals suck and it's not one of the better tracks.\n\nI've always gotten the nagging impression that had At War survived to release a third album in around 1989-1990, they might have had a minor cult hit on their hands, but Retaliatory Strike, despite its general quality, would go almost as unnoticed as its elder sibling. The band's no horseshit, dirty production might have turned off some where by 1988 were expecting every album to sound like State of Euphoria or ...And Justice for All, but really it was more of a lack in marketing, which would put the entire label under. People worked on a rather limited budget for music in those days, and even though some diehards like myself might have bought up every thrash album they could afford on paper route money or leftover beer funds, there was no easy means like the interwebz for the majority to even become aware of the Virginians.\n\nThus, like about 90% of the thrash bands to arrive at the mid to end of that decade, At War would sink rather than swim through the trenches. It's a shame, because this is a good, if not essential album which oozed bullets and promise. One complaint I must register is that the CD cover on the re-release is fucking horrible. Camouflage and a band logo? Boring as all shit when compared to the original with the helicopters. Regardless, Retaliatory Strike might be well worth checking out if you like the more aggressive, brute thrash bands from Arizona or Texas like Sacred Reich, Exhorder, Rigor Mortis and Gammacide, or old Slayer and Hallows Eve.\n\n-autothrall\nhttp://www.fromthedustreturned.com",
                    "date": "July 2nd, 2010"
                }
            ],
            "songs": [
                {
                    "name": "F.Y.I.",
                    "length": "00:41",
                    "url": "https://www.metal-archives.com/release/ajax-view-lyrics/id/80021A",
                    "darklyrics": "\n\n\n",
                    "darklyrics_url": "http://www.darklyrics.com/lyrics/atwar/retaliatorystrike.html#1"
                },
                {
                    "name": "Conscientious Objector",
                    "length": "04:22",
                    "url": "https://www.metal-archives.com/release/ajax-view-lyrics/id/80022A",
                    "darklyrics": "\nConscientious objector the lowest of their kind!\nWatching while their brothers die sworn to selfish mind!\nSell mothers to horrid fate to save your world from war!\nTurning cheek, spineless weak, peace you must implore!\n\n\nTo undermined the very things that our forefathers died for!\nIs slow decay of freedom's way unlock that tyrant's door!\nMeet force with force have no remorse if time come you must fight!\nDefend defend until the end your freedom wrong or right!\n\nBring yourself to life; an ugly though to bare!\nUs or them then where's the sin; conscience cleared of care!\nAble bodied sound of mind, in war it's fair they say!\nJustify your train of thought; truly there's no way!\n\n\n\nSilent protester won't stop fires burning down your world!\nIn the end you've proved your point as slavery unfuried!\nPriorities yours to make, defense dignity!\nThose you kill would do the same! preserve your liberty!\n\n\n\n",
                    "darklyrics_url": "http://www.darklyrics.com/lyrics/atwar/retaliatorystrike.html#2"
                },
                {
                    "name": "Creed of the Sniper",
                    "length": "02:44",
                    "url": "https://www.metal-archives.com/release/ajax-view-lyrics/id/80023A",
                    "darklyrics": "\nOne Shot!\nOne Kill!\nOne Way!\n\n",
                    "darklyrics_url": "http://www.darklyrics.com/lyrics/atwar/retaliatorystrike.html#3"
                },
                {
                    "name": "Covert Sins",
                    "length": "05:38",
                    "url": "https://www.metal-archives.com/release/ajax-view-lyrics/id/80024A",
                    "darklyrics": "\nWe must way till nightfall for the time when its dark and cold!\nBehind enemy lines in the place where we know they control!\nMake way to the checkpoint just a few clicks from here on the hill!\nOur reinforcements help us to move in for the kill!\nOrders are extractions silently remove them quick and clean!\nHostage to the violent, greedy unrelenting new regime!\nCloser to their hideout moving in we must be prepared!\nTaking many chances, losing nothing by just having dared!\n\n\nEnter into covert sins with world's alive tonight!\nStalking thrill of mental skill's a game!\nExtracting information using anyway we can!\nLiving edge of death's own dredge the world has gone insane!\n\nForcing economies in their worst of times to collapse!\nProtect their own system to suffer not again from relapse!\nCausing bigus scandals from all around the world to appear!\nPeople mistrust leaders, knowing and aware that lies are near!\nSupply the weapons let them believe that we're for their cause!\nLet them kill each other laughing all the while hear loud applause!\nDoing their dirty work conscious won't affect they feel no pain!\nHarvest someone else's brutally fought and won struggle gain!\n\n\n\nNo mas comunista in or near our homeland porfavor!\nTo stop the encroachment future domination they live for!\nLesser of two evils knowing that's the only one who gets support!\nMake sure Moscow's allies in the end go home and loose the fort!\nMistrust hatred and fear start to cause the problems from both sides!\nCausing the governments diplomatic walls then collide!\nTalk disarmament many reasons put it on standby!\nIt will never happen reasons all around that you know why!\n\n\n\n",
                    "darklyrics_url": "http://www.darklyrics.com/lyrics/atwar/retaliatorystrike.html#4"
                },
                {
                    "name": "Crush Your Life",
                    "length": "04:27",
                    "url": "https://www.metal-archives.com/release/ajax-view-lyrics/id/80025A",
                    "darklyrics": "\n\n\nHere he comes again with hateful lust to take you down\nNo sympathy angry disdain for your lower form\nDisgusted with your sexy touches into seek revenge\nNo one knows why he goes out on this demeaning binge!\n\nCrush your life! \n\nDeceiving them into his tangled wretched web\nThat he's been weaving silently just for his prey!\nthis one's no different in his eyes they're all the same\nHe thinks his next victim is led astray!\nWhen they're scared to death; pleading help he takes a breath\nAnd feels fulfilled getting what he's looking for!\nHis climax comes knowing he's proved to her forever\nThat he's the last man that she will ignore!\n\nYou'll never change his ways\nYour belittlement will save his day!\nNo matter what is done his kind exists!\n\nDon't underestimate his cruelty!\nNo morals in this form of sanity!\nHe lives to feed on fright!\n\nA cloud of hate follows him where ever he may go!\nMany have fallen fate to him more than you'll ever know!\nHis success in mental torture makes him grow stronger!\nWalking down to town; menaced mind his list gets longer!\n\n\n\nHe's here to stay make no delay fight back defend\nYourself if you think you're ready to take him on!\nHis seductive bout is hard to filter out\nIt's easy to believe him he's a practiced con\nHe wants to traumatize first he'll mesmerize\nNext force you to concede then fall to evil will!\nTerror trained no mercy brained he'd too far gone\nTo bring around the final step he needs to make the kill!\n\n",
                    "darklyrics_url": "http://www.darklyrics.com/lyrics/atwar/retaliatorystrike.html#5"
                },
                {
                    "name": "Gutless Sympathizer",
                    "length": "04:17",
                    "url": "https://www.metal-archives.com/release/ajax-view-lyrics/id/80026B",
                    "darklyrics": "\nThe people have chosen decisions were made\nWe know what must be done to rid the scourge!\nExtract all insurgents and factions alike\nThe search and seizure of them all has begun!\nSlowing the process of eradication\nYou aid and abet the scum that we seek!\nRip at the fabric of our very purpose\nTake in the wretched filth \"you're so weak!\"\nYour cause you feel noble to save human life\nWhile they plunder and upset the nation!\nAn end to this struggle is what we all want\nBut by your actions this conflict will go on!\n\nAccomplice!\nConspiracy!\nSubverse!\nFantasy!\n\n\nYou're the gutless sympathizer!\nStand on both sides even wiser!\nTreasonist ways a health risk!\nContinued support \"you'll get fixed!\"\nYou're the gutless sympathizer!\nUndermine our one desire!\nDeal with you \"fine tuned force\"!\nTold you once there's no recourse!\n\nMany accept the things they must do\nThey know we can't stand undivided!\nInternal struggle something to avoid\nThe plan to rescue our world means us all!\nNo one here thinks in the ways that you do\nYour opinion will be over-rided!\nThe overall outcome that you will insist\nIs just setting us for a fall!\n\nWreckless!\nUndertaking!\nFoolish!\nAdversity!\n\n\n\nTime to react is when forces show force\nNo sense in letting them dig in!\nInsist that they think twice before we move in!\nShow them that aggressors will not win\nProtest for peace love my enemy too!\nAll you really do is cloud the issues!\nYou're making a path for them to walk right in!\nBy acting as if they want peace!\nThey'll find you and use you to get what they want\nAt the end you'll get stabbed in the back\nRisk not your freedom with enemies!\nFight them until they know they've lost!\n\nActing!\nTreacherously!\nCause not!\nMisery!\n\n\n\n",
                    "darklyrics_url": "http://www.darklyrics.com/lyrics/atwar/retaliatorystrike.html#6"
                },
                {
                    "name": "Church and State",
                    "length": "03:46",
                    "url": "https://www.metal-archives.com/release/ajax-view-lyrics/id/80027B",
                    "darklyrics": "\nWhen priests become\nPoliticians!\nThey'll have freedom\nOn the run!\nLand of free,\nThe home of the brave!\nThey'll force all men\nTo be God's slaves!\n\nChurch and state\nMust separate!\nIt's time we now\nRetaliate!\nChurch and state\nCan't integrate!\nDo it now\nBefore it's late!\n\nThe righteous folk\nTurn their prayers to stocks!\nGod's destiny\nIs forced on thee!\nTheir blind crusade\nTurns to charade!\nAt powers gain\nAll sinners slain!\n\n\n\n",
                    "darklyrics_url": "http://www.darklyrics.com/lyrics/atwar/retaliatorystrike.html#7"
                },
                {
                    "name": "Felon's Guilt",
                    "length": "05:20",
                    "url": "https://www.metal-archives.com/release/ajax-view-lyrics/id/80028B",
                    "darklyrics": "\n\nI know you want to lie\nI can see it in your eyes!\nI see it in your eyes\nStill you know you can't hide!\n\n\nFellon's guilt \n\n\n\nOh! the guilt is killing you!\nIt shines right through!\nFeel as though you've died!\nEating from inside!\nWaiting to be hanged!\nCaught once again!\nWritten on your face!\nSelf-made disgrace!\nWaiting it to end!\nTransgression's blend!\nMust live with yourself\nNot worth the wealth!\nYour nerves have had enough\nActing's not so though!\nParanoia's time\nPay for your crime!\n\n\n\n",
                    "darklyrics_url": "http://www.darklyrics.com/lyrics/atwar/retaliatorystrike.html#8"
                },
                {
                    "name": "Thinkin'",
                    "length": "00:45",
                    "url": "https://www.metal-archives.com/release/ajax-view-lyrics/id/80029B",
                    "darklyrics": "\nThinkin' hopin' prayin' wishin' tryin' \nThinkin'\nThinkin' hopin' prayin' wishin' tryin' \n\nYou think you got a hope in hell\nYou don't you fiend you just go home\nAlone and the proceed to jack!!\n\n",
                    "darklyrics_url": "http://www.darklyrics.com/lyrics/atwar/retaliatorystrike.html#9"
                },
                {
                    "name": "The Example",
                    "length": "03:20",
                    "url": "https://www.metal-archives.com/release/ajax-view-lyrics/id/80030B",
                    "darklyrics": "\n200 years is all it took\nThe rest of the world must take a look\nAnd notice just how far we've come\n\nOnce a British colony\nWe took the freedom that wee need\nAnd put oppression on the run!\n\nThird world countries everywhere\nDictatorships that just don't care\nHuman rights no issues there!\n\nCivil war a normal day\nThe people know no other way\nThey look to us in green dismay!\n\nUnderstanding endless wars\nThe answers we're all searching for\nwhen those who fight don't know much more\n\nIf they can't stop their ceaseless fights\nThen let's step in and set them right\nReality is peace through might!\n\nOne thousand years of holy war\nTo die in battles' whats they're for\nTheir offspring raised to fight some more\n\nStill killing people of their blood\nAll in search of Allah's love\nThe only thing they know to do!\n\nThey love to hate the communist\nThen sight their guns on Zionists\nAnother hostage on their list!\n\nRansom for their evil deeds\nA gun or two is all they need\nWe won't again fulfil their greed!\n\nAmerica's the target now\nFrom people who bow down to cows\nWhole over here a stake's good chow!\n\nTo tighten up influence grip\nWould show them all we're sick of it\nForce the end to killing fits!\n\n\nI'm not gonna take it any more!\nNo more!\n\nIts not that bomb across your fence\nYour enemy is ignorance\nNegotiation's self-defense!\n\n\n\n\n",
                    "darklyrics_url": "http://www.darklyrics.com/lyrics/atwar/retaliatorystrike.html#10"
                }
            ],
            "song_names": [
                "F.Y.I.",
                "Conscientious Objector",
                "Creed of the Sniper",
                "Covert Sins",
                "Crush Your Life",
                "Gutless Sympathizer",
                "Church and State",
                "Felon's Guilt",
                "Thinkin'",
                "The Example"
            ]
        },
        {
            "name": "Infidel",
            "type": "Full-length",
            "year": 2009,
            "review_num": 4,
            "review_avg": 62,
            "url": "https://www.metal-archives.com/albums/At_War/Infidel/240325",
            "reviews_url": "https://www.metal-archives.com/reviews/At_War/Infidel/240325/",
            "reviews": [
                {
                    "title": "Sleep well - 64%",
                    "content": "At War released two very strong albums during the eighties. I was slightly frustrated that they failed to record further full-lengths. However, 21 years later, they returned with \"Infidel\". All's well that ends well? Unfortunately not. Frankly speaking, I listened closely to the album with the result that I was frustrated for the second time. Sadly enough, it holds only 30 minutes of new music. Even worse, \"Infidel\" cannot keep up with the two outputs from the eighties and no, the average production doesn't constitute the major problem.\n\nLo and behold, the original line-up reappears and of course you know that this is anything but a matter of course. The musicians try to offer more of the same and that's legitimate after more than two decades of silence. Their musical integrity cannot be doubted. Nevertheless, I don't feel the urge to bang my head and to forget everything around me. Something is missing, the album lacks of charm and charisma. I guess the importance of these ingredients doesn't need an explanation. Yet it is difficult to explain the reasons for their absence. The music cannot be described as \"completely mediocre\" or even \"bad\" and the style of the group is not outdated, at any rate not more than my music taste. However, the slightly lackluster compositions do not have the penetrating power of their classics. They are somehow flat and expressionless. At War try to build a bridge to their first active years and present a new version of \"Rapechase\". The riff is still great and the song shines with a high degree of sharpness. Yet even in view of its moronic lyrics, this tune is one of the rare highlights of this album. This fact demonstrates the predicament of \"Infidel\" sustainably. In other words, tracks like the opener or \"Semper Fi\" come and go without leaving a trace. Already these songs cause the stale feeling of disappointment; 21 years for prominently positioned pieces that do not hit the mark?\n\nI wish I could say something else, but suspenseful and / or intense sections are a rare asset on this comeback work. \"Want You Dead\" stands out from the remaining new compositions, exactly because it offers an intensive and dynamic instrumental part after the third verse. For the sake of a high recognition value or maybe just because of a lack of other ideas, its lyrics deal with one of the formation's favourite subjects. Paul Arnold rages against the intolerance of Allah's children without taking care of his own crippled understanding of tolerance. Of course, the Nazis also show up in the lyrics of this song, but they play only a secondary role. Good to know that the old enemy images still work. However, this is not my topic. I was moaning about the small number of gripping parts, although the choruses of \"At War\" and \"R.A.F.\" grab my interest. That's nice, but a good chorus alone is not enough to form a convincing song. Let's refer once again to the eponymous band anthem; its verses are doomed to failure because of their stupid, trivial configuration. No melodies, no riffs, but the dictatorship of ordinariness. \n\nNo matter from which angle you look at \"Infidel\", it will not enrich your collection immensely. While lying under their blankets (which are surely ornamented with a Stars and Stripes design), the guys seemed to think it would be a walk in the park to forge another deadly weapon. Sleep well, Paul. Good night, Shawn and Dave. How does the proverb say? Pride comes before a fall. I fear that the half-naked or even exhibitionist guy on the cover will make the same experience.",
                    "date": "May 5th, 2016"
                },
                {
                    "title": "At War - Ifidel - 20%",
                    "content": "At War is yet another band I vividly recall from my formative years of adolescent strife. I recall them with a certain fondness, but nothing spectacular or mind-blowing. Retaliatory Strike was a pretty good jam back when, but the band seemed to slip into my cassette-oblivion pile (possibly due to a span of two-decades between full-lengths). \n\nFrom the vast metal playground that isn\u2019t Virginia, At War formed back in 1983 and had two albums of rather pedestrian metal that neither carved nor chipped at the metal slab very well. As I further recall, my buddy and I kept trading the debut, Ordered to Kill, back and forth because neither us wanted to give up Slayer\u2019s Hell Awaits, and with good reason. I ended up with it and it still sits silently in my cassette box with a plethora of other metal that was simply \u201cokay\u2026I guess.\u201d\n\nFor the band\u2019s first full-length in 21-years, At War have produced Infidel, and much like its predecessors the albums is \u201cokay\u2026I guess.\u201d The offering is laden with lackluster and seemingly uninspired tunes that really don\u2019t inspire much in the way of head-nodding, much less head-banging. Lyrically the band hasn\u2019t evolved much past the a-typical thrash minion bands that have otherwise disappeared even past footnote status, a shame really for such a band that could have done so much more. I hate to flow urination on such a well-known band from my youth, but not everything from the past should actually be remembered with reverence and fits of wayward moshing around the room. Infidel is that CD. I try to find one track that I can actually find memorable and I simply can\u2019t. Each track sounds like a hybrid of its former, creating one long track of occasional time changes and often boring music that wouldn\u2019t create so much as a ripple in the classic-metal-era\u2019s oceanic existence. What could have been, and should have been a nice comeback has relegated itself to just another tagline in the band\u2019s long, albeit uninspired history.\n\n(Originally written for http://www.metalpsalter.com)",
                    "date": "January 28th, 2010"
                },
                {
                    "title": "Meaty, barbaric thrash metal warfare - 70%",
                    "content": "It's official...just about every obscure thrash band from any neck of the woods has now reunited and released new material. At War was a pretty unheard of thrash band when they released two albums in the 80s, 'Ordered to Kill' and 'Retaliatory Strike'. The latter was a meaty, barbaric war metal record with some fairly catchy tracks. 21 years after the fact, At War have created 'Infidel', an album that sticks entirely to their roots even if it benefits from a slightly denser, brutal mix.\n\nIt's good to hear a thrash band unafraid of being patriotic in the face of our wimpy times, but this is not to say At War is some kind of insanely violent neocon band. The warfare theme dominated their old material, and it is retained here. It's the bread on their butter. Style-wise there is a brutal honesty to this band which reflects the earliest work of Sacred Reich. Like a combat boot to the face, the band treads over 9 new tracks, some of which are catchy, some of which are average. \"Semper Fi\" is one of the best, which a memorable refrain reminiscent of the songs on 'Retaliatory Strike'. \"R.A.F.\" has a classic metal leaning which recalls Motorhead. \"Vengeful Eyes\" is a great thrasher with some infectious riffing, and \"Rapechase\" is a perfect lead-out with some fist pounding vocals and filthy speed.\n\n'Infidel' sounds better than their old albums, but only slightly. I think this was a great conscious decision to create a respectable continuity in their material. This isn't the thrash album of the year, and it's not going to impress a lot of people (personally, I still enjoy 'Retaliatory Strike' the most of their material), but if you enjoyed the band's earlier albums then I see no reason why you wouldn't also like this, a worthy legacy.\n\n-autothrall\nhttp://www.fromthedustreturned.com",
                    "date": "September 3rd, 2009"
                },
                {
                    "title": "Return of the thrash warriors. - 95%",
                    "content": "Yes, this is the same thrash metal band from the east coast that was one of the early signees with the then fledgling label, New Renaissance Records started by none other than Ann Boleyn. These guys released two albums, an EP and also had a couple of their tracks on the speed metal hell compilations back in the eighties which practically did not get them anywhere(while still drawing critical acclaim for being one of the first speed metal bands) and then vanished from the scene altogether. After a sabbatical of nearly 21 years, the trio is back again with this release titled \u201cInfidel\u201d and seems like this could have been on their eighties catalog. The feel of this album is pure old school and by no means utilizes any half step measures of the late 90s and post 2000. At War is back in business!!!!\n\nJust like the previous two albums, the band uses the tried and tested formula of keeping the length of this one well within 35 minutes which in is fair enough for a speed metal band that uses a good dose of punk as well. The production is done pretty well alongside keeping the old school eighties feel intact. All the instruments can be easily distinguished from each other without any single instrument dominance, while the vocals are yet again vintage Motorhead style, though with a little more gruff and thrash edge. The songs in here are short and crisp, devoid of any sad as hell intros and background noise effects whereas the riff work is brilliant. Another thing likeable about this release is that the tuning is Standard E and not the drop D style that most bands follow these days.\n\nAs for the tracks, all of them blend along very well without giving any hint of falling apart at the seams. I feel no necessity of covering each and every track in detail but instead pick out a few that stick to my head prompting me to listen to them again. \u201cAssassins\u201d has that main riff that is some of the best I\u2019ve heard in recent years and \u201cSemper Fi\u201d sort of reminded me of \u201cIndulgence\u201d era Nasty Savage without the insane wails of Nasty Ronnie and to an extent, Slayer in some of the guitar parts. The tracks that really stand out though are \u201cAt War\u201d and \u201cR.A.F\u201d, filled with oodles of energy and a total war attitude that reminds newcomers of how thrash metal should be done. The closer \u201cRapechase\u201d is a track that appeared on their debut album and also one of the \u201cSpeed Metal Hell\u201d compilations and this in my opinion is an absolute banger of a song that could have given some of the big names back during the thrash boom a run for their money and fame.\n\nThough some people out there would argue that this release is no different from what they did back in the eighties, and that the band has not matured at all after all these years. My take on this is that even though these guys sound dated, they\u2019re still better off than all those bands who have taken an absolutely approach to their music. An example would be At War\u2019s ex-label mates Sepultura who have transformed themselves beyond recognition. From a death/thrash hybrid to a total shitty sounding groove band, they\u2019ve just made themselves look like clowns of a circus troupe. This trio on the other hand do not show any signs of compromising on their original sound and still show loyalty towards their fans with no intentions whatsoever of alienating them.\n\nAs far as the recommendation is concerned, I\u2019d definitely go the extra mile to support these guys and bring them to the notice of the masses. Fans of yesteryear thrash, proto death and mid era Motorhead would find interest of significance here. This is the return of the war veterans.",
                    "date": "August 25th, 2009"
                }
            ],
            "songs": [
                {
                    "name": "Assassins",
                    "length": "03:24",
                    "url": "https://www.metal-archives.com/release/ajax-view-lyrics/id/1694541",
                    "darklyrics": "\n\n",
                    "darklyrics_url": "http://www.darklyrics.com/lyrics/atwar/infidel.html#1"
                },
                {
                    "name": "Semper Fi",
                    "length": "03:48",
                    "url": "https://www.metal-archives.com/release/ajax-view-lyrics/id/1694542",
                    "darklyrics": "\n\n",
                    "darklyrics_url": "http://www.darklyrics.com/lyrics/atwar/infidel.html#2"
                },
                {
                    "name": "Make Your Move",
                    "length": "03:11",
                    "url": "https://www.metal-archives.com/release/ajax-view-lyrics/id/1694543",
                    "darklyrics": "\n\n",
                    "darklyrics_url": "http://www.darklyrics.com/lyrics/atwar/infidel.html#3"
                },
                {
                    "name": "At War",
                    "length": "03:50",
                    "url": "https://www.metal-archives.com/release/ajax-view-lyrics/id/1694544",
                    "darklyrics": "\n\n",
                    "darklyrics_url": "http://www.darklyrics.com/lyrics/atwar/infidel.html#4"
                },
                {
                    "name": "Want You Dead",
                    "length": "03:51",
                    "url": "https://www.metal-archives.com/release/ajax-view-lyrics/id/1694545",
                    "darklyrics": "\n\n",
                    "darklyrics_url": "http://www.darklyrics.com/lyrics/atwar/infidel.html#5"
                },
                {
                    "name": "R.A.F.",
                    "length": "04:38",
                    "url": "https://www.metal-archives.com/release/ajax-view-lyrics/id/1694546",
                    "darklyrics": "\n\n",
                    "darklyrics_url": "http://www.darklyrics.com/lyrics/atwar/infidel.html#6"
                },
                {
                    "name": "Deceit",
                    "length": "03:58",
                    "url": "https://www.metal-archives.com/release/ajax-view-lyrics/id/1694547",
                    "darklyrics": "\n\n",
                    "darklyrics_url": "http://www.darklyrics.com/lyrics/atwar/infidel.html#7"
                },
                {
                    "name": "Vengeful Eyes",
                    "length": "03:54",
                    "url": "https://www.metal-archives.com/release/ajax-view-lyrics/id/1694548",
                    "darklyrics": "\n\n",
                    "darklyrics_url": "http://www.darklyrics.com/lyrics/atwar/infidel.html#8"
                },
                {
                    "name": "Rapechase",
                    "length": "03:44",
                    "url": "https://www.metal-archives.com/release/ajax-view-lyrics/id/1694549"
                }
            ],
            "song_names": [
                "Assassins",
                "Semper Fi",
                "Make Your Move",
                "At War",
                "Want You Dead",
                "R.A.F.",
                "Deceit",
                "Vengeful Eyes",
                "Rapechase"
            ]
        }
    ],
    "album_names": [
        "Ordered to Kill",
        "Retaliatory Strike",
        "Infidel"
    ],
    "info": {
        "Country of origin": "United States",
        "Location": "Virginia Beach, Virginia",
        "Status": "Active",
        "Formed in": "1983",
        "Genre": "Speed/Thrash Metal",
        "Lyrical themes": "War, Death",
        "Current label": "Heavy Artillery Records",
        "Years active": "\n1983-1994,\n2006-present "
    }
}