{
    "name": "Atlantean Kodex",
    "id": "75285",
    "url": "https://www.metal-archives.com/bands/Atlantean+Kodex/75285",
    "albums": [
        {
            "name": "The Golden Bough",
            "type": "Full-length",
            "year": 2010,
            "review_num": 3,
            "review_avg": 70,
            "url": "https://www.metal-archives.com/albums/Atlantean_Kodex/The_Golden_Bough/282885",
            "reviews_url": "https://www.metal-archives.com/reviews/Atlantean_Kodex/The_Golden_Bough/282885/",
            "reviews": [
                {
                    "title": "What Was the Point of This? - 10%",
                    "content": "Atlantean Kodex is a German heavy/doom metal band whose first full-length album (after a couple EPs and a live album) The Golden Bough came out last fall. I wish I would have known about it sooner, or it would have made my end-of-year list--as a dishonorable mention for worst album of the year.\n\nI'm not sure where to start, so I'll start with the style. In all its many iterations, doom metal can basically be broken down into two categories: there's riff-based doom and there's atmospheric doom. I think this is trying to fit into the riff-based category, since there's no atmosphere to speak of. It's sometimes heavy metal, sometimes epic doom metal. Which logically leads to the production. This is not filthy black metal. This kind of music benefits from a clean production, but it's muffled. So, strike one for apparently not knowing what they're trying to accomplish.\n\nThe vocals are clean and delivered with feeling, but they're just bad. It sounds like a decent karaoke performance, which would probably be OK if you were drunk enough and were actually listening to karaoke, but these guys recorded it and presented it as something worth your money. Instrumentally the music is heavy enough, but the riffs and solos are completely forgettable. The songs are either forgettable, annoyingly awkward (check \"Disciples of the Iron Crown\" or the chorus to \"The Atlantean Kodex\"), or ridiculous (check the minstrel stuff in \"Vesperal Hymn\"). Strike two for not having any talent.\n\nFinally, these guys have no concept of pacing or economy in an album. The album starts out by plodding along interminably. This goes on for a half hour, if you don't count boring wind, water, and ship noises. Then they speed things up with the awful \"Disciples . . .\" song (which is mercifully the shortest actual song on the album), and then end it with another half hour of songs that go on longer than they're welcome, ending on the title track, which is a complete WTF? moment. All in all, it's over 65 minutes of tedium. Strike three for failing to assemble the final product into something a person can listen to.\n\nThe Verdict: This is one of the worst albums of 2010. The only reason I didn't give it an even worse rating is, there are some almost good moments buried in some of the longer tracks. And maybe I missed the point. Maybe it's about the lyrics or something, but I couldn't really tell you. \n\noriginally written for http://fullmetalattorney.blogspot.com/",
                    "date": "April 21st, 2011"
                },
                {
                    "title": "True anti-poser metal at it's finest - 100%",
                    "content": "Atlantean Kodex plays traditional metal with hints of doom and epic metal very much comparable to While Heaven Wept. This is their first full length following an excellent ep. Before I continue, let me say as my title states this is true metal at its finest and not for posers or fans of modern metal. If you're a fan of modern metal with triggered drums, technical guitar leads, pitch-shifted vocals, and high production values, ignore this and continue listening to Origin and Dimmu.The songs on this album are epic; six of the nine songs last more than five minutes. All of the songs are full of great melodic, driving riffs that owe as much to Nordland era Bathory and Solstice as they do to Iron Maiden and While Heaven Wept. The main riffs in the songs are the usual driving power chords but played in a way that makes them feel much more epic rather than generic and rehashed. There are some great melodic lead breaks and fills in the songs so the riffs never feel like they are repeating for too long.The songs are structured very well, every part of the songs fit together seamlessly. No riff, fill, lead, beat or vocal line feels out of place and all these parts flow smoothly into one another. The band plays mostly slow to mid paced tempos and uses tempo changes in a very natural way. The band displays great skill in songwriting and song structure.The vocals are great, though at first they may seem a bit restrained but after some time it is evident that the singer does possess a good range and control over his voice, never going too high but altering his pitch just right so it fits the music.The production is very benefiting to the music, the guitar tone, vocals and effects create an atmosphere that feels like it washes over you and transports you to a distant long passed time and long forgotten place that may never have existed, like the image depicted on the album cover.As stated before this is not for fans of modern metal as nothing about this album and Atlantean Kodex is modern. Atlantean Kodex bring nothing really new or original to the table but they are obviously not interested in being original. Despite that nothing here sounds rehashed because everything is executed so perfectly. Fans of NWOBHM, epic doom metal, traditional metal and power metal should check this out.",
                    "date": "April 14th, 2011"
                },
                {
                    "title": "A Masterwork - 100%",
                    "content": "Atlantean Kodex sprang up from nowhere a few years ago and pretty much knocked my block off with \"The Pnakotic Demos\", fueling my fever to get a hold of this, their full-length debut. The question on the minds of everyone who loved that EP was: can they possibly match it? Finally here, \"The Golden Bough\" proves that they can indeed.\n\nFear not, for this is the deliverance from false metal we all hoped for, as there is no metal truer than this. \"The Golden Bough\" thunders and shimmers like a storm of everything true metal is supposed to be. The riffs are worthy of Quorthon at his best, the melodies are beyond haunting, and the production is heavy as a fucking iron warhammer. The album opens up in grand style with the massive \"Fountain of Nepenthe\" before it gets even better with \"Pilgrim\" \u2013 an interpretation of the Sacred King myth that may be the best epic metal song anybody has ever written. This one song sums up everything Atlantean Kodex is about, and if it was the only song they ever recorded they would still be legendary. \"The White Goddess\" is a short instrumental before the mind-blowing riffs of \"Temple of Katholic Magic\" come thundering out and leave your jaw on the floor.\n\nThe album does hit a weak spot then, with \"Disciples of the Iron Crown\" \u2013 a good song but not the unadulterated mastery of the others \u2013 and \"Vesperal Hymn\", which is good, but not as good as \"The White Ship\" off The Pnakotic Demos. Fortunately, the band is about to own you with the crushing riffs of \"The Atlantean Kodex\" and then the super-epic fifteen minutes of \"A Prophet in the Forest\".\n\nThis recording is a perfect example of matching sound to a band, as the performances are spot-on but never overdone. The guitars are heavy but not layered into mush, the drums are warm and alive with no triggers or quantization used. Markus Becker sounds fantastic, as he uses no effects and goes easy on the backing vocals, keeping his voice human and preserving his haunted, lamenting tone. Another nice touch is that the backing vocals are placed separately in space in the mix, so it really sounds like more than one voice, not just one doubled up.\n\nLyrically \"The Golden Bough\" is iconoclastic and magisterial. The band draws heavily on Tolkien, but not in the simpleminded way most bands do, instead using his epic poetry and verse as the basis for their exploration of myth and the magic art throughout European history. I cannot express how awesome it is to have music that is about something for a change. You don't even know.\n\nThis review has come out long, as I don't normally go on for very long about most albums, but that is because most albums are not worth talking about. This one is. Atlantean Kodex have fulfilled all the promise of their demos with an album that is not only the best metal music of the year, but one of the most significant and deep albums ever made. With music this awesome, Atlantean Kodex didn't have to put this much thought into their concepts, but they did, and they prove once more that having something to say is what transforms entertainment into art.\n\nOriginally written for www.metalcrypt.com",
                    "date": "September 29th, 2010"
                }
            ],
            "songs": [
                {
                    "name": "Fountain of Nepenthe",
                    "length": "10:08",
                    "url": "https://www.metal-archives.com/release/ajax-view-lyrics/id/1983811",
                    "darklyrics": "\nCold are the waves that carry our ships\nThrough uncharted seas to our homeland\nStorm clouds gather as we approach\nThe gates of twilight await\nSwords drawn as we walk through the clouds\nEndless glory and wisdom\nOblivion, sweet mead of the gods\nOur past lives cast off like a gown\nThe spells have been cast, the veil has been lifted\nWe leave this world\nElysium beckons\nThe Golden Bough opens the gate\n\nI feel no more pain, grief has fled my soul\nAnd then we see a shining shore and ten white temples\nProcession to the Fountain of Nepenthe\nClad in white robes I bear the Golden Bough\nA pilgrim twixt the worlds of gods and men\nA shining shore and a far green land\nThe meadows of the Island of the Blessed\nA king will come and lead our people home\nWhere earthly gyves will be no more\n\nDark is the path appointed for us\nWind-demons scream as we pass\nOne single flame at the edge of the night\nOne beacon, one guardian, one truth\nOur forefather's blessings grant vision and might\nThrough negative veils we march onward\nKatharsis - As we blaze through the void\nOur souls become one with the light\n\nThe spells have been cast \nThe veil has been lifted\nWe leave this world\nElysium beckons\nThe Golden Bough opens the gate\n\nI feel no more pain \nGrief has fled my soul\n\nAnd then we see a \n\nShining shore and ten white temples\nProcession to the Fountain of Nepenthe\nClad in white robes I bear the golden bough\nA pilgrim twixt the worlds of gods and men\nA shining shore and a far green land\nThe meadows of the Island of the Blessed\nA king will come and lead our people home\nWhere earthly gyves will be no more\n\nFive thousand years have passed\nSince first light shone upon us\nThrough forests deep now darkness falls\nWho will be our king?\nWho will bear the crown of oak and bone?\nWho will lead our folk? Lead us home?\nAn age is coming to an end\nAnd from our mountain thrones we watch\nWho will sing our songs when the last of us has gone?\nWho will tell our tale when all hope fails?\n\n",
                    "darklyrics_url": "http://www.darklyrics.com/lyrics/atlanteankodex/thegoldenbough.html#1"
                },
                {
                    "name": "Pilgrim",
                    "length": "11:27",
                    "url": "https://www.metal-archives.com/release/ajax-view-lyrics/id/1983812",
                    "darklyrics": "\nFrom dreaming halls beyond the west\rThere strong and free a storm will rise\rA boat it bears with biting breath\rAnd a pilgrim from the lands of hope\rBeneath the moon and under stars\rHe will wander far from western strands\rWhen need is great through Europe's night\rUnknown to mortal men \rThe years have passed\rOur ancestral Henges awake\rPilgrim! Wanderer!\rTruth-bearer lead us to war\rIn hallowed halls our horns resound\rPurify this holy ground\rAnd from the ruins of Europa\rAgain we shall rise \rHe will come unto the timeless halls\rWhere shining fall the countless years\rAnd endless reigns the Elder King\rUnder Mountain, ravens circle the peak\rAnd the pear-tree shall bloom\rOn Walserfeld plain\rThe king will rise from the throne\rAnd sweep these dogs from his lands \rThe years have passed\rOur ancestral Henges awake\rPilgrim! Wanderer!\rTruth-bearer lead us to war\rIn hallowed halls our horns resound\rPurify this holy ground\rAnd from the ruins of Europa\rAgain we shall rise \rThe world is grey, the mountains old\rOur people's hearts are ashen-cold\rNo harp is wrung, no silver trumpet calls\rThe darkness dwells in Europe's halls\rYet we still remember, we few who dwell\rIn this far land beneath the trees\rThe truth\rThe light\rThe dreaming golden spires\rThe starlight on the Western Seas\n\n",
                    "darklyrics_url": "http://www.darklyrics.com/lyrics/atlanteankodex/thegoldenbough.html#2"
                },
                {
                    "name": "The White Goddess",
                    "length": "00:56",
                    "url": "https://www.metal-archives.com/release/ajax-view-lyrics/id/1983813",
                    "darklyrics": "\n\n",
                    "darklyrics_url": "http://www.darklyrics.com/lyrics/atlanteankodex/thegoldenbough.html#3"
                },
                {
                    "name": "Temple of Katholic Magick",
                    "length": "08:20",
                    "url": "https://www.metal-archives.com/release/ajax-view-lyrics/id/1983814",
                    "darklyrics": "\nA black wind of pain is cleansing the land\nCrushing the sons of the prophet\nAs tolerance has failed\nFeel no remorse, feel no regret\nFor our children to live their blood must be shed\nInvoke the true name of God (Shemhamforash)\nReclaim these once free and mighty lands\n\nThe spells of the temple bring doom to their halls\nTheir empire is dying, their culture will fall\nNever yield! Never lay down your sword!\nDrive your spears through the heart\nOf the Saracen hordes\nThe oath has been sworn\nThree spells will be cast\nFor Katholick Magick and metal will last\n\nInvoking the sigil of\nSaint Michael the Warrior\nDefender of Europe\nThe first spell has been cast\n\nInvoking the sigil of\nSaint Andrew, the Martyr\nProtector of Europe\nThe second spell has been cast\n\nInvoking the sigil of\nSaint Mary, the Virgin\nMother of Europe\nThe third spell has been cast\n\n",
                    "darklyrics_url": "http://www.darklyrics.com/lyrics/atlanteankodex/thegoldenbough.html#4"
                },
                {
                    "name": "Disciples of the Iron Crown",
                    "length": "04:11",
                    "url": "https://www.metal-archives.com/release/ajax-view-lyrics/id/1983815",
                    "darklyrics": "\nOver the land there lies a shadow\nWestward reaching wings of darkness\nThe tower trembles\nTo the tombs of kings\nDoom approaches\nThe dead are awake\n\nAnd the day when the tyrant is rising\nShall be the day when the gate will appear\nAnd the dead will march from black mountain\nTo take back what is rightfully ours\nThe iron crown\n\nAnd the time has come for the oath-breakers\nAt the Devil's Stone of Vilseck\nThey shall stand again\nAnd hear there a horn\nIn the hills it shall be ringing\nFrom the grey twilight\nTo rouse the forgotten people\nDisciples of the iron crown\n\nAnd the day when the tyrant is rising\nShall be the day when the gate will appear\nAnd the dead will march from black mountain\nTo take back what is rightfully ours\nThe iron crown\n\n",
                    "darklyrics_url": "http://www.darklyrics.com/lyrics/atlanteankodex/thegoldenbough.html#5"
                },
                {
                    "name": "Vesperal Hymn",
                    "length": "06:15",
                    "url": "https://www.metal-archives.com/release/ajax-view-lyrics/id/1983816",
                    "darklyrics": "\nSo you drank the bitter waters\nThe salty wine of death\nWhat cries the west wind? (Cry the west winds)\nIron wave hands took your breath\nPale moonlit coasts repeat the answer\nSighing dark mechanic mills\nCease your ever-turning mourning\nShine forth upon our clouded hills\n\nWaters could not have killed you\nNor fire, Atlantis, my friend\nDownfall grows in the hearts of man\nBut the west wind recalls still your sound\nSo we plant in the abyss\nA tree that lifts your ground\nWe will see Atlantis again\n\nO land of green, oh land foreseen\nWhere did you go?\nO land of green, oh land foreseen\nGone long ago\n\nSeven wanderers still living\n(In memory) blue mountains now island hills of green\nThe keep burning the desire\nThe rise of Atalant foreseen\n\n",
                    "darklyrics_url": "http://www.darklyrics.com/lyrics/atlanteankodex/thegoldenbough.html#6"
                },
                {
                    "name": "The Atlantean Kodex",
                    "length": "07:18",
                    "url": "https://www.metal-archives.com/release/ajax-view-lyrics/id/1983817",
                    "darklyrics": "\nBeyond the veils of time\rWhere past and future intertwine\rWhere written history subsides\rSubconscious memories arise\rFive keepers hold the keys\rTo unlock the gate of dreams\rBehind the wall of sleep\rWhere Choronzon lies in wait \rBehold the Urkraft, behold the sacred force\rWe strike with the wrath of the rightful\rWe wield the invincible puritan blade\rBehold the fire, behold the force\rWe command the iron battalions\rIn the dawn of this new iron age \rSorcerers of yore wove mighty spells\rWhile swords met shields like ringing bells\rIn places deep where dark things sleep\rIn hollow halls where dead kings weep\rWhere harps once sang with joy\rOf the splendour, now buried beneath the seas \rBehold the Urkraft, behold the sacred force\rWe strike with the wrath of the rightful\rWe wield the invincible puritan blade\rBehold the fire, behold the force\rWe command the iron battalions\rIn the dawn of this new iron age \rThe days are growing darker\rAnd what the coming age might hold\rEven the wisest among us cannot say\rAnd though some things are better left undisturbed\rWe must not bury the past\rOr we will be buried by the future \rHeed to the - Atlantean Kodex\rKneel before - Atlantean Kodex\rBow your head - Atlantean Kodex\rShare the madness, the fury and the might\n\n",
                    "darklyrics_url": "http://www.darklyrics.com/lyrics/atlanteankodex/thegoldenbough.html#7"
                },
                {
                    "name": "A Prophet in the Forest",
                    "length": "15:00",
                    "url": "https://www.metal-archives.com/release/ajax-view-lyrics/id/1983818",
                    "darklyrics": "\nLike gold fall the leaves in the wind\nLong years numberless, as the wings of the trees\nThe long years have passed into the west\nBeneath the blue vaults, wherein the stars tremble\nIn the song of the wind\n\nFrom the forests and the green mountains far to the east\nTo the hills of Franconia, dreaming in peace\nSee the fields full with grain, shining like gold in the sun\nOh land of my youth and old age\n\nAs the Danube rolls slowly to the seas of the east\nTall keeps of Bohemia are guarding the Reich\nLand of proud halls\nWhere legends resound in the night\nOh, land of once and forevermore\n\nThrough years of longing we march\nFrom here to the end of the world\nI lead my folk to the gate\nWhere past and today become one\nThrough years of longing we march, as seasons pass us by\nRelentless in our stride, we enter the mountainside\n\nStanding stones guard the tombs\nOf our fathers long gone\nUnd the oaks, proud like titans defying the sun\nTelling the tale of the days when our folk still was young\nAnd took these lands as ours\n\nI remember the time, I remember the place\nI remember the woods, where I first saw her face\nNow the winds from the east strike fear in our hearts\nLost are the days of our youth as we part\nOh, Upper-Palatinate!\nWhere have you gone? Once proud were our ways\nNow all barren hills lie covered in shades\nOur past but a dream, no stars light us home\n\nThrough years of longing we march\nFrom here to the end of the world\nI lead my folk to the gate\nWhere past and today become one\nThrough years of longing we march, as seasons pass us by\nRelentless in our stride, \nWe enter the mountainside\n\nWhen winter comes, the winter wold\nThat hill and wood shall slay\nWhen trees shall fall and starless night\nDevour the sunless day\nWhen wind is in the deadly east, then in the bitter rain\nI'll look for thee and call to thee\nI'll come to thee again!\n\nWhen winter comes and singing ends\nWhen darkness falls at last\nWhen broken is the Golden Bough\nAnd light and labour past;\nI'll look for thee and wait for thee, until we meet again\nTogether we will take the road beneath the bitter rain!\n\nTogether we will take the road that leads into the west.\nAnd far away we will find a land\nWhere both our hearts may rest.\n\n",
                    "darklyrics_url": "http://www.darklyrics.com/lyrics/atlanteankodex/thegoldenbough.html#8"
                },
                {
                    "name": "The Golden Bough",
                    "length": "01:50",
                    "url": "https://www.metal-archives.com/release/ajax-view-lyrics/id/1983819",
                    "darklyrics": "\nMy longing heart\rIs filled with lights\rWith lost bells\rWith silver spires and stars\rAnd I will wander very far\rFarther than those hills\rFarther than the moon\rTo beg the Lord\r\"Grant me the Golden Bough\"\rTo give back the soul I had\rWhen I was a child\rRipened with legends\rWith a blossom crown\rAnd a wooden sword\rAnd thousand dreams\rStill to be dreamt\n\n\n\n",
                    "darklyrics_url": "http://www.darklyrics.com/lyrics/atlanteankodex/thegoldenbough.html#9"
                }
            ],
            "song_names": [
                "Fountain of Nepenthe",
                "Pilgrim",
                "The White Goddess",
                "Temple of Katholic Magick",
                "Disciples of the Iron Crown",
                "Vesperal Hymn",
                "The Atlantean Kodex",
                "A Prophet in the Forest",
                "The Golden Bough"
            ]
        },
        {
            "name": "The White Goddess",
            "type": "Full-length",
            "year": 2013,
            "review_num": 8,
            "review_avg": 91,
            "url": "https://www.metal-archives.com/albums/Atlantean_Kodex/The_White_Goddess/366400",
            "reviews_url": "https://www.metal-archives.com/reviews/Atlantean_Kodex/The_White_Goddess/366400/",
            "reviews": [
                {
                    "title": "Atlantean Kodex- The White Goddess - 100%",
                    "content": "As a genre that draws its strength from its emotional authenticity and instinctual passion it is understandable that absolute perfection is a state seldom achieved in Heavy Metal, but this long awaited follow up to 2010's The Golden Bough is definitely in that rarefied stratum. From the moment that the pomp of the intro track \u201cTrumpets Of Doggerland\u201d (equal parts Manowar and Classical overture) ignites and the voice of Christopher Lee taken from The Wicker Man rumbles this album takes the listener on a journey of absolute Heavy Metal ne plus ultra. Beyond a shadow of a doubt this is WAR ON ALL FRONTS' album of 2013.\n\n\u201cSol Invictus\u201d announces this album's opening proper in resplendent nature like a dawning of its namesake and Markus Becker's vocals have never sounded better. He may not be the most classically proficient vocalist in Metal but his tone is unmistakable and the delivery on every note and every lyric is spot on. Plenty of bands have channeled the arcane lyrical complexity of Solstice, the monumental hugeness of early Manowar and the earthy epicness of mid-period Bathory before, but rarely if ever as well as this, and never all at once. This is scholarly researched and flawlessly executed dreamy and triumphant Epic Heavy Metal and even if the album ended here after 13 and a half minutes it would still probably top the list of great releases for 2013, not to mention the best solo and the best chorus.\n\nThis is more than just one great song though, it is a truly phenomenal album and \u201cBilwis\u201d achieves what most instrumental interludes don't by making perfect sense in the context of the two songs it bridges, and melts one melody seamlessly into the other. From there the album leads into the thundering \u201cHeresiarch\u201d which draws on both the most epic (\u201cBlood Of My Enemies\u201d) and the most Doom-laden (\u201cMountains\u201d) of Manowar's back catalogue for its inspiration, and also a bit of Rainbow or Uriah Heap in the guitar solo and the quieter sections. This Folk-tinged 70's Hard Rock influence becomes one of the defining features of this album, particularly in the melodies of the closing near-12 minute number \u201cWhite Goddess Unveiled.\u201d As a conclusion to the album's concept this song works to great effect, though as a Heavy Metal fan as well as a scholar it is slightly disappointing that it does not finish on a more fist-pumping tone.\n\nThe preceding \u201cEnthroned In Clouds And Fire\u201d is similarly dense on the conceptual side, channelling the apocalyptic tone of Bathory's \u201cOne Road To Asa Bay\u201d but inverting the tale to a prophetic decline of Christian Europe rather than is Pagan ancestor. In spite of the Bathory influence though it along with \u201cWhite Goddess Unveiled\u201d will probably be too long and unwieldy to be translated for live performances. In spite of the strong focus on the album theme though The White Goddess is not short on anthemic tunes. If any song on here could give \u201cSol Invictus\u201d a run for its money it would be \u201cTwelve Stars And An Azure Gown\u201d, an epic centrepiece to one of Metal's few true concept albums. When it comes to mixing spontaneity and cerebralness, earthiness and epicness this record has everything nailed perfectly. An instant Heavy Metal classic. [11/10] \n\nFrom WAR ON ALL FRONTS A.D. 2013 zine- www.facebook.com/waronallfronts",
                    "date": "January 31st, 2014"
                },
                {
                    "title": "Ahead of their peers, but still sorely lacking - 65%",
                    "content": "I spoke in my review of Terminus's Into Exile of the stylistic differences between \"West epic metal\" and \"East epic metal\", referring only to epic heavy metal. Epic heavy/doom metal shares some similarities to the latter, but in the last decade since its beginnings it's morphed into its own beast. The style is based in that of Doomsword, one of the earliest employers of the style, and the first to gain a significant amount of recognition. Doomsword definitely take some epic heavy metal influence, but they take far more doom metal influence from epic doom pioneers like Candlemass, and perhaps some others like Solstice or or Solitude Aeturnus (I'm not intimately familiar with Solstice or SA, so I can't say for sure). Unfortunately, Doomsword is boring as fuck, taking the epic battle atmosphere of Manowar and combining it with really, really boring doom riffs that are often \"uplifting\" (read: saccharine) and just sort of plod along. Manowar's Into Glory Ride is actually a very good reference, and probably their biggest non-doom influence (although it is sort of doomy). So Doomsword are a band that's derivative of a shite album, and the epic heavy/doom scene are largely derivative of that shitty derivative band. See the problem? A couple of bands, such as While Heaven Wept, predate Doomsword's debut album (2002), so that is probably a case of convergent evolution, where both were influenced by Into Glory Ride and early epic doom.\n\nAtlantean Kodex is not really an exception. Their first album, The Golden Bough, released in 2010, was a complete snooze-fest, very reminiscent of Doomsword and Into Glory Ride. So I guess it did what it set out to accomplish, it just set out to accomplish sounding similar to shitty music. While Heaven Wept, Cromlech, and Gatekeeper are in a similar vein of dull, derivative music. I haven't heard all the epic heavy/doom bands, but the only one I have heard that doesn't sound like a ripoff of Doomsword and/or IGL is Realmbuilder, who sound more like Manilla Road mixed with epic doom riffs. This would be good if they didn't suck at songwriting; if epic heavy/doom must be a genre, I'd prefer if bands would follow Realmbuilder's lead rather than Doomsword's. Luckily, there's only a dozen or so bands currently, but it's been getting steadily more popular.\n\nAnyway, enough on the (regrettable) history of the style, what does this album, in particular, sound like? The production is decent, slightly above average for a modern metal album, but not particularly great. Vocalist Markus Becker is pretty good, sounding sort of like Kevin Nugent (Legend) without as much character and with a more nasal quality, but still, fairly solid. The main problem - which is the same main problem most bands of this style have - is the songwriting. The album starts off with \"Sol Invictus\", a surprisingly cool song, with solid if repetitive riffs and a nice, galloping pace. If all epic heavy/doom were like this song, I could dig it a bit more, although it's still not without its problems. The song is very vocal-centric and still lacks riffs in areas, focusing more on catchy vocal melodies than gripping riffs. This is a complaint you often hear about europower, and yet europower is constantly berated while epic heavy/doom hardly ever gets any complaints of that nature. Why? I honestly have no clue. Most epic heavy/doom I've heard is no more riff-focused or \"metal\" than most europower I've heard, and even this album is still as poppy as a good portion of europower. Is it the lack of excessive keyboards? The fact that the scene isn't as well-known? Or perhaps just a bandwagon thing where people who would otherwise like europower dislike it because it's cool to dislike it but get away with listening to this crap? I'm not really sure, but every album in this style I've heard is just as ball-less as Rhapsody or Nightwish, if not more so. \n\nThis album is included in that statement. Is it somewhat enjoyable for me? Yes, but so are a handful of europower bands (Kamelot, After Forever, early DragonForce). This is the cream of the crop for this scene, but it's still slick, riff-deprived, and saccharine as all hell. That said, it's not all bad, as some of the vocal lines tend to be pretty cool and the riffs that do come around tend to be solid if not great, for the most part. The exception would be \"Heresiarch\", which has fairly lackluster riffs, but \"Sol Invictus\", 'Enthroned In Clouds And Fire\", and \"White Goddess Unveiled\" have pretty cool riffs, although the last of those is more riff-lite than the others. The interludes are actually sort of cool, which I don't say very often for metal albums, as they help set the mood for the better tracks, but they're not amazing or anything. \n\nThat brings us to \"Twelve Stars and an Azure Gown\", easily the worst song on the album and one of the shittiest songs I've heard in awhile. This album would actually get about an 80% from me barring this song, but it's just a huge pile of steaming dog crap. Super boring, pseudo-romantic vocal lines (actually \"line\" for the first two and a half minutes - the same idiotic melody repeated over and over with no riffs underneath). This is something I'd expect of post-Rage to Order Queensryche or an average europower band, and the quality isn't even any better than those. It tries to sound epic with an audio clip, flat spoken word, atmospheric keyboards, and stupid, whiny vocal lines, but it just utterly fails. The guitars don't really do much even when they (briefly) appear, mostly sticking to the main vocal melody with some mediocre gallops thrown in. I thought Manowar had taken the \"shitty substanceless epic metal\" crown, but this song easily steals it from them. Admittedly, I haven't heard every epic metal album, so there could be even shittier songs, though I don't think it's likely.\n\nIf you're a fan of epic heavy/doom, you've probably already heard this album. If you're a fan of similar styles like classic metal or trad doom, give \"Sol Invictus\" or \"Enthroned In Clouds and Fire\" a listen and see if you might be interested in this album, but beware at the utter shittiness of \"Twelve Starts and an Azure Gown\". Perhaps Atlantean Kodex will get even better on the next album, they just really, really need to stop writing ballads. Leave it to the pros and stick to riff-focused songs, guys.",
                    "date": "January 13th, 2014"
                },
                {
                    "title": "Atlantean Kodex- The White Goddess - 90%",
                    "content": "Building on the epic themes of their first album, the German five piece give a greater sense of balance to their songwriting. The material that makes up \u2018The White Goddess\u2019 is more well rounded out, and what was essentially filler prior to this is now exempt. On \u2018The Golden Bough\u2019, one or two songs, some perhaps too brief or immediate, didn\u2019t balance as well as they should have done with the lengthier songs that best showcased their ability to craft hymns of intensity and grandeur. The new material is of the same quality as the best moments of their first album. In other words, they are more focused.\n\nThe style of Atlantean Kodex firmly fits into the more traditional, epic strain of doom metal. Structurally, their pounding, intense songs are reminiscent of Viking-era Bathory, in terms of the heroic romanticism that their lyrical output pertains to, and of course the music, which is melodious, anthemic and well executed. Bands such as Solstice, Scald, and Candlemass are all brought to mind in the application of hearty, operatic vocals and their interplay with melodic dual guitars.\n\nKeyboards, reminiscent of 70\u2032s hard rock such as Deep Purple and Uriah Heap underscore this, indicating a nuance of their core influences, not surprising in that the vocal refrain from \u2018Pilgrim\u2019 on their previous album was a conspicuous ode to Deep Purple\u2019s \u2018Child In Time\u2019, albeit filtering out the influence of blues rock. Occasionally accentuating songs, it never overbears.\n\nAll songs essentially have a \u2018catch\u2019, an ultimate hook that makes the song memorable, and this makes itself clear in opening songs such as \u2018Sol Invictus\u2019 and \u2018Heresiarch\u2019, where the guitar leads and vocals counteract to create an anthemic backdrop. It is full of heart and pride, yet it never descends into being overbearing or a form of self-parody. Amidst emotion, there is a great sense of quality control.\n\nLyrically this album is subliminal, an ode to the cultural pantheon of Europe, one united in a history of struggles, triumphs, defeats, and fratricidal tragedies. In the best form of the metal genre, it is an exaltation, expressing a plethora of moods and colours yet never is it preachy.\n\nIt expresses much of the values and sentiments that we might expect from the neofolk subgenre, albeit not restrained by the structural limitations of what are essentially folk-pop songs at heart. This takes the styles heroic aspirations and applies it into the paradigm of epic heavy metal, beautifully and passionately performed. A crystalline production gives a sharp edge to all of the instruments, yet this clarity is balanced with a booming rhythm section that keeps the overall tone within an \u2018organic\u2019 range.\n\nThere is even the use of a speech by Winston Churchill as a sample (\u201cTwelve Stars and an Azure Gown\u201d), one that exalts the triumphs of Europe as a seat of the arts, culture, philosophy, ethics and great learning, yet bereaves the internal conflicts and fratricides that have plagued the continent for centuries. As unlikely a source it may seem, the context is poignant and fits well with the romanticist ethos of Atlantean Kodex.\n\nA truly worthy follow up, and an improvement on their first album, \u201cThe White Goddess\u2019 is a formidable Gesamtkunstwerk, one that elevates heavy metal from mild neoclassicism to a high art form.\n\nhttp://stenchofishtar.wordpress.com/2013/12/09/atlantean-kodex-the-white-goddess/",
                    "date": "December 17th, 2013"
                },
                {
                    "title": "In the Darkest Night Twelve Stars will Rise - 95%",
                    "content": "\"The White Goddess,\" the second scroll of epic heavy metal from Germany's Atlantean Kodex, is one of the most amazingly passionate and invigorating albums I've ever heard. The record stands as a fifty-six minute monolith of five gigantic slabs of grand metal and three interlude pieces leading into the colossal majesty of Atlantean Kodex's sermons, which are bombastic journeys of masterful guitar work and atmospheric purity. Atlantean Kodex acts as the antithesis of modern metal, abandoning the processed clarity and sterile songwriting of the herd for smoldering anthems that reach peaks and valleys of emotion with a sound quality that is untainted and as natural as it gets. They've made an opus that captivates the tribes from beginning to end, conjuring images of classic doom bands like Solstice and While Heaven Wept while resonating echoes of other fantastic groups like Bathory, Manilla Road, and Manowar. \n\nThe excellence of \"The White Goddess\" is rooted in its honesty. Atlantean Kodex, though a harbinger of the long-running tune, never overcomplicates its pieces with overbearing guitar leads or fattening riffs that suffocate the surrounding platform. Instead, the group showcases grandiose, gripping sections that are direct and driving, yet never lapse into annoying repetition or overkill. The opening \"Sol Invictus (With Faith and Fire)\" bobs around on just a handful of riffs during its eleven-minute run, but Atlantean Kodex is perfect at keeping the flames and passion burning through its surreal marathon of heavy metal mastery. However, the bar stays in Olympus throughout the record's lengthy duration, and there's not one moment here that looses a drop of the divinity within the band's excellent vitality. From the engrossing melodies to the heroic percussion, \"The White Goddess\" stands triumphant over all.\n\nEvery tune is worthy of song, but my favorite is \"Twelve Stars and an Azure Gown (An Anthem for Europa),\" which sees Atlantean Kodex riding on an elegant lead melody, acoustic strings, an immaculate chorus, and a sensational riffing section that turns up the speed and power beyond the dial's threshold. Outstanding stuff. One of the many reasons why this release is too damn awesome is a man named Markus Becker, whose voice shines like a trumpet in Asgard. His vocals are filled with might and emotion instead of aggression or anger, yet they sound completely lucid and bright against the unblemished attack of \"The White Goddess.\" Like the music, Becker's voice does not receive the modern metal treatment of burdening the entire performance with studio magic and other needless crap, instead showing true transparency and skill in what are the golden chimes of the king of the bards.\n\nLike the group's first set of releases, \"The White Goddess\" features a lyrical show that is extremely poignant and meaningful, and it adds so much more color to songs that are already superb musically. At the end of the day, Atlantean Kodex has created an album that dominates everything in its path, using unparalleled vigor and wonderful performances to make a collection of songs that is truly epic in every regard. I could sit here all day and tell you why \"The White Goddess\" is the king of kings, so just stop and listen to the voice of Atlantean Kodex as its oracles teleport you to a world untouched by mediocrity, where heavy metal reigns supreme. Remember the name of Atlantean Kodex, for it's a rising tide within the realm of music and has earned the eternal glory of the gods.\n\nThis review was written for: www.Thrashpit.com",
                    "date": "November 1st, 2013"
                },
                {
                    "title": "Atlantean Kodex - The White Goddess - 90%",
                    "content": "Albums like \"The White Goddess\" - great to listen to, a pain in the arse to review. The 8 songs and 55 minutes of Atlantean Kodex's second album takes the fabled principles of their previous outing (\"The Golden Bought\") and increases every scale - Markus Becker's cleanly sung vocals are bigger, the lead riffs ring more harmoniously and thrown into the mix are a few quotes from one Winston Churchill providing the album a narrative on the fate and glory of Europe. In essence, the summation of Bathory + Candlemass + Manowar, all at their most epic, which first attracted me to check out the Germans' in 2010 has not changed here.\n\nI can think of few metal bands from recent times who paint with such broad vivid strokes as AK, hence the recommendation of those acts who all peaked in the mid-late 80s. There remain other current acts like labelmates Argus playing Maiden-tinged straight-up heavy metal, no shortage of retro bands like Cauldron and definitely no lack of acts unwittingly parodying heavy metal (Hammerfall and their devotees), but this is something different. For that reason a band like Atlantean Kodex will never be for every metalhead, a pity for this vestige of artistic passion is a joy to behold. Sweeping across the landscape slowly and methodically, each track tells a story of its own, though never sounding drawn out as might be imagined when four of the eight clock in at least 10 minutes, although odd moments can fall foul of the band's willingness to add depth at all costs.\n\nLyrically the band are just as chasmic, covering the history and mythology of Europe wrapped in intriguing titles like \"Twelve Stars and an Azure Gown\" and \"Heresiarch\". But it is the vociferous story-telling prowess within the music which displays AK's technical prowess and love of majesty. The choral rendition of \"Sol, Sol Invictus\" at the start of that track says something about how the band strive always to ignore the rulebook, before launching into a scything rhythm and fist-pumping tempo. The most epic (there's that word again) qualities of Manowar and Hammerheart\"/\"Twilight...\"-era Bathory are evident throughout the whole record, whether in the short instrumentals \"Bilwis\" and \"Der Untergang der Stadt Passau\", as well as epics like \"Enthroned in Clouds and Fire\", where the slow calculated opening breaks into a synth-driven vocal backing akin to the great departed Viking metal forefather himself. Small factors such as the squealing lead which introduce the vocals in this track, or the lingering keyboard outro in closer \"White Goddess Unveilied\", are indicative of the levels of thought that has gone into this record.\n\nLooking for obvious defects within \"The White Goddess\" is hard - the clear production gives breathing space to all while avoiding the compression issues of most current metal releases. In comparison to the recent Argus' effort and past works of similar mentioned acts however the long songs on offer don't always pack the same punch as more direct efforts. That slow pace, itself a nod to metal's true legacy, is likely to be a factor prohibiting AK's name becoming widespread as the release as a whole is a challenging listen and far from another band singing about 'heavy metal in the night'. I've grown accustomed to seeing safe bands and records hoovering up the acclaim and top festival billings - a trend I harbour no illusions of ever disappearing - but for those who shirk at the bland offerings of heavy metal's current leading acts then there are alternatives. The boldest and most elegant of those is Atlantean Kodex - a band who revel in Wagnerian pomp forged with metallic regality on a massive scale. \n\nOriginally written for www.Rockfreaks.net",
                    "date": "October 11th, 2013"
                },
                {
                    "title": "Unreal, and worth the wait - 100%",
                    "content": "I've been looking forward to this album for a long time. I was a big fan of The Golden Bough, and was always surprised that metal-fan opinion on that album was so divided. It wasn't perfect, but it represented a side of epic/doom/heavy metal that was new and oh-so epic, and I still listen to it regularly. Anyhow, The White Goddess has been a long time coming, and naturally I was a little worried that all the build-up would result in a let-down.\n\nNot so. I'll try to convince you with what follows, but to preview my opinion, and at the risk of of sounding like a fanboy: It's perfect. This album is above and beyond the epic creations previously forged by this band, or any other band in the genre. This is easily my album of the year, featuring incredible pacing as a whole and songs that top everything else on the playing field. \n\nEven the filler tracks are outstanding, connecting the major songs seamlessly and elegantly. The guitars frequently combine to create a powerful heavy, doomy (or soaring, as the case may be) landscape which is perfectly counterpointed by the stunning lead riffs, which have a tone that you can virtually feel through the speakers. The drums hit it just right as well, connecting and emphasizing in a way that really works. I don't usually pay close attention to drums, but these were noticeably good.\n\nThe vocals are also excellent. Epic metal vocals frequently come off as either overly mournful or pretentiously dramatic (MM from Candlemass...). Here, they are done right. The lead vocals are powerful and clean, as well as sincere. His tone matches the music. There is not a hint of pretension or cheese in the singing. The lyrics are killer as well, ranging from mythology to religion. On a related note, a number of the tracks use tasteful vocal samples, which are effective, topical and expertly placed.\n\nThe songs, in epic style, are long. They are the farthest thing from monotonous, however. The band revisits musical themes and ideas throughout each song, but the songs themselves are constantly changing; building, ebbing, and rebuilding to new heights. Listening all the way through never feels like a chore. Multiple listens make them even more enjoyable, as you get an idea of how the band planned each song's progress. Still, each song is a knockout the first time you hear it. I haven't grinned like this at a first listening of an album in more than a decade. Every song on this album is great. My previous favorite by AK was \"A Prophet in the Forest.\" Still a favorite of mine, but several of the songs on the album top it. \"Heresiarch (Thousandfaced Moon)\" might be the best one here, but it truly is a hard call. \n\nI wish I could say something negative about this album so that I wouldn't sound like such a sycophant, but I just don't have anything bad to say about it. Enough gushing from me. If you are a fan of epic heavy metal, give this one try. For any Atlantean Kodex fan, this is a no-brainer. If you are new to the band, I think you will be happily surprised at what you have been missing.",
                    "date": "October 5th, 2013"
                },
                {
                    "title": "A towering tidal wave of heavy metal brilliance - 95%",
                    "content": "So I\u2019ve had this one for a little while now, and to be honest I\u2019d have liked to have took a month or two before actually coming to review The White Goddess, largely due to its scope and depth, although I guess it wouldn\u2019t be fair to you guys to keep you waiting so long would it?\n\nAtlantean Kodex had been this enigmatic, coveted underground band for quite some time, although their debut full-length The Golden Bough (which dropped late 2010) certainly shed some light on the Germans. The aforementioned album was a gargantuan slab of epic, towering heavy metal which, for many, was one of the finest albums to hit the unsuspecting in quite some time, although I know others voiced a disdain for their plodding style. I was definitely pitching my tent in the former camp, although I will say that I felt the album did have its ever-so-slight flaws.\n\nAny minor caveat I had with The Golden Bough has been dashed against cliffs of my personal taste like a monstrous tidal wave with the advent of The White Goddess. I hate to kick the hype machine so hard into overdrive, but this album is seriously, seriously good. Immediately coming across as more propulsive, heavy, and intelligent; everything spectacular about The Golden Bough has been fed through a strainer and simmered into a majestic tour-de-force of heavy metal wonder, boasting incredible lyrics that will appeal equally as much to the history buff as that of the \u201cSword & Sorcery\u201d aficionado.\n\nAfter a relatively brief intro in \u201cI. Trumpets of Doggerland (There were Giants in the Earth in those Days)\u201d Atlantean Kodex comes crashing through the speakers like the aforesaid tidal wave with \u201cII. Sol Invictus (With Faith and Fire)\u201d, which boasts a rumbling riff set striking the ears as divine. Markus Becker\u2019s vocals immediately sound superior to those he laid down on the previous album, reminding me of a reigned-in John Arch in places, although admittedly I do find it hard to put a finger on exactly why I am reminded as such.\n\n\u201cIV. Heresiarch (Thousandfaced Moon)\u201d manages to top \u201cPilgrim\u201d from The Golden Bough as my favourite Atlantean Kodex number. A massive, triumphant affair housing an endearing chorus that I guarantee will have you singing along in no time! I can feel myself wanting to veer off into track-by-track territory now, so I\u2019m going to leave it there. Let me tell you though, each track \u2013 including the interludes \u2013 are deserving of mention and their place in the album. Boldly marching through ace dynamic shifts and housing wonderful hooks as well as ample a pummelling riff, all of the proper songs here stand as towers of proud and powerful heavy metal.\n\nGrounding myself now, I will say that those who extract the majority of their musical enjoyment from pristine modern acts, from glossy power metal to clinical death metal, might find the sounds of Atlantean Kodex lost on themselves. If you do fall into this category, then you can probably skip this, although it\u2019s worth giving at least a cursory listen, who knows when/if you might convert? On the other hand, those who love dusty, archaic heavy metal, and of course \u201ctrue metal\u201d; I proudly present you your album of the year.\n\nBlending the sounds of acts as diverse as Solstice, Bathory, Fates Warning, While Heaven Wept, and Manilla Road, Atlantean Kodex provide a slab of heavy metal delight which comes off as altogether more refined, and, I dare say, better than their superlative debut. Sure to be topping end of year lists, and certainly sure to have its place in my own; The White Goddess is an album many metal fans should check out, and I\u2019m sure will come to adore. An excellent addition to any serious metal fans record collection!\n\nOriginally written for http://blackwindmetal.com",
                    "date": "October 2nd, 2013"
                },
                {
                    "title": "Galadriel, the fairest of them all - 92%",
                    "content": "\u201cA solemn pilgrimage through nightclad wintry woods\u201d\n\nThree years after their acclaimed debut album \u201cThe Golden Bough\u201d, epic German metallers are back with another strong slab of mythological iron. Even though it was the album I was expecting, it's nonetheless another strong effort. I do think they deserve the throne of epic metal and their new full length is only confirming this. Procession and Evangelist should all kiss the hand of the white goddess because it's a excellent album.\n\nComposed of four epic ten minutes tracks, three interludes and a shorter eight minutes track, the album is a nice trip into philosophical or religious territories with \u201cHeresiarch (Thousandfaced Moon)\u201d and \u201cSol Invictus (With Faith and Fire)\u201d. Their lyrical theme is absolutely excellent, I'm pretty sure the guys are historians or theologians since there's a true clerical research found here. Named after the famous book of Robert Graves, both this book and this album is a continuation of \u201cThe Golden Bough\u201d. Taking the magical and poetic influences of these books, the band managed to create a rich lyricism for their music. It's much more subtle than many other lyrics and you can see that there's a real effort but into them. To be honest, many metal bands just seem to disregard their lyrics as an afterthought. It's perhaps not as much as important as the music for this style of music but I consider that if you want to be a complete band, it's essential to have a solid lyrical representation. It's not Sarcofago so bad lyrics are not an excuse\n\n\u201cAt the standing stones the scythe will set him free. Bound to the oak, the Kingpriest\u2018s life for our creed\u201d\n\nMusically, I feel the band explored a doomier realm this time. There's no four minutes catchy track like \u201cDisciples of the Iron Crown\u201d to be found here. The catchier track is probably \u201cTwelve Stars and an Azure Gown\u201d with its awesome melodic repeated lead and the Churchill Zurich speech in 1946 and it's about the fate of Europe and the intestinal rivalries between the countries that destroyed the continent. It also has this awesome lead inspired by heavy/power metal and showcases the out of this world clean vocals of Markus Becker. His voice, not tough or rough, is perhaps the most enjoyable aspect of Atlantean Kodex, he's like this prince with a golden voice protected by the other four members of his kodex. The production on his vocal is less airy and tighter than on the previous album and that's an appreciable improvement.\n\n\u201cIf Europe were once united in the sharing of its common inheritance, there would be no limit to the happiness, to the prosperity and the glory which its three or four million people would enjoy\u201d (click this link for the whole text: here you go!)\n\nI think the songwriting is more mature and rich as well while not intrinsically different from their early releases. I was listening to \u201cThe Pnakotic Demos\u201d yesterday and except for the mediocre production, the basis of their sound is still there especially in the epic first track \u201cFrom Shores Forsaken\u201d. The sound only grew to an higher echelon here, the songs are as long but they're more focused and better overall. The guitars are heavy and the vocals destroys all the opposition in the epic metal world. Even if they already has this huge Solstice influence early on (hurry the fuck up Richard, it's been 15 years since \u201cNew Dark Age), it's a bit more present here or at least the epic doom atmosphere ate a large part of the traditional heavy/power sound. There's still the cool USPM inspired parts here and there, I guess you can still hear the mark of Cauldron Born especially in the high clean vocals.\n\nThe guitars of Koch and Trummer are excellent, from blistering leads to acoustic parts such as the short interlude \u201cBilwis (Sorcery and Witchcraft in Eastern Bavaria)\u201d. They're never doing too much, never too flashy and they just deliver these good riffs one after one. Nonetheless, I almost think they're a bit overshadowed by the vocals, there's so many lyrics that even an eleven minutes song can feel short and busy. This can be both a good and a bad thing in some cases since the album can become overwhelming. Everything is great but it's so epic that it hurts. I wish the interludes would be longer or that they would have included a ballad of some sort on their album. The one hour album feels massive and even though there's still some interesting tempo changes, it can get a bit monotonous at times. I mean, I'm sure the taste of a deep fried hot dog is totally sublime but yeah, I wouldn't eat...OK I probably would but that's because I'm a pig!\n\n\u201cThe White Goddess\u201d is still grandiose enough, the epic connoisseurs will enjoy its bombastic approach and its rich songwriting. The album ends on an high note with a three minutes piano conclusion integrated on \u201cWhite Goddess Unveiled\u201d, a great twelve minutes song. The band has the balls to pull off interesting things but I feel they can and should do more exploration. Why not write long ass instrumental songs \u00e0 la Melechesh and Lykathea Aflame! I believe they have the necessary vision and potential to do such things. I simply wish they would expand the clean moments found on a song like \u201cVesperal Hymn\u201d featured on their previous album, it had this almost western or flamenco touch (quite unsure about myself here obviously) that I enjoyed a lot. Furthermore, with the integration of a slower/doomier sound, the catchiness of \u201cThe Golden Bough\u201d has evaporated a little. Their 2013 release is more one sided and less varied than their esteemed debut.\n\nThe album is a safe sophomore to say the least, I wasn't of course expecting a new age record but the quality is optimal. The production is great and atmospheric, the musicians are top notch, the lyrics are perhaps the best written the genre has seen in a while and it's very epic, perhaps too much. This is still the best epic metal album of 2013, I, without certain restraints, welcome the new reigning kings to their throne.\n\n\nOriginally written for The Metal Observer and Metantoine's Magickal Realm",
                    "date": "October 2nd, 2013"
                }
            ],
            "songs": [
                {
                    "name": "Trumpets of Doggerland",
                    "length": "02:07",
                    "url": "https://www.metal-archives.com/release/ajax-view-lyrics/id/2548958A"
                },
                {
                    "name": "Sol Invictus",
                    "length": "10:55",
                    "url": "https://www.metal-archives.com/release/ajax-view-lyrics/id/2548959A"
                },
                {
                    "name": "Bilwis",
                    "length": "01:06",
                    "url": "https://www.metal-archives.com/release/ajax-view-lyrics/id/2548960A"
                },
                {
                    "name": "Heresiarch",
                    "length": "11:10",
                    "url": "https://www.metal-archives.com/release/ajax-view-lyrics/id/2548961A"
                },
                {
                    "name": "Twelve Stars and an Azure Gown",
                    "length": "07:44",
                    "url": "https://www.metal-archives.com/release/ajax-view-lyrics/id/2548962B"
                },
                {
                    "name": "Der Untergang der Stadt Passau",
                    "length": "01:32",
                    "url": "https://www.metal-archives.com/release/ajax-view-lyrics/id/2548965B"
                },
                {
                    "name": "Enthroned in Clouds and Fire",
                    "length": "09:55",
                    "url": "https://www.metal-archives.com/release/ajax-view-lyrics/id/2548966B"
                },
                {
                    "name": "White Goddess Unveiled",
                    "length": "11:22",
                    "url": "https://www.metal-archives.com/release/ajax-view-lyrics/id/2548967A"
                }
            ],
            "song_names": [
                "Trumpets of Doggerland",
                "Sol Invictus",
                "Bilwis",
                "Heresiarch",
                "Twelve Stars and an Azure Gown",
                "Der Untergang der Stadt Passau",
                "Enthroned in Clouds and Fire",
                "White Goddess Unveiled"
            ]
        },
        {
            "name": "The Course of Empire",
            "type": "Full-length",
            "year": 2019,
            "review_num": 2,
            "review_avg": 90,
            "url": "https://www.metal-archives.com/albums/Atlantean_Kodex/The_Course_of_Empire/795685",
            "reviews_url": "https://www.metal-archives.com/reviews/Atlantean_Kodex/The_Course_of_Empire/795685/",
            "reviews": [
                {
                    "title": "The Return of the King - 80%",
                    "content": "Slowly but surely, he walks. He takes his time; he already knows that he's the king, that his throne is reserved for him and that his loyal subjects are waiting for him for six years now. He knows that, in the meantime, lots have pretended to compete with him, lots have tried to conquer the vacant place, but no one can measure up to him. He knows he could wait for another hundred years if it was needed that no one would come to question his status. He knows that he reigns supreme, him, above, who witnessed all the most glorious empires rise and fall. He knows that no one would dare to doubt about him, who already showed us his talent on a first correct disc in 2010 and another exceptional in 2013. Since, and with only two albums under his hand, he showed us who was the real boss of European epic heavy metal: I want of course to talk about Atlantean Kodex, which strikes very hard this fall with its new disc that lasts more than one hour, \"The Course of Empire\". \n\nAnd beware of appearances: behind its cushy, tranquil aspect, this disc is a mixed bag. To tell you, this album is so much filled with different atmospheres that I was almost forced to take a break halfway through, so much I had already assimilated things and that it was obligatory not to reach the saturation point, fearing to not appreciate the second half at its fair value. This is not a simple, calm heavy metal album that pleases us in the heat of the moment, alone or at party time, no. \"The Course of Empire\" is a true and epic ride through History.\n\nFor that matter, Atlantean Kodex knows that he's the boss of the game: that's why he takes its time, for one hour, to propose an epic heavy metal flirting many times with doom and even going so far as to punctuate his disc with ambient tracks that give another dimension to the whole. In short, the band reuses the same formula as usual but without disappointing nor boring because they diversify subtly their play. There are songs with a heavy riffing, based on a very martial drumming that makes the fist raised (\"People of the Moon\", \"Lions of Chaldea\", \"The Course of Empire\") and some others showing a more doom aspect, more focused on ambiences drew by the sonorities rather than pure riffing. To give some examples, the beginning of \"Chariot\" is not really made of riffs but rather of ambiences made by the power chords that bring a particularly dark aspect to this intro. \"People of the Moon\" takes its time: almost ten minutes that almost make it progressive with all of its breaks and influences that punctuate it left, right and centre.\n\nThe disc also gives prominence to the singer, who shines more than ever in an Atlantean Kodex album. In \"People of the Moon\", he sings even if he has nothing to sing, with his \"Aaah!\" that would make Einar Solberg turn pale. There are also great moments in the clean guitars passage of \"Chariots\" and \"He Who Walks Behind the Years\", in \"The Innermost Light\" with its choirs, \"Spell of the Western Sea\", only made of singing in front of ambient sounds. We also find numerous choirs here and there in \"The Course of Empire\" and a narrative voice in \"Die Welt von Gestern\" (The World of Yesterday) that my too poor German knowledge can't translate.\n\nAs evoked earlier, the album takes its time. There are no less than four songs that act as transition songs, that aren't really metal, and whose sole purpose is to pose an atmosphere or to make a correct transition with the following track. Since that, many tracks follow one another without a clear cut, giving to the album an impression of a continuous stream of music that rarely ends. These moments are perfect for the band to experiment one or two things, introducing the disc with solemn leads and announcing the tone right from the beginning with the chorus of \"The Course of Empire\" with \"The Alpha and the Occident\", temperating with atmospheric songs like \"The Innermost Light\" and \"The Spell of the Western Sea\" and skillfully concluding with \"Die Welt Von Gestern\".\n\nTaking its time because it is the king and that no one will dethrone it, Atlantean Kodex complete convincing the more sceptics with this third excellent disc, alternating between martial riffs, choirs and beautiful sings, atmospheric breaks and catchy choruses, all of this in an ambience that strongly smells doom that brings a superior dimension to the album and that plunges us into an unmatched epic.",
                    "date": "October 27th, 2019"
                },
                {
                    "title": "Empires Rise, Empires Fall... - 100%",
                    "content": "Six years may have passed in the mortal realm since 2013\u2019s The White Goddess, but very little has changed in the world of Atlantean Kodex. The Bavarians\u2019 third full-length album is right in line with they\u2019ve released thus far, offering the same post-Solstice brand of doomy epic metal. Crunchy, lo-fi guitar gallops are contrasted by tenor vocals, climbing harmonies, and occasional acoustics with individual songs being driven by drawn-out tempos and a wistfully antiquated aesthetic. But while the Atlantean Kodex formula hasn\u2019t changed all that much on The Course of Empire, the band certainly found ways to tweak it.\n\nPast albums utilized a similar mix of sprawling epics and shorter interludes, but they\u2019ve never been incorporated so seamlessly as they are on here. The songs transition between one another quite smoothly overall and an emphasis on vocal cadences allows the interludes to build into the larger numbers while setting up motifs that pop up later. This is demonstrated early on as \u201cThe Alpha and the Occident\u201d gives way to \u201cPeople of the Moon\u201d in a stirring fashion while introducing a melody that reappears on the title track.\n\nThere seems to be a more aggressive undercurrent hiding behind the album\u2019s triumphant presentation. While the songs never go into any sort of speed metal bursts, the drums hit considerably harder even when they\u2019re staying at a mid-tempo march. This, in turn, gives the riffs more weight and the vocals more conviction; the latter in particular put in more direct phrasings that are topped off by the occasional rasp. This is best demonstrated on the muscular \u201cHe Who Walks Behind the Years\u201d and the title track, but even the comparably accessible \u201cLion of Chaldea\u201d gets a pleasant energy surge.\n\nOne can also detect a darker flavor on a couple of tracks. \u201cChariots\u201d starts with particularly ominous symphonics before diving into an intense riff set and \u201cA Secret Byzantium\u201d features some of the album\u2019s creepiest guitar fanfare and doomiest tempos. The placement of \u201cThe Innermost Light,\u201d the album\u2019s most serene, vocal-oriented song, in between them was a rather interesting move, but it serves to contrast the darkness rather than offset it.\n\nWith The Course of Empire, Atlantean Kodex effectively customizes an already astounding formula. The album doesn\u2019t differ too much from The White Goddess or 2010\u2019s The Golden Bough on the surface, but the easygoing song flow makes for a more cohesive listen and the darker, more aggressive elements give it a distinct flavor. This could\u2019ve been a stagnant retread, especially with the years between efforts, but the band clearly used that time to make the best album they possibly could. You know you\u2019ve got a classic on your hands when the worst you can say is that the closing ambiance runs a little too long. Atlantean Kodex is the greatest epic metal band around and The Course of Empire is their magnum opus thus far.\n\nHighlights:\n\u201cPeople of the Moon\u201d\n\u201cLion of Chaldea\u201d\n\u201cChariots\u201d\n\u201cA Secret Byzantium\u201d\n\u201cHe Who Walks Behind the Years\u201d\n\nOriginally published at http://indymetalvault.com",
                    "date": "September 4th, 2019"
                }
            ],
            "songs": [
                {
                    "name": "The Alpha and the Occident (Rising from Atlantean Tombs)",
                    "length": "02:01",
                    "url": "https://www.metal-archives.com/release/ajax-view-lyrics/id/5000235"
                },
                {
                    "name": "People of the Moon (Dawn of Creation)",
                    "length": "09:01",
                    "url": "https://www.metal-archives.com/release/ajax-view-lyrics/id/5000236"
                },
                {
                    "name": "Lion of Chaldea (The Heroes' Journey)",
                    "length": "06:45",
                    "url": "https://www.metal-archives.com/release/ajax-view-lyrics/id/5000237"
                },
                {
                    "name": "Chariots (Descending from Zagros)",
                    "length": "08:29",
                    "url": "https://www.metal-archives.com/release/ajax-view-lyrics/id/5000238"
                },
                {
                    "name": "The Innermost Light (Sensus Fidei)",
                    "length": "03:34",
                    "url": "https://www.metal-archives.com/release/ajax-view-lyrics/id/5000239"
                },
                {
                    "name": "A Secret Byzantium (Numbered as Sand and the Stars)",
                    "length": "08:55",
                    "url": "https://www.metal-archives.com/release/ajax-view-lyrics/id/5000240"
                },
                {
                    "name": "He Who Walks Behind the Years (Place of Sounding Drums)",
                    "length": "08:53",
                    "url": "https://www.metal-archives.com/release/ajax-view-lyrics/id/5000241"
                },
                {
                    "name": "Spell of the Western Sea (Among Wolves and Thieves)",
                    "length": "01:27",
                    "url": "https://www.metal-archives.com/release/ajax-view-lyrics/id/5000242"
                },
                {
                    "name": "The Course of Empire (All Thrones in Earth and Heaven)",
                    "length": "10:46",
                    "url": "https://www.metal-archives.com/release/ajax-view-lyrics/id/5000243"
                },
                {
                    "name": "Die Welt von Gestern (Abendland)",
                    "length": "02:43",
                    "url": "https://www.metal-archives.com/release/ajax-view-lyrics/id/5000244"
                }
            ],
            "song_names": [
                "The Alpha and the Occident (Rising from Atlantean Tombs)",
                "People of the Moon (Dawn of Creation)",
                "Lion of Chaldea (The Heroes' Journey)",
                "Chariots (Descending from Zagros)",
                "The Innermost Light (Sensus Fidei)",
                "A Secret Byzantium (Numbered as Sand and the Stars)",
                "He Who Walks Behind the Years (Place of Sounding Drums)",
                "Spell of the Western Sea (Among Wolves and Thieves)",
                "The Course of Empire (All Thrones in Earth and Heaven)",
                "Die Welt von Gestern (Abendland)"
            ]
        }
    ],
    "album_names": [
        "The Golden Bough",
        "The White Goddess",
        "The Course of Empire"
    ],
    "info": {
        "Country of origin": "Germany",
        "Location": "Vilseck, Bavaria",
        "Status": "Active",
        "Formed in": "2005",
        "Genre": "Epic Heavy/Doom Metal",
        "Lyrical themes": "History, Mythology, Folklore, Literature, Allegory",
        "Current label": "V\u00e1n Records",
        "Years active": "\n2005-present "
    }
}