{
    "name": "Autokrator",
    "id": "3540393385",
    "url": "https://www.metal-archives.com/bands/Autokrator/3540393385",
    "albums": [
        {
            "name": "Autokrator",
            "type": "Full-length",
            "year": 2015,
            "review_num": 3,
            "review_avg": 74,
            "url": "https://www.metal-archives.com/albums/Autokrator/Autokrator/495436",
            "reviews_url": "https://www.metal-archives.com/reviews/Autokrator/Autokrator/495436/",
            "reviews": [
                {
                    "title": "A Crushing Imperial Coup de Main - 75%",
                    "content": "Classical mythology and ancient history have been semi-popular themes in metal music since the early decades; Iron Maiden and Manilla Road, for instance. Yet classical topics are rare in extreme metal, owing to a variety of factors: focus on modern-day conditions and rejection of tradition, as well as a preference for Norse mythology when traditions are embraced. As metal has spread to all countries, we see bands such as Aborym in Italy, and Rotting Christ and Macabre Omen in Greece, incorporating elements of Roman and ancient Greek mythology and history into their lyrical concepts. Still others adopt these topics not out of heritage, but an outsider\u2019s interest in exploring the past. Autokrator, from France, is one such band.\n\nAutokrator demonstrates how well various aspects of Roman history harmonize with typical themes of extreme metal: a morbid fascination with the extremes of human cruelty and moral depravity, dark dystopian visions of unrestrained power, and, of course, a strong aversion to religion, Christianity especially, and fantasies of its eradication. For this band, all of these elements find expression through a crude prosopography of the most notorious emperors of Rome (the band\u2019s moniker is the ancient Greek word for emperor). Each song centers upon a particular case: Diocletian (1), Commodus (2), Caligula (3), Nero (5), Caracalla (6), Claudius\u2019 wife, the empress Messalina (7), and, curiously enough, Trajan the \u201cOptimus Princeps\u201d (8), to the effect that the album begins and ends with emperors who are admired (Diocletian and Trajan) for persecuting Christians and expanding the Empire, respectively, while in between then are those history tends to revile. The lyrics demonstrate a basic knowledge of Roman imperial history, though only touching upon the most sensational elements, as easily lifted from a basic history textbook as from the pages of Tacitus or Suetonius. \n\nThe music on this album complements the themes perfectly. It is a dark, twisted, and relentless whirlwind of doomy death metal pulsing with industrial rhythms and rough vocals belching filth from the bowels of Hades. The production is everything I could ever want from a death metal record, enveloping the listener in a thick atmosphere while punishing their senses with crunchy riffs and punchy drumming. The band\u2019s basic formula is to alternate chugging with long-sustained power chords from the guitars combined with a regular barrage of double-bass pedals that creates the aural equivalent of a vortex of molten lava swirling at moderate speed. But with the exception of some barrages of blast-beats, this formula is virtually all this band has to offer, with the result that nearly all the songs are interchangeable. Thankfully, the album is short and ends before the monotony really sets in. If you remove the spoken word interlude (Track 4, which is only worth listening to for the novelty of hearing Latin spoken with a French accent), as well as the final track that is essentially a postlude, you\u2019ve got an EP\u2019s worth of material. \n\nDespite these flaws, I imagine this band would impress many in live performance and confidently hope they will develop a more dynamic sound on subsequent albums, preserving the production but changing up the riffs and rhythms more, and perhaps employing a more than cursory perusal of Roman history too.",
                    "date": "August 15th, 2015"
                },
                {
                    "title": "Drone Yourself to Death - 87%",
                    "content": "Sorry about all the death puns. I watch a lot of Metalocalypse. Anyways, remember the climax to Raiders of the Lost Ark? Just put that on loop and it would be a fitting music video to this album. Extreme drone. Two things that shouldn't work together, but do when done right apparently. It's like a pounding headache without the desire to reach for Excedrin. Autokrator have created something truly punishing.\n\nGiven that this is drone, my description will be fairly brief. Tracks are relatively uniform aside from the odd sampled interlude and ambient noise. The vocals are DEVASTATING. The closest comparison I can think of is Primitive Man, but I think Autokrator makes even them look like \u201cCivilized, Well-Dressed Man.\u201d I can't make out 90% of these abominable grunts, but that makes the occasional understanding of lines like \u201cThere's NO MERCY\u201d all the more disturbing.\n\nMeanwhile the unearthly low-end of the drums and bass give Meshuggah a run for their money with syncopated, repetitive riffs clearly designed to cancel brainwaves and turn us into mindless zombies. This is less music and more the shifting of tectonic plates as demons climb through the resulting fiery chasms. Endless blastbeats and aggressively accented snare hits trigger erupting volcanoes and signal the end of days.\n\nSo yeah...how brave are you feeling today? This is extreme metal boiled down to its most savage core. Don't expect anything more than to bob your head and have your senses berated. This is drone for the masochistic psychopath. Bandcamp. Name your price. Hop on the pain train.\n\nReview courtesy of Metal Trenches (metaltrenches.com)",
                    "date": "July 17th, 2015"
                },
                {
                    "title": "Industrial death sausage-machine monotony - 60%",
                    "content": "Autokrator may have formed only very recently (2014) but already they have released their self-titled debut album. Autokrator\" is a heavy and grinding tour through some thick industrial / death metal music territory though if you peruse the lyrics, you discover the band's concerns revolve around the emperors of Ancient Rome and their unlovely and corrupt behaviour. Though the band has a great sound, and there are few like these guys who simply steamroll their way through the album, leaving everyone and everything flattened into tortured schnitzels behind them, the songs themselves are repetitive and monotonous. The album is basically a case of \"hear one song, hear them all\". Rapid-fire tribal-like drumming, tombstone-crushing bass, whistling wind in the background, deep-throated gravel voices: all reduce each and every track into variations on a narrow theme. The only track that is different from the rest is the title piece which is a spoken-word diatribe against a solemn repeating martial drum loop.\n\nAfter that little speech, we're thrown back into the massive concrete sausage-machine grinder and from then on there's simply no pause or detour from the relentless crunch and grind. Thickened lava sound crushes your eardrums and brain cells and leaves them all a pathetic plasma mess. The crushed-gravel vocals roar over the ongoing churn-around while thudding drum beats measure out the devastation. While the musicians might have started out with the best intentions for each and every song, the seismic death industrial style turns the tracks into thick miasmic slurry in which melodies and riffs are hard to find, and lyrics all but buried under layers of hot burning mantle.\n\nI think a big problem with this album is that the songs simply pick on some of the worst Roman rulers and detail their exploits without linking them all under a definite theme about how these leaders contributed to the empire's eventual demise with their bloodthirsty greed, their excesses and their disdain for the people they ruled ... and that's even before the Huns and Goths arrived to deal the Romans the fatal death blow in sacking their capital. If you know nothing of the history of Ancient Rome, or even if you do, you'll find this album very boring.\n\nAutokrator will need to rethink their approach if they're to be a long-term proposition: they have an excellent crushing industrial sound but it's possible that too much of a good thing could sink the whole project.",
                    "date": "June 9th, 2015"
                }
            ],
            "songs": [
                {
                    "name": "Act 1 : The Tenth Persecution",
                    "length": "04:49",
                    "url": "https://www.metal-archives.com/release/ajax-view-lyrics/id/3359179"
                },
                {
                    "name": "Act 2 : Exsuperator",
                    "length": "05:11",
                    "url": "https://www.metal-archives.com/release/ajax-view-lyrics/id/3359180"
                },
                {
                    "name": "Act 3 : The Filth Pig of Rome",
                    "length": "03:12",
                    "url": "https://www.metal-archives.com/release/ajax-view-lyrics/id/3359181"
                },
                {
                    "name": "Act 4 : Autokrator",
                    "length": "03:50",
                    "url": null
                },
                {
                    "name": "Act 5 : Qualis Artifex Pereo",
                    "length": "03:43",
                    "url": "https://www.metal-archives.com/release/ajax-view-lyrics/id/3359183"
                },
                {
                    "name": "Act 6 : Sit Divus, Modo Non Vivus",
                    "length": "04:39",
                    "url": "https://www.metal-archives.com/release/ajax-view-lyrics/id/3359184"
                },
                {
                    "name": "Act 7 : Imperial Whore",
                    "length": "03:52",
                    "url": "https://www.metal-archives.com/release/ajax-view-lyrics/id/3359185"
                },
                {
                    "name": "Act 8 : Optimus Princeps",
                    "length": "04:28",
                    "url": "https://www.metal-archives.com/release/ajax-view-lyrics/id/3359186"
                }
            ],
            "song_names": [
                "Act 1 : The Tenth Persecution",
                "Act 2 : Exsuperator",
                "Act 3 : The Filth Pig of Rome",
                "Act 4 : Autokrator",
                "Act 5 : Qualis Artifex Pereo",
                "Act 6 : Sit Divus, Modo Non Vivus",
                "Act 7 : Imperial Whore",
                "Act 8 : Optimus Princeps"
            ]
        },
        {
            "name": "The Obedience to Authority",
            "type": "Full-length",
            "year": 2016,
            "review_num": 4,
            "review_avg": 75,
            "url": "https://www.metal-archives.com/albums/Autokrator/The_Obedience_to_Authority/569662",
            "reviews_url": "https://www.metal-archives.com/reviews/Autokrator/The_Obedience_to_Authority/569662/",
            "reviews": [
                {
                    "title": "Overcome by a lust for extremity. - 48%",
                    "content": "Is The Obedience to Authority simply an example of an execution that fails an otherwise great concept? With a style this extreme and unrelenting, it's hard to tell where the artistic license begins and ends. If anything rings true regardless, it's that Autokrator sounds amazing at least in concept. Taking the murky \"Lovecraft in a cave\" tab from Portal-- itself a style too extreme for all but the hardiest of ears-- then warping it further with oppressive industrial clatter and dystopian martial themes? Good fuck, where could something like that go wrong? As a general rule I have total respect for artists who take a sound and push it further. With Autokrator, who meant to reinvent a sound that's already considered fairly cutting-edge as is, that respect may have doubled, that is, if they had translated the concept into a coherent sound, with at least a handful of ideas to distinguish between themselves. No dice this time.\n\nAutokrator's thick industrial timbre places them in as close leagues with Godflesh as they are with Portal, but I can't stop being reminded of my experience with the latter as I've digested The Obedience to Authority. The chaotic extremities of Portal were a personal system shock the first time I heard them. It wasn't until the dust settled and novelty wore off that I began to feel like the band's hyperdensity made it all blend together like some amorphous noise blob. One time I overheard a middle-aged Baby Boomer lady say that \"if there's nothing in the music you can't tap your foot to, it probably isn't very nice to listen to.\" In the slight likelihood that the conversation I overheard was actually about said lady debating whether or not she should pre-order Vexovoid on vinyl, then I might agree, at least to an extent. An artist should never feel the need to vary up their sound if they don't want to, but a few coherent, distinct ideas go a long way towards fuelling the chaos that surrounds them.\n\nI didn't mean to prattle about Portal in an Autokrator review, but it felt necessary to put this experience in context. The Obedience to Authority reopened old wounds. While I was eventually able to simply appreciate Portal for the mindwarp that it is, I think Autokrator takes the challenge up a notch. There are definitely riffs on this album, and markings of conscious structure throughout. While a less outlandish band would have had a functional mid-paced death metal album on their hands with this songwriting, Autokrator takes the opportunity to eviscerate the sound with heinously overpowered industrial noise and clatter. At some point in Autokrator's struggle for the highest extremity, the drum machine must have gained sentience and dreamt itself the new F\u00fchrer. Maybe besides for a few well-done ambient breaks, you cannot get away from the oppressive martial thudding of the drums. That combined with the rumbling gutturals (a really strong performance from David Bailey, actually) and it takes strain at any given time to know what the guitars or the songwriting are up to.\n\nThere's no doubt that The Obedience to Authority leaves a strong impression, especially at first. There's no denying the oppressive atmosphere Autokrator succeed in creating here. But with a few design choices overpowering virtually everything else they have to offer, the shock value is quick to wear off. At the same time however, the music was obviously written with this production style in mind. The riffs are surprisingly basic and bland for a project of this ambition, and were probably meant as added texture fodder more than anything else. All of that is fine in concept, and even as power-hungry as the industrial drums are, there's no fatal flaw that means the formula will never work. There are a hundred ways Autokrator could have made a great album from these ideas. The problem is that there were still a million other ways they could fail.\n\nOriginally written for Heathen Harvest Periodical.",
                    "date": "March 8th, 2017"
                },
                {
                    "title": "Throw your genre definitions away - 85%",
                    "content": "Think of a dense forest with blinding atmosphere, hope of a vista and then add to it a generous mix of barbaric assault of vocals, that resulting experience is what Autokrator offers here. Their music has nothing to do with generic labelling, I could call them a cross between Portal's eeriness, Godflesh's vision for the drums and absolutely gutter-deep vocals. I wouldn't necessarily point out a single aspect of the music here, it seems the vision for the sound has been clearly understood and delivered to the dot. This isn't an easy listen at all, it however is an absolutely immersive slab of metal, it slowly eases you into the enveloping environment that it builds and pulls you down into it. \n\nThe approach is relentless, the programming leaves absolutely no space to sit down and ponder, it's probably the best part of the entire sound. I like the riffs, I like how they're not the centre of everything that's going on, they're relevant but they strictly do their job in building up the wall of sound. I could throw in words like industrial and old school'ish vocals but they don't do quite justice, the band expects you to dwell within the depths of their vision and I must say they've paved a pretty good path for us to simply fall in line. I hate releases with a generic standalone rhythm section with everything building upon it to offer no space and room but for the leads, that isn't the problem here. The only issue I see here is I sense a certain boundary the band mentally drew for their music, because they could've easily twisted this further to the dirt beneath to accentuate the message, it is essentially a soundtrack to a dominating invasion and an effective one at that. \n\nAt the end of it, I may not be able to zero in on one track but I absolutely remember the phenomenal parts that stand out like a monolith amongst others and I am pretty impressed by how it all is put together. The straight forward approach to putting this in perspective is an industrial edge of madness that seeks to consume your sanity in inches that Autokrator manages to absolutely understand and deliver. This neither is your regular death metal nor is it a mind-bending take on the beloved genre, it's just a multi dimensional view into a culmination of death, industrial and a doomy overtone of raw hate.",
                    "date": "June 15th, 2016"
                },
                {
                    "title": "Hell the Sequel - 80%",
                    "content": "I freaking loved Autokrator's last album. Never before have the worlds of death metal and drone collided so fully, so comprehensively, and so successfully. Autokrator don't make death and drone...they make deathdrone. It's a melting pot of destructive forces that sound like mother earth groaning under the shifting of her plates. It's meditation for serial killers. So imagine my pleasure at not only receiving the usual promo email, but also receiving a message directly from the musician asking us to review the follow-up. How could I say no?\n\nWell, if you share my pleasure for the industrial sounds of hell, prepare for more of the same. If it ain't broke, after all... The Obedience to Authority is yet another chapter in the saga of overbearing sonic domination. Prepare your senses to be berated by the sounds steel against steel, bone against bone, and blood being spilled. Distortion is an ever-present, berating crunch over harsh blasts of drums and menacing growls.\n\nAnd yet for all of the loudness and violence, there is still something disturbingly soothing about it all. For those who know about the idea of regulation, our brains are rewarded and calmed by things that are patterned, rhythmic, and repetitive. And such is the genius of Autokrator: soundscapes can be oppressive as hell, but as long as they check off all 3 of those boxes, you're left in a strange state of comfort. I imagine this is what brainwashing sounds like.\n\nSo once again, Autokrator have done something interesting with two incredibly disparate genres. While there is something a bit sparser in the production and volume since the last release, The Obedience to Authority still holds up to its name quite well. Were I to pick one over the other, I must still say the impact of Autokrator has left too much of a lasting impression to be knocked out. Even so, I look forward to spending more time with the follow-up and having more ammunition with which to drone myself to death.\n\nReview courtesy of MetalTrenches.com",
                    "date": "April 24th, 2016"
                },
                {
                    "title": "The Subservient Nature of Mankind - 86%",
                    "content": "France\u2019s Autokrator made their debut in 2014 with their eponymously titled full length, which was a crushing behemoth of battering and crawling death metal filtered through layers of industrialized noise and drone. The band returns with their sophomore effort, The Obedience to Authority, which dropped in the spring of 2016 through Godz ov War Productions and Krucyator Productions as a limited CD release. For this album the band switched their focus from the emperors of ancient Rome to human kind\u2019s inclination to obey authority.\n\nWhile Autokrator unleashed the debut as a five piece, their second devotional was performed as a duo, with Lo\u00efc.F performing all instruments and programming and David Bailey delivering the unearthly, gravel-laden bellows that serve as vocals.Much like it\u2019s predecessor, The Obedience to Authority is a crushing, no holds barred blend of caustic death metal, industrial and droning doom. Despite this switch, the music is just as punishing, offering very little respite through the thirty-six minute run time. Walls of rhythmic bass and inhuman blasts roar in the background while a cacophony of raging riffs create a writhing din and industrial samples flit through the air like embers from a roaring fire.\n\nThe most basic description to give for Autokrator\u2019s sound is heavily industrialized, slow moving death metal. Despite the fact that things proceed at a snail\u2019s pace, the drums offer nonstop blasts and frenetic fills. The bass is deep and monolithic; the guitars are unyielding in their crushing march; and the deep, burgeoning vocals are the stuff of nightmares. Sure, there are moments where the extreme metal pauses to allow for unabashed industrial drone, but you\u2019d be sadly mistaken to think of this as respite. It should suffice to say that listening to the album is an ordeal, yet it\u2019s supremely satisfying in its tenaciousness.\n\nThe Obedience to Authority exists to snuff out all of your hopes and dreams; allowing a glimpse into the subservient nature of humankind. This is an absolutely crushing album, offering pummeling death metal wrapped in a layer of industrialized drone. Not for the faint of heart, Autokrator\u2019s sound could exists on the same plane as \u00c6vangelist or Portal, yet with the added dissonance of industrial noise and droning ambiance. This is likely to be the heaviest and most crushing album of the year.\n\nWritten for The Metal Observer.",
                    "date": "April 20th, 2016"
                }
            ],
            "songs": [
                {
                    "name": "Chapter I",
                    "length": "03:49",
                    "url": "https://www.metal-archives.com/release/ajax-view-lyrics/id/3837083"
                },
                {
                    "name": "Chapter II",
                    "length": "04:43",
                    "url": "https://www.metal-archives.com/release/ajax-view-lyrics/id/3837084"
                },
                {
                    "name": "Chapter III",
                    "length": "02:24",
                    "url": "https://www.metal-archives.com/release/ajax-view-lyrics/id/3837085"
                },
                {
                    "name": "Chapter IV",
                    "length": "04:20",
                    "url": "https://www.metal-archives.com/release/ajax-view-lyrics/id/3837086"
                },
                {
                    "name": "Chapter V",
                    "length": "05:22",
                    "url": "https://www.metal-archives.com/release/ajax-view-lyrics/id/3837087"
                },
                {
                    "name": "Chapter VI",
                    "length": "03:27",
                    "url": "https://www.metal-archives.com/release/ajax-view-lyrics/id/3837088"
                },
                {
                    "name": "Chapter VII",
                    "length": "06:16",
                    "url": "https://www.metal-archives.com/release/ajax-view-lyrics/id/3837089"
                },
                {
                    "name": "Chapter VIII",
                    "length": "06:02",
                    "url": "https://www.metal-archives.com/release/ajax-view-lyrics/id/3837090"
                }
            ],
            "song_names": [
                "Chapter I",
                "Chapter II",
                "Chapter III",
                "Chapter IV",
                "Chapter V",
                "Chapter VI",
                "Chapter VII",
                "Chapter VIII"
            ]
        },
        {
            "name": "Hammer of the Heretics",
            "type": "Full-length",
            "year": 2018,
            "review_num": 3,
            "review_avg": 90,
            "url": "https://www.metal-archives.com/albums/Autokrator/Hammer_of_the_Heretics/696385",
            "reviews_url": "https://www.metal-archives.com/reviews/Autokrator/Hammer_of_the_Heretics/696385/",
            "reviews": [
                {
                    "title": "Autokrator - Hammer of the Heretics - 94%",
                    "content": "Hailing from France Autokrator have become quite a household name among fans of the extreme metal genre within the past few years and they try their best to further build on that reputation by churning out full length number three within the timeframe of four years. Just by starring at the cover it becomes immediately obvious that this record does not contain light music for sunny days but some dark and hefty stuff. Band leader Loic is not only playing guitars and bass here but is also running the well-respected label Krucyator (also releasing this album) and anyone familiar with the back catalogue of said label is going to recognize a lot of the trademarks established by their releases.\n\nDeath metal has moved in many different directions since its heyday in the early nineties. But regardless of what new and various sonic directions it runs headlong into, at its core it remains a subgenre obsessed with brutality. Autokrator tap into that spirit in significant and effective ways with \u201cHammer of the Heretics\u201d, creating one of the most focused, invigorating, and punishing death metal releases of the past few years. They mainly follow the Incantation school of music enhanced by some blackish touches and an extra portion of angriness resulting in a hellish piece of art. The industrial undertone is still present but to my ears this detail becomes more subtle with each subsequent release.\n\nThe guitar work is switching between stoic and brooding parts and faster and more aggressive sections. There is a certain melodic factor in the music but not so much at the surface but subtly woven into the overall sound. There are a lot of slower pieces where the slightly melancholic guitar sound helps creating an eerie and depressing atmosphere. This is dark and moody music and while I am not talking about anything like ambient death metal \u201cHammer of the Heretics\u201d might not be the best fit for anyone looking for some catchy and fun music. However, some of the harmonies and haunting melodies are outstanding and will stick with the listener after having heard them a few times.\n\nWith tradeoffs between chugging rhythms and high-end tremolo, slowed down tribal drums and breakneck blast beats, everything embedded in sinister and haunting soundscapes, the whole album builds to a nauseating expulsion of raw energy, before dissipating in another cloud of buzzing flies. And throughout all this chaos, the production is never muddied, never too busy, always unflinching in capturing the relentless assaults on display. On top of that the desperate and brutal vocal delivery by singer David will make sure to give you a nightmarish experience that should not be missed. I got the standard jewel case edition which is not listed here but has recently been added having a slightly (but equally disturbing) cover.",
                    "date": "June 13th, 2019"
                },
                {
                    "title": "Death metal proving no gimmicks still works. - 89%",
                    "content": "This is an album that took awhile to tweak that perfect eq, much like Ruins of Beverast's release last year. And like that album, I took the time because I knew there was gold waiting to be uncovered. With that said, be wary of the format/speaker system used because it very easily could sound like a wall of fuzz with clear drums. As mentioned in the title of this review, don't expect flashy gimmicks or a niche beaten to death. This is crushing death metal where they still have an identity.\n\nLike mentioned above, the drums are clear. This is fortunate because there is so much attitude and panache that you'd be remiss to let it slip by. There are more than a few where the drummer gets to relish in his time in the sun. They never overstep their boundary nor get too flashy at the wrong point. It's as if he perfectly knows his place yet also realizes when he needs to make a statement. See the last tracks \"breakdown\" halfway through the song (not a breakdown in any sort of core way. It's very tasteful and classic). Pay special attention the his right hand on the crash ball. That's where the attitude comes into play. The vocals are traditional death metal fare but just unique enough to catch your attention here and there, which is more than can be said for many bands. There's a handful of sections where the rhymes are very noticeable and I applaud that in death metal. Speaking on the \"fuzz wall\" mentioned earlier, I must say the guitars we're hard to really sink my teeth into. The tones were unmistakable, and that might be enough, but I know there's more than what meets the ear. There's not much riffage, but more elongated chords and just enough tremolo picking. I will do more research.\n\nThe song writing is quite the work. The interaction between the drums and guitars is very enjoyable which leads to memorable sections where they both resemble a similar path diverted from the core song. There's some fun play between the percussion and strings, like on the final track. The songs are hefty I length, though not ambient black metal in length. Really there's 4 tracks,due to the third track being an odd interlude. One last note, I bought this physical CD off Bandcamp and it came in what resembles a DVD digipak! It's the first I've seen of this, which is cool, but man it's hard to fit on my music shelf. Be wary of the possibility of needing to add it to your film shelf.\n\nFavorite Tracks:\n--Inquisitio-Denunciatio-Exceptio\n--Le Sang Impur\n\n*I only put two tracks due to the fact that there's 4 real songs on the album so listing 3 would make it 75% of the songs. That just seems wrong.\n\nMusician skill: 86% Originality: 89% Production: 78% Song writing: 90% Personal enjoyment: 93%",
                    "date": "May 5th, 2018"
                },
                {
                    "title": "Writhing; Congealed; Ponderous - 86%",
                    "content": "Formed in 2014, and already leaving a sizable amount of past members in their wake, Autokrator dropped their third full length album, Hammer of the Heretics, in April 2018. Like the rest of the band\u2019s back catalog, the newest installment is a lesson in punishing extremity. While the band started as some type of droning death/doom metal hybrid on their self-titled debut, over the course of their short career, they\u2019ve morphed into one of the most harrowing and unrelenting forces in death metal.\n\nHammer of Heretics boasts five tracks; well, four plus and interlude, across thirty-four minutes. There is little downtime during the album\u2019s playtime, focusing on an assault on the senses via a barrage of heavy handed riffs, decrepit, gravel-laden growls, and a drum performance that makes frenetic blasting seem tame. Honestly, Autokrator has had some seriously heavy works in the past, but Hammer of the Heretics is their most heavy, by far. Everything about this album exists to drag you down; pull you under the crushing weight of its twisted heaviness as waves of thundering, slow moving death metal crash against your skull. In spite of the perturbing weight, the music contains a remarkable flow, moving from trudging battery to enveloping claustrophobia with ease.\n\nThe thick, ponderously moving bass lines congeal with the bass drum, causing a deep sluice of sound that serves as a constant, swirling presence that is felt just as much as heard. The destructive riffing patterns often merge with this sound, creating a maelstrom of punishment that only random cymbal fills and the deep, cavernous vocals emerge from. When not coalescing with the low end, the riffing focuses on a barrage of slow moving thunder and preciously balanced tremolo riffing. Guest drummer, K\u00e9vin Paradi, does a fantastic job matching the band\u2019s serpentine writing, with a near constant double bass cycle and some really ear catching rhythms on the cymbals.\n\nHammer of the Heretics is not an easily accessible album: it\u2019s immensely dense and punishing. That being said, main songwriter LF has a knack for crafting songs that are incredibly listenable in spite of the volatile nature of the music. This album shows a band establishing their grasp on a genre that\u2019s being overridden with technical fluff and lo-fi theatrics. It\u2019s a lesson that shows not only does terrifying heaviness not have to suffer shitty production or boast wanky flair, but it\u2019s strikingly better and more destructive without either.\n\nWritten for The Metal Observer.",
                    "date": "April 11th, 2018"
                }
            ],
            "songs": [
                {
                    "name": "Against Flesh and Blood",
                    "length": "06:09",
                    "url": "https://www.metal-archives.com/release/ajax-view-lyrics/id/4489287"
                },
                {
                    "name": "Le sang impur",
                    "length": "09:34",
                    "url": "https://www.metal-archives.com/release/ajax-view-lyrics/id/4489288"
                },
                {
                    "name": "Interlude",
                    "length": "03:12",
                    "url": "https://www.metal-archives.com/release/ajax-view-lyrics/id/4489289"
                },
                {
                    "name": "Hammer of the Heretics",
                    "length": "08:31",
                    "url": "https://www.metal-archives.com/release/ajax-view-lyrics/id/4489290"
                },
                {
                    "name": "Inquisitio-Denunciatio-Exceptio",
                    "length": "06:39",
                    "url": "https://www.metal-archives.com/release/ajax-view-lyrics/id/4489291"
                }
            ],
            "song_names": [
                "Against Flesh and Blood",
                "Le sang impur",
                "Interlude",
                "Hammer of the Heretics",
                "Inquisitio-Denunciatio-Exceptio"
            ]
        }
    ],
    "album_names": [
        "Autokrator",
        "The Obedience to Authority",
        "Hammer of the Heretics"
    ],
    "info": {
        "Country of origin": "France",
        "Location": "Paris, \u00cele-de-France (early); Montpellier, Occitanie (later)",
        "Status": "Active",
        "Formed in": "2014",
        "Genre": "Death/Drone/Doom Metal (early), Death/Black Metal (later)",
        "Lyrical themes": "Oppression, History",
        "Current label": "Krucyator Productions",
        "Years active": "\n2014-present "
    }
}