{
    "name": "Azrael",
    "id": "13835",
    "url": "https://www.metal-archives.com/bands/Azrael/13835",
    "albums": [
        {
            "name": "Into Shadows Act I: Denial",
            "type": "Full-length",
            "year": 2003,
            "review_num": 3,
            "review_avg": 59,
            "url": "https://www.metal-archives.com/albums/Azrael/Into_Shadows_Act_I%3A_Denial/30425",
            "reviews_url": "https://www.metal-archives.com/reviews/Azrael/Into_Shadows_Act_I%3A_Denial/30425/",
            "reviews": [
                {
                    "title": "The Unthinking Linearity of Unseen Emptiness - 33%",
                    "content": "Azrael is one of an increasing number of bands to fall under the somewhat vague classification of \"Avante-Garde Black Metal.\" I suppose that it's a reasonable enough classification in this case-- there is a decidedly eccentric quality to Azrael's brand of despondent sonic darkness...or perhaps I should say \"dimness.\" For you see, for all of the authenticity and professionalism of the record, this group of musicians has forgotten to include or is severely lacking in the single most important aspect of making music--songwriting. There is no reason to this rhyme, and yet there is no compensating madness to the method, either.\n\nMake no mistake--there is comparatively little technically wrong with Azrael in execution. Nor does the band even begin to suffer from that dreaded malady so phobically feared by contemporary listeners--overorthodoxy in approach--this is assuredly a collective with its share of novel ideas. A string-reliant band, the lone electric guitar is supplemented by steel-string guitar and electric contrabass, in addition to the usual percussion and bass. The caustic electric carves out simple, mostly high-speed riffs most reminiscent of the piquant French melodic tradition. This fairly simple stream of sound serves a primarily rhythmic role--most of the embellishment here is done with either the contrabass--which reminds somewhat of the supramagnified and slowed sound of a hornet in a wind tunnel, and usually fills a place where other bands might feasibly use synth--or the steel stringer, which occasionally looses what might be called a \"lead\", for lack of a better term. This particular instrument is also used to play the few acoustic passages, and its slightly echoing tones grant said passages a subtle air of malice often absent from classically-inspired acoustic pieces in metal. Balancing off these potentially interesting elements is the careless implementation of the percussion and vocals. Drums are very flat, very loud, and very high in the mix--an especially unfortunate and incredibly distracting combination in this type of music. If I didn't know any better, I would assume that all of the drums are lackadaisically programmed solely for decorum by someone with little or no knowledge of (let alone interest in) percussive nuance....but this is not the case. The drums are, in fact, all performed \"live\" by a human being. This fact makes the bland, perfectly monotonous percussion strangely impressive in its own right--I would not have thought that a sentient being could deliver such a uniform, unerring, and mechanical performance. The vocals are equally distracting; while not inordinately poor per se--they are a fairly standard \"whisperscream\"--there are simply too damn many of them to fit the relatively simple molds of the \"songs.\" They do not follow whatever lone melody happens to be on display at any given moment; rather, they drone on above and wholly apart from the instruments, the slightly elongated consonants ultimately dissolving ineffectually into the quasi-requisite BM fuzz. Ah, yes. The fuzz. Rather than recording it along with the instrumentation, it sounds as though Azrael has opted to apply the fuzz after the fact to the recording as a whole--a fairly novel but ultimately irritating effect that robs the stars of the show--the strings--of some of extra bite that they almost certainly would've had otherwise.\n\nBut, as mentioned earlier, the primary failing of this duo is in songcraft. As my predecessor has noted, the \"songs\" (it's really not a very appropriate term) tend to be somewhat lengthy. But this length is used to no real effect, as the songs are all completely devoid of any narrative, cinematic, epic, or otherwise engrossing qualities. There is no progression--logical OR illogical--in these \"songs.\" A simple melody, perhaps accompanied by a tenuously related lead-pattern and occasionally counterpointed by some brief, ornamental eloquation from the contrabass plays for two to four minutes; then another, similar, and yet wholly unrelated passage plays for another two to four minutes; then another. Only rarely, if ever, is any one melody, idea, or theme reprised or sustained within a song--there is no subtle nuance, ala Darkthrone; no hypnotic mind-meld, ala Burzum; in these pseudosongs. Repeat five times, and you have quite an accurate sense of the album. In effect, this is actually an album comprised of 30 or so short, unconnected songs, as opposed to seven larger ones. The only respite from the torturous, pointless linearity are the acoustic intro and the contrabass/acoustic/vocal interlude, \"Darkness Binds Us All.\"\n\nFor all of its novel qualities, there is very, very little to stimulate the imagination here. Indeed, even the reptilian brain will be hard pressed to find something to fixate on. While Azrael has succeeded in creating a blanket of darkness to envelope the listener, it is not the darkness of the forgotten tomb of a once great personage fallen from grace; not that of a nighted sylvan expanse; nor that of the mortal mind turned inward upon itself in ominous rumination. It is the board-walled darkness of a mass-produced condominium in a failed project, sealed off and abandoned; never knowing any footfalls or contemplations aside from those of the cockroaches and assorted rodents, with their small concerns of \"eat-shit-fuck-repeat.\" Nothing more. \"Emptiness\", indeed.\n\nStandouts: Intro; Darkness Binds Us All",
                    "date": "April 16th, 2009"
                },
                {
                    "title": "thought provoking and unique black metal - 75%",
                    "content": "I am a huge fan of acts 3 and 4, and also act 2, so I wasnt sure what this one would sound like. Azrael definitely progresses with each release and this album is more of a feeling out process it seems like. The productions is pretty thin, but the atmosphere is very dark especially with the excellent acoustic and contra bass parts. The songwriting is a bit rough, some of the songs seem to go on a bit long, but for the most part the song are pretty solid. The guitar is very thin, as are the drums, so it makes it hard to get into this album on the first listen. After I listened to it about 3 times through I started to hear the songs a a whole much easier. This material is well worth the effort of getting used to, and I still hear something new everytime I listen to it. \n\nOverall the album is very solid mid to fast paced atmospheric black metal, but I definitly favor the later albums as it seems Azrael were still searching for their sound with this one. I would probably reccomend buying this album after already hearing the newer albums, it will make you understand the progression of the msic much easier. Excellent and intelligent, this is a very solid debut album by a very solid black metal band.",
                    "date": "May 26th, 2007"
                },
                {
                    "title": "Quality Black Metal - 70%",
                    "content": "With Moribund Records hosting such other respected and quality black metal bands as Summon, Arghsolent, Wind of the Black Mountains, Grand Belial\u2019s Key, and Windham Hell, I kind of had an idea of the quality to expect from US black metal band Azrael on their sophomore album, INTO SHADOWS: ACT I: DENIAL. \n\nAzrael\u2019s sound is hard to describe. \u201cMoody Black Metal\u201d is the term that first comes to mind for this mix of death and doom metal.\n\nA four-minute acoustic intro establishes the mood (a lot like something off Agalloch\u2019s THE MANTLE) until \u201cDawn of Abysmal Crypts\u201d delivers nearly nine minutes of black metal. This track moves through a variety of time and style changes, from melancholic, tortured atmospheric doom passages to faster passages with raw, twisting leads. The end result is something (yeah, taking a risk here in comparing bands) that could be influenced by Immortal, Agalloch, early Burzum, Moonblood, Darkthrone, and Countess. Really, Azrael is a band that is hard to describe and is best experienced firsthand. With the exception of the intro, and the interlude \u201cDarkness Binds Us All,\u201d the album is packed with ponderous songs closing in at 9 minutes (and 3 of them longer than 10 minutes), although none of the compositions on this album feels overly long. Rather, the alternation of bare, raw metal and heavily shrouded atmospheric doom, as well as the change-ups like the thrashy break in the closing minutes of \u201cInto Shadows,\u201d or the simple, biting melodic lead throughout \u201cShroud of Icy Stillness.\u201d \n\nThe production on INTO SHADOWS leans towards the raw side of the spectrum, but I would not consider this album underproduced at all. The guitar tones are as crisp and audible as possible without disturbing the atmospheric balance of the album, and each riff is distinct. That is to say this album is not sloppy, poorly produced, nor amateurish. The only fault I have is that the drums sound a bit thin in several places and would do well to have a more robust sound. \n\nI\u2019m sure that I\u2019m missing something about this album because I do not own a decent pair of headphones, but I\u2019m certain that such an undertaking is necessary to fully appreciate this disc. Even without that experience, it\u2019s safe to say that Moribund Cult keeps up their excellent track record with INTO SHADOWS ACT I: DENIAL. Definitely recommended for black metallers.",
                    "date": "May 21st, 2004"
                }
            ],
            "songs": [
                {
                    "name": "Intro",
                    "length": "04:21",
                    "url": "https://www.metal-archives.com/release/ajax-view-lyrics/id/236048"
                },
                {
                    "name": "Dominion of Abysmal Crypts",
                    "length": "08:41",
                    "url": "https://www.metal-archives.com/release/ajax-view-lyrics/id/236049"
                },
                {
                    "name": "Into Shadows",
                    "length": "10:27",
                    "url": "https://www.metal-archives.com/release/ajax-view-lyrics/id/236050"
                },
                {
                    "name": "Holiness Embodiment",
                    "length": "08:49",
                    "url": "https://www.metal-archives.com/release/ajax-view-lyrics/id/236051"
                },
                {
                    "name": "Darkness Binds Us All",
                    "length": "03:10",
                    "url": "https://www.metal-archives.com/release/ajax-view-lyrics/id/236052"
                },
                {
                    "name": "Shround of Icy Stillness",
                    "length": "10:02",
                    "url": "https://www.metal-archives.com/release/ajax-view-lyrics/id/236053"
                },
                {
                    "name": "Unseen Emptiness",
                    "length": "12:38",
                    "url": "https://www.metal-archives.com/release/ajax-view-lyrics/id/236054"
                }
            ],
            "song_names": [
                "Intro",
                "Dominion of Abysmal Crypts",
                "Into Shadows",
                "Holiness Embodiment",
                "Darkness Binds Us All",
                "Shround of Icy Stillness",
                "Unseen Emptiness"
            ]
        },
        {
            "name": "Into Shadows Act II: Through Horned Shadows Glimpse",
            "type": "Full-length",
            "year": 2004,
            "review_num": 5,
            "review_avg": 66,
            "url": "https://www.metal-archives.com/albums/Azrael/Into_Shadows_Act_II%3A_Through_Horned_Shadows_Glimpse/40437",
            "reviews_url": "https://www.metal-archives.com/reviews/Azrael/Into_Shadows_Act_II%3A_Through_Horned_Shadows_Glimpse/40437/",
            "reviews": [
                {
                    "title": "Dimly lit mood metal - 70%",
                    "content": "Moribund records has been releasing a lot of black metal along the lines of this album recently - extremely droning and repetitious, thinly produced, dynamically flat, almost like noticeable changes or memorable moments were avoided in favor of setting a mood. It's totally monotonous, but at least for a couple tracks I actually kind of like the haunting, atmospheric smear that is this album. There's a very intuitive feel about all of it, like it was constructed in some state of sleep deprivation or inebriation. The musicians seem to be in a kind of trance, and they manage to draw me into it as well. If nothing else, the playing sounds honest to me.\n\nI must say, this band's marketing as 'avant-garde black metal' is absurd, and I'm glad I wasn't expecting that when I first heard them. These are old school BM riffs of the midpaced variety, both in rhythm and melodic content, even if the melodies are often quite good and effectively mournful, and more creatively harmonized and complex than a lot of bands out there. Nothing about them really changes when the distorted is turned on and off... there are only two settings. The few other elements in the mix (string synths, barely audible bass) are certainly standard fare, as well. All that really sets this band apart are their song lengths, which are often in excess of 10 minutes, a fact that may be misleading. These tracks do not progress in any noticeable manner during their running times. Instead, the extra time is used for more repetitions of the same riffs, which, when coupled with the rough and rigid, relentlessly plodding drum machine, actually enhances the stoned, zone-out state this album can produce. I would refer to this music as an especially minimalist, atmospheric take on the original black metal sound... which was already both of those things.\n\nThe vocals sound like someone being tortured in the next room over - pained, yes, but mostly unrelated to the music and rather distracting. The most coherent parts are quite generic black metal vox, and are pushed to the background. I do think some kind of vocal was needed. There is a pretty nice hollow, windy howl that crops up now and then, but the performance is not consistent. See Silencer's \"Death - Pierce Me\" for a lesson in how vocals can be used to truly disturbing effect on an album with this sort of mood.\n\nIt's kind of strange listening to an album with so little tension... Chord progressions that would be ominous, if played by a band with some dynamics or ability to surprise, just sort of lay there on \"Into Shadows Act II\". In the end, though, it's that quality that I'm going to remember about this album/band. In many respects they fall short, but Azrael have managed to communicate a feeling to me with this album. Time, I suppose, will tell how much replay value something like this has. 3 stars.",
                    "date": "October 27th, 2010"
                },
                {
                    "title": "I\u2019m Struggling to Get it\u2026 - 62%",
                    "content": "Both Moribund Records and Azrael the band want you to believe this is a progressive piece of work. I\u2019m not getting it (and I bet Moribund doesn\u2019t really believe it either, but albums must be promoted). Please keep in mind I know and love progressive music. For instance I own five Gentile Giant albums and it doesn\u2019t get much more progressive than that. This however is half baked riffs, playing and arrangements in a 71 minute, uber kvlt no song title package, begging you to think it\u2019s something new or avant-garde. \n\nSince I love raw and dark black metal, neither the stark production, sterile drum sound, samey vocals, and tinny guitars bother me in the least bit. There are also many who believe progressive must equal musical complexity & perfection. I disagree, so the errors in notes and riffing that occasionally pop up don\u2019t bother me either. What bothers me is I struggle and struggle each time I listen to this to find something interesting, catchy, emotional, heavy, dark and most importantly memorable in this piece of work. \n\nThere are a few brief moments of interesting ideas. I find the non black metal track in location number three to be very eerie and ominous. However moments like these are few and far between. Too often shrieking vocals are placed over blasting drums and tremolo picked guitar lines. The guitar riffs themselves are often boring single note patterns that have no lasting melodic appeal and are so mundane that one can come up similar ideas in about 2 seconds. Since four of the seven tracks are well over 10 minutes, boredom will set in really fast. \n\nOften music that is so ahead of its time isn\u2019t appreciated by those in a scene at the time of its release. I have certainly dismissed albums only to revisit years later and wonder what I was thinking (and vice versa). I don\u2019t believe for a second that anyone will care or view this work as something progressive when looked back upon. I think this is a boring, meandering and uninteresting piece of work. But I could be wrong, so check back in 10 years.",
                    "date": "February 3rd, 2008"
                },
                {
                    "title": "a glimpse of the future of black metal - 90%",
                    "content": "Into Shadows act II is truly an album that takes black metal to another realm.\nI heard this album after the self...goat album, so I could clearly hear how the later tracks on this album were precursors for the new album. The production is pretty thin, and the only drawback to this release. Although you can hear all the instruments clearly, it lacks overall heaviness and thickness, especially in the electric guitars and the drums(which are probably a drum maching). The songwriting varies quite a bit on this release. The early tracks are very similar to act 1 in the more traditional black metal vein, but you can hear hints of the modern Azrael sound seeping through with the use of heavy acoustics and abstract compositions. The middle track is a solo bass peice that sounds like a horror fillm soundtrack, a very good one at that. The last 3 tracks are were Azrael begins to find their sound a bit, and the songwriting becomes much more streamlined and polished. The 6th track(none of songs have names) is probably the best on the record, it starts out with a mid paced almost doomy atmosphere and goes to a great acoustic breakdown before kicking into some excellent epic black metal to finish things off. \n\nI would recommend this album to fans of experimental and atmospheric black metals. Fans of traditional raw black metal, will probably not like this album very much, but thats not to take away form the music at all. This album is a strong sign of great things to come.",
                    "date": "May 26th, 2007"
                },
                {
                    "title": "Could be good, could be bad; depends on the person - 85%",
                    "content": "Production: Actually, pretty good. The drums are tuned in a way that promotes a Godzilla like dominance; the microphones must have been set up just right to capture the giant drum sound presented on this disc(or maybe they just used a drum machine and a computer to enhance the sound, who knows). Guitar tones here are obviously influenced by early Burzum; recorded here in an almost identical way to said influence. Vocals are in typical black metal style; nothing innovative, but not the focus either. The bass track is interesting though; my assumption is that a fretless is used to achieve the unique sound. Also present is the use of keyboards; but used in such a subtle way that it cleverly adds texture without becoming the focus.\n\n\n\nAt first the listener may be unsure what to think of Azrael; especially if this is their first experience. With this album having no track names, no band photos, no info at all really, one may wonder a couple of things: \n\nIs this band trying too hard to \"out underground\" their contemporaries with an almost pretentious like approach, or -\n\nAre they possibly just too much of a smart ass for their own good(the stupid belching at the beginning for example), or -\n\nIs this a legitimate attempt at creating something genuine?\n\nWhat Azrael's strength is though, is a unique understanding of how to use the medium of black metal to create a purely aesthetic creation; ice cold, at times paranoid, emotion. This listening experience is so intriguing that one finds themselves drawn back for repeated analysis despite the (possible) initial turnoff.\n\nAfter getting caught up in the emotional journey this album leads, the listener, perhaps unconsciously, separates the art from the artist; then only caring about what aesthetic provocation this music brings. Track number three, for example, is a pure ambient piece, accomplishing through the use of odd instrumentation the paranoia mentioned above.\n\nThe end result here is the possibility of the whole package coming full circle; with the listening experience becoming so personal, one ends up not caring(or wanting) the tracks to have names, the booklet to have liner notes, etc., for those may take away from the overall aesthetic.\n\nMaybe these recluses are too smart for their own good, knowing in advance what kind of journey the listener will partake in. Then again, my intuition tells me not give these guys too much credit. \n\nMusic, when done correctly, can take the illusion of conventional and accepted generalities and shred them, putting a person face to face with reality itself. It can provoke intuition in the direction of knowledge where science can only stumble upon by accident. Albums like this attempt to bring the listener to these truths, and despite it's turn offs, the music itself does deliver.",
                    "date": "January 13th, 2006"
                },
                {
                    "title": "Try to sell and the razor will greet your flesh! - 25%",
                    "content": "That\u2019s what the text on my promo copy reads, and it\u2019s honestly the most intelligent thing I can find about Azrael. Of course, at first it seems possible to withstand, but as soon as he (Lord Samaiza) to growl, everything that previously was\u2026 well, it\u2019s ruined. His growls are of the cookie-monster style, but mixed in a way so that you only hear someone with severe stomachaches. Oh well, he burps from time to time too.\n\nAt the same moment as his shitty vocals reaches us, the black, or at least the metal music starts playing. Before there was some awkward intro that needs no more consideration. Problem is though, the black metal that\u2019s approaching is no improvement in any way. All right \u2013 at a few occasions there are some quite interesting riffs and keyboards \u2013 I\u2019ll give you that. At times there are even some distorted heavy metal solos. Except for a riff or two, and the decent production (it\u2019s rather clear, but far from grim or raw, more warm than anything else) they are pretty much what\u2019s good about this album. Something that happens a lot more often than the decent elements are that the drums turn shitty. I can take a static rhythm or two, but this exaggerated use of the high-hat, sometimes in conjunction with the static rhythm really puts me off. \n\nThis is just way too unstructured, haphazard and bad. Too bad it\u2019s long too. This mindless mix does nothing but disturbs. I\u2019m of the view that if you want to do raw black metal, it\u2019s fine. Melodic bm? No problem. Some grim clich\u00e9 metal of utter frost would work to. But you must not record three albums, one of each aforementioned style and then mix them onto each other. Avant-garde means before the weapon, and apparently no one had time to shoot the Azrael members before they published this. Seriously though, this may be infinitely original, but even so avant-garde shouldn\u2019t be any excuse for sucking. Also, I hope the Azrael way will turn out to be a dead end that no one follows.",
                    "date": "June 21st, 2005"
                }
            ],
            "songs": [
                {
                    "name": "Untitled",
                    "length": "12:38",
                    "url": null
                },
                {
                    "name": "Untitled",
                    "length": "13:43",
                    "url": null
                },
                {
                    "name": "Untitled",
                    "length": "06:35",
                    "url": null
                },
                {
                    "name": "Untitled",
                    "length": "08:26",
                    "url": null
                },
                {
                    "name": "Untitled",
                    "length": "11:02",
                    "url": null
                },
                {
                    "name": "Untitled",
                    "length": "12:44",
                    "url": null
                },
                {
                    "name": "Untitled",
                    "length": "06:38",
                    "url": null
                }
            ],
            "song_names": [
                "Untitled",
                "Untitled",
                "Untitled",
                "Untitled",
                "Untitled",
                "Untitled",
                "Untitled"
            ]
        },
        {
            "name": "Act III: Self + Act IV: Goat",
            "type": "Full-length",
            "year": 2007,
            "review_num": 4,
            "review_avg": 74,
            "url": "https://www.metal-archives.com/albums/Azrael/Act_III%3A_Self_%2B_Act_IV%3A_Goat/141955",
            "reviews_url": "https://www.metal-archives.com/reviews/Azrael/Act_III%3A_Self_%2B_Act_IV%3A_Goat/141955/",
            "reviews": [
                {
                    "title": "Psychedelic Black Metal ? - 88%",
                    "content": "This album caught me by surprise, for more than one reason. First of all it doesn't sound like the usual black metal out there, so for fans of the true genre, look away. What we have here is a delicate mixture of psychedelic music versus black metal. And I don't mean psychedelic in the old way (70's), I mean the trippy kind. For fans of the genre they might find their style similar to Monkey3, Kong, Ozric Tentacles or Taipuva Luotisuora. Although these bands all play rock music, Azrael has managed to fuse 2 highly unrelated styles together resulting in the similarity in sound with those artists.\n\nThe songs are mostly quite mellow and they build up slowly, but never explode. It's the black atmosphere which is drenched through the repeating and evolving guitar riffs. It is however a bit hard to swallow, even for fans of both genres. They only seems to show their potential on some tracks and most of the songs are instrumental (or have vocals, but very little). The songs do resemble each other so it's hard to pick a favorite if it wasn't for the song 'Obscure Ritual Initiation' which in my opinion proves the psychedelic side of the band.\n\nBut I've never heard a band that could play those 2 genres so well together while keeping both intact. They might not have evolved their sound to a definitive state but I'm sure that they will in the future. Azrael sounds like an concept-band and should be reviewed as is. Either you love it or you hate it.",
                    "date": "May 31st, 2007"
                },
                {
                    "title": "Top notch US black metal - 98%",
                    "content": "Very interesting and dark black metal. Alot of US Black Metal claims to be evil and extreme, but falls short in the actual music department. These guys don't talk and just deliver the evil. The musicianship and production are both exemplarary, something most bm bands could use. The contras bass and acoustic guitars add to an original atmophere and overall listen. I would highly recommend this to anyone one seeking true black metal, but that is looking for something other than the mediocre rehashed norm that constitutes so much of the third wave of 'true' black metal. \"True\" back in the first wave were bands doing something evil, extreme, and all had a unique sound (Burzum, Darkthrone, Master's Hammer, Sameal, Ulver..). This follows in that tradition. Hails",
                    "date": "May 29th, 2007"
                },
                {
                    "title": "excellent and original black metal - 100%",
                    "content": "This double album is excellent on every level. The production is top notch with all instruments clear, but not over-produced and it still maintains the raw atmopshere of the music. The songwriting is excellent, each instrument is unique and layered perfectly around one another to create a very classically composed feel throughout. The acoustic and contra bass elements add a very unique aspect to the music and is clearly the highlight of the bands sound. They also make heavy use of clean/acoustic guitar layering that creates a very dark and haunting atmosphere normally found in darkwave or ambient music. \n\nOverall the songs are all very good, I cant really find one song that is filler, which is pretty amazing considering that the album consists of 18 tracks. I highly recommend this album for fans of unique and intelligent black metal. On the other hand, fans of traditional raw black metal will probably hate this album for the experimental or non-metal elements. I truly feel however, that it is these elements that make Azrael stick out from the masses of clone bands, and rip-offs. This album is probably going to be misunderstood for many years to come, but it is destined to be a classic.",
                    "date": "May 26th, 2007"
                },
                {
                    "title": "Yeah This is Pretty Gay - 10%",
                    "content": "This release is actually two separate albums. They were issued in a two disc format which is (no matter how you look at it) a bad business move for the label, seeing as neither of these albums is worth the money. The first album is called \u201cAct III: Self\u201d and the second is called \u201cAct IV: Goat\u201d. However, seeing as they both sound the same I am going to treat this as one two disc release.\n\nAzrael is labeled as an avant-garde black metal band, which hail from somewhere around where I live. Their style, however, is not anything more than a melodic black metal band with a double bass. If you can\u2019t picture that, imagine a black metal version of Agalloch and then remove the talent.\n\nThese two albums are horrible. This is two hours of some of the most repetitive, laziest black metal I have ever listened too. The band doesn\u2019t really sound awake until about track seven on the first disc, then they stumble around a bit stay almost decent for the first four tracks on disc two, then proceed to fall back asleep. Also, did I mention that about a good seventy percent of this release is instrumentals? Not just your casual instrumental mind you; these are six to eight minute full songs that all sound the same. \n\nThe band claims the reason for there avant-garde sound is the use of a double bass guitar in addition to a normal bass. Usually I can tell the use of a bass guitar in an album but the production on this drowns it out so it just gets lost in the music. I think I was able to hear their double bass guitar once through this entire two hour mammoth. So yeah, their avant-garde concept pretty much just gets lost.\n\nThe entire album pretty much tries to aim to set a moody atmosphere. However, the best way to do that is with keyboards, but seeing as keyboards are like a crucifix (not an upside down one) to a black metal band , the band obviously felt that by using them they would sell out. Instead they do this melodic guitar riff thing, which is where they come up with one melodic riff and then recycle it through out the entire album. Similar to drone doom metal, however, unlike drone doom the riff is melodic so without supporting instruments it has to support the entire atmosphere alone and when repeated for about two hours straight it just doesn\u2019t work. There are some other riffs used now and again but they pretty much stick to the one. \n\nAs I stated earlier Agalloch is a big influence on these guys sound so as expected there is an acoustic guitar used on here. Now acoustic guitars are underused in black metal so whenever I hear one in a song it sticks out. The acoustic is mixed in and out of songs so it\u2019s a part of the entire album, which is a bad thing because when an acoustic guitar is used in metal it should be specific and placed just so, they just throw it in there, so it ends up being a plain old normal instrument and it loses any special meaning.\n\nI was utterly amazed when they actually credited somebody as a drummer (compared to the hundreds of drum machine bands out there today). The blast beats aren\u2019t constant, so at least there is one positive about this album. However, when this album gets going in the melodic passages the drums just die off.\n\nThe vocals are down right awful. Lord Samaiza has two vocal styles. He does your standard black metal rasp but it sounds lazy, like he really didn\u2019t care and rushed them when recording. His other vocal style makes him sound like a Legion clone, however, when he sings like this it sounds very forced. \n\nThis album is filled with several awkward tempo changes, one second it\u2019s your standard full on satanic black metal assault, next it\u2019s more raw and slow (in vein of Burzum), then it\u2019s their Agalloch worship melodic riff recycling machine tempo. The mood they try to set is pretty much offset by this. The tracks don\u2019t flow together, when one tracks ends and you're relaxed the next track takes over and totally disrupts the mood. \n\nI think if they cut out all the filler tracks, they could probably have made one decent album. The two albums for the price of one thing is purely oversaturation. I can think of a million better black albums you can get for the same price as this.",
                    "date": "April 24th, 2007"
                }
            ],
            "songs": [
                {
                    "name": "Silence",
                    "length": "04:05",
                    "url": "https://www.metal-archives.com/release/ajax-view-lyrics/id/1014090"
                },
                {
                    "name": "Obscure Ritual Initiation",
                    "length": "06:52",
                    "url": "https://www.metal-archives.com/release/ajax-view-lyrics/id/1014091"
                },
                {
                    "name": "Seeping into the Wound",
                    "length": "06:39",
                    "url": null
                },
                {
                    "name": "Worship",
                    "length": "07:44",
                    "url": null
                },
                {
                    "name": "Swing the Blade",
                    "length": "07:37",
                    "url": "https://www.metal-archives.com/release/ajax-view-lyrics/id/1014094"
                },
                {
                    "name": "Diminished",
                    "length": "06:56",
                    "url": null
                },
                {
                    "name": "Down into Blood",
                    "length": "06:48",
                    "url": null
                },
                {
                    "name": "Sealing the Coffin",
                    "length": "10:25",
                    "url": null
                },
                {
                    "name": "Unto the Eye",
                    "length": "06:48",
                    "url": null
                },
                {
                    "name": "Death Shroud",
                    "length": "08:40",
                    "url": null
                },
                {
                    "name": "Writhing",
                    "length": "08:58",
                    "url": "https://www.metal-archives.com/release/ajax-view-lyrics/id/1014100"
                },
                {
                    "name": "Bury the Soul Deep into the Dawn",
                    "length": "07:10",
                    "url": null
                },
                {
                    "name": "Beyond the Crypt",
                    "length": "08:21",
                    "url": null
                },
                {
                    "name": "Lifeless Dungeon",
                    "length": "06:01",
                    "url": "https://www.metal-archives.com/release/ajax-view-lyrics/id/1014103"
                },
                {
                    "name": "Grave Wanderer",
                    "length": "05:55",
                    "url": null
                },
                {
                    "name": "Nocturnal Goat",
                    "length": "05:48",
                    "url": null
                },
                {
                    "name": "Submersed",
                    "length": "06:32",
                    "url": "https://www.metal-archives.com/release/ajax-view-lyrics/id/1014106"
                },
                {
                    "name": "Descent",
                    "length": "06:57",
                    "url": "https://www.metal-archives.com/release/ajax-view-lyrics/id/1014107"
                }
            ],
            "song_names": [
                "Silence",
                "Obscure Ritual Initiation",
                "Seeping into the Wound",
                "Worship",
                "Swing the Blade",
                "Diminished",
                "Down into Blood",
                "Sealing the Coffin",
                "Unto the Eye",
                "Death Shroud",
                "Writhing",
                "Bury the Soul Deep into the Dawn",
                "Beyond the Crypt",
                "Lifeless Dungeon",
                "Grave Wanderer",
                "Nocturnal Goat",
                "Submersed",
                "Descent"
            ]
        }
    ],
    "album_names": [
        "Into Shadows Act I: Denial",
        "Into Shadows Act II: Through Horned Shadows Glimpse",
        "Act III: Self + Act IV: Goat"
    ],
    "info": {
        "Country of origin": "United States",
        "Location": "Eden Prairie, Minnesota",
        "Status": "Unknown",
        "Formed in": "1999",
        "Genre": "Black Metal",
        "Lyrical themes": "N/A",
        "Last label": "Moribund Records",
        "Years active": "\n1999-? "
    }
}