{
    "name": "Bane",
    "id": "3540303871",
    "url": "https://www.metal-archives.com/bands/Bane/3540303871",
    "albums": [
        {
            "name": "Chaos, Darkness & Emptiness",
            "type": "Full-length",
            "year": 2010,
            "review_num": 6,
            "review_avg": 80,
            "url": "https://www.metal-archives.com/albums/Bane/Chaos%2C_Darkness_%26_Emptiness/285254",
            "reviews_url": "https://www.metal-archives.com/reviews/Bane/Chaos%2C_Darkness_%26_Emptiness/285254/",
            "reviews": [
                {
                    "title": "BANE: \"Chaos, Darkness & Emptiness\" - 50%",
                    "content": "On their major debut Chaos, Darkness & Emptiness, Bane deliver a decent piece of diverse melodic black / death metal: this 42-minute whole is divided into three sections that present somewhat different musical styles, starting with the violence of \u201dChaos\u201d, followed by \u201dDarkness\u201d with its more gloomy atmosphere, and ending with the partially doom metal influenced \u201dEmptiness\u201d.\n\nThe album sounds rather modern, fairly bordering on too polished production - especially the somewhat triggered drums - but is still enjoyable to listen to. There\u2019s a lot to discover from the well textured soundscapes of the album: some synths are included (\u201dAbhorrence\u201d), acoustic guitars appear every now and then - on \u201dLost Shadow\u201d they even dominate, in fact - and there\u2019s some nicely done cacophony towards the end of \u201dPandemonium\u201d, for example, but the main focus is on powerful rampage created with riffs and beats. \n\nSinging style ranges from low grunts to high-pitched screams, satisfying both black and death metal listeners, because this indeed is a mixture of both styles and even some more (hear the progressive tendencies on \u201dPlague Upon Yourself\u201d). Despite the varied nature of Chaos, Darkness & Emptiness, there\u2019s nothing really unique to find from here, so that the record is more like a mixture of many things done before. Anyhow, Chaos, Darkness & Emptiness keeps my attention throughout and proper fans of modern deathened black metal should give this a go, they could find more to dig from here.\n\n2.5 / 5\n[ http://www.vehementconjuration.com/ ]",
                    "date": "December 3rd, 2011"
                },
                {
                    "title": "The Next Big Thing - 95%",
                    "content": "While I was searching for my dose of Dissection-esque metal, I came across Bane as a recommendation, so I decided to check this album out.\n\nIt starts with a fairly uninspired orchestral introduction, paving the way for a relentless assault of melodic black/death metal in the vein of Dissection, imbued with a Belphegor touch with some Emperor spices.\n\nThe True Insomnia and Pandemonium are two amazing tracks, full of freezing melodies, layers upon layers of melodic guitars, and acoustics straight from Jon Nodtveidt's textbook. These two tracks are followed by an interlude, which precedes Abhorrence, a song noticeably more ferocious than the aforementioned two. \n\nAfter that, the album massively slows down in pace. Plague Upon Yourself is one fuck of a black/doom metal song while The Haunting presence's outro features some excellent soloing over slow, crushing riffs. \n\nAll in all, the album offers a slab of melodic black/death metal with a lot of variation and huge balls. My only minor complaint is that the first and last tracks are completely useless.",
                    "date": "April 16th, 2011"
                },
                {
                    "title": "Excellent Melodic Black Metal - 87%",
                    "content": "While I expected Bane to sound similar to other Serbian black metal bands such as May Result and the Stone, I was pleasantly surprised at how much I enjoyed this album. This is by far one of the best melodic black metal albums I\u2019ve heard this year, and I could definitely see this band doing well for themselves on the international level.\n\nWhat struck me as most memorable about this album was the atmosphere, as it wasn\u2019t just \u201cgrim and frostbitten\u201d all the way through like so many other albums of the genre. Bane balance things out very well, whether it\u2019s the feeling of forgotten majesty in slower songs such as \u201cThe Haunting Presence\u201d, the icy melodies of \u201cPandemonium\u201d and \u201cInherited Infection\u201d, or the creepy, carnival-like overtones of \u201cAbhorrence\u201d. Furthermore, it\u2019s worth mentioning that those of you who are allergic to cheesy keyboards need not fear, as keyboards on this album are used sparsely and only in intro tracks (like in the awesome, early-era Mortiis-esque \u201cAwakening of the Evil Spirits\u201d, and \u201cDysthymia\u201d, which recalls Ildjarn\u2018s ambient stuff). The ominous acoustic guitar melody in \"Lost Shadows\" is a nice touch as well, as it only further reinforces the album's atmosphere and also provides a brief break from the intensity. \n\nWhile the songs are catchy, dark, and pretty much all you can ask for in a melodic black metal album, it\u2019s worth calling attention to both the high-quality production and musicianship on this album as well. The guitar playing is flawless, the solos are classy, and the drums are top-notch, without sounding fake or over-produced. The vocals also suit the music quite well, as Branislav\u2019s death metal growl and Khargash\u2019s black metal rasp compliment each other perfectly and give the music another dimension. I could definitely see both black and death metal fans digging this album. It\u2019s also good to see high-quality metal like this coming out of Serbia, as I\u2019m not too familiar with what the metal scene is like there, but if Bane is any indication of the overall quality of the Serbian underground, then I\u2019m excited to see what else this scene has in store for us.\n\nWhen I first gave \u201cChaos, Darkness, & Emptiness\u201d a listen I felt that I was listening to a Dimmu Borgir knockoff, and while I\u2019m assuming that Dimmu is a huge influence on these guys, Bane definitely has enough of its own character to separate itself from the imitators. This and Istapp\u2019s debut album earlier this year are, for me, some of the best melodic black metal to come out in 2010. I would definitely recommend this album for fans of Dimmu Borgir, Catamenia, Dissection, Old Man\u2019s Child, etc.\n\nOriginally written for Malicious Intent:\nwww.maliciousintent666.blogspot.com",
                    "date": "December 15th, 2010"
                },
                {
                    "title": "Forging of familiar storms - 70%",
                    "content": "You wouldn't think of Serbia as a hotbed for metal acts quite yet, but in fact there are a hundred or so bands hailing from the area, one of whom I present to you here. Bane, not at all to be confused with the popular US hardcore band, performs a mix of black and death metal with strong production and an intense focus on the riffing over sheer vitriolic speed, their debut Chaos, Darkness & Emptiness a decent if familiar work that may indeed appeal to fans of numerous genres. The 'death metal' portion of the album manifests largely through some of the chugging riff patterns and about 50% of the vocals, which are splayed out in guttural excess, while the remainder consists of streaming, cutting chords and rampant snarling.\n\nBane certainly sounds like a great deal of other bands, in particular Norse bands like Emperor in collision with Swedish bands like Dark Funeral or Hypocrisy, but I'd say they cast a wide enough net that you don't feel the material is too derivative of any one school of fish. Perhaps the strongest point of this full-length debut is that the band pace themselves well, offering some variety through the track list that keeps the listener engaged, though not exactly glued. The \"Awakening of the Evil Spirits\" intro is a nice synthesized classical overture breached by the hammering of \"The True Insomnia\", a piece that quite evenly divides its time between the two constituent genres, while \"Pandemonium\" writhes along at a brisk, mid pace through which the thunder of the rhythms is glazed over in chorus shouts, double bass and brisk flights of increased speed. After this is an acoustic piece, \"Lost Shadows\", and then a fairly brutal onslaught called \"Abhorrence\".\n\nNo two songs sound quite the same, and each delivers at least 1-2 quality riffs, my personal favorites coming in the melodic swagger of \"The Haunting Presence\" or the callous, blasting abandon of \"The Dawn No More Rises\". There's a nice ambient interlude piece deeper in the album titled \"Dysthymia\" which further cements the band's ability to vary up their content that the witness remain allured, but I wouldn't say that this was necessarily a great record, if only because there aren't enough tracks that you'll want to revisit constantly. Fans of bigger budget Swedish or Norse melodic black metal might very well find this their cup of blood tea, because the mix itself is quite enormous, and the compositions are never boring, but they're not blazing any new trails through the conscience. So, what we're ultimately left with is a debut that shows the talent and reach of a batch of individuals (all of whom also perform in other acts), but does little to bore itself beyond the upper layers of memory.\n\n-autothrall\nhttp://www.fromthedustreturned.com",
                    "date": "December 15th, 2010"
                },
                {
                    "title": "A great album, missing personal touch. - 87%",
                    "content": "First thing announcing the atmosphere of this album is unquestionably its cover. By staring at it a bit longer you may notice all the emotions embedded in the music. Music will guide you from chaotic state, through hate, darkness, anger, sadness, to the loss of all emotions, to an empty state in which one is unable to feel. But let\u2019s not judge the book by it\u2019s cover.\n\nFirst chapter: \u201cChaos\u201d. Skipping the intro that usually sets the right atmosphere, the album starts with heavy drum and guitar hits, followed by a very powerful and mean theme. Further on, combining different growling and screaming vocals and various drum patterns, they make their music \u201cwanna go out of control\u201d, yet it is controlled by using slower passages. The third song continues where the second stops by going totally out of control. Confusion. Chaos.\n\nJust before it\u2019s too much, the chaotic noise is calmed down by a melodic instrumental that leads the listener to the second chapter: \u201cDarkness\u201d. Although themes are still fast and grim, one can also hear a strong death metal influence. Tempo and rhythm changes. Strong brakes, and heavy riff parts make this part different, more defined and sharper from previous.\n\n\u201cEmptiness\u201d. The last chapter. \u201cInherited Infection\u201d introduces slow doomish melodies between the fast parts of the song. The slow parts finally prevail during the penultimate song on the album. The melancholic melody, heavy chords and deep growls call for emptiness. The album ends with an eerie, empty, instrumental. The quest is fulfilled, the listener is taken through chaos, darkness and emptiness.\n\nSpeaking of genres, this album is a combination of many. Although they consider their music black death metal, there are influences of almost all metal sub-genres. Starting from the slow parts typical of doom metal, heavy parts influenced by old school death metal, to wide range of vocals typical of all extreme metal sub-genres. Sharp, tight and bright production adds modern, at some points industrial feel. Simple, but wisely fitted arrangements make it easy to listen, but keeping the listener\u2019s attention. The lyrics are filled with hate, disappointment, sadness and anger.\n\nHonestly, I have to agree with Zlabog\u2019s conclusion. Away from combining all that has been already heard, \u201cChaos, Darkness & Emptiness\u201d does not bring innovations. This is the only reason for the lower grade. But after listening to this album, I\u2019m looking forward to their future releases, hoping they will contain stronger personal touch!",
                    "date": "November 1st, 2010"
                },
                {
                    "title": "A more than decent start! - 90%",
                    "content": "After hearing this album, it is no wonder why so many labels cooperated to release this album on CD, Digi-CD & MC version. BANE, a rather unknown Serbian Extreme Metal band in the underground scene, with this album might turn everything 180 degrees.\n\nSince this is the first review for this album, let`s start off with a quick introduction. From their formation in 2006, after one Demo in 2007 and a short EP in early 2010, the band finally presents us their first full-length album, and it was well worth the wait.\n\n\u201cChaos, Darkness & Emptiness\u201d was recorded in HellSound Studio (Czech Republic), and was recorded/mixed/mastered by Honza \u201cButcher\u201d Kapak, who is previously known for his works in Judas Iscariot, Nargaroth, Maniac Butcher, (etc\u2026) and for being the mastermind behind Avenger (CZ). The artwork is done by Marcelo Vasco (Belphegor, Gorgoroth, Satyricon, Vader, Keep Of Kalessin, etc\u2026), so there is no need to comment that part of this release, as it really is perfect.\n\nSince the album concept is divided in 3 parts, let`s review them separately.\n\nChapter I \u2013 CHAOS:\n\nThe album starts off with a rather typical sounding intro \u2013 orchestral instruments, choirs, melodies and harmonies that predict evil is near. After the intro finished, and the second song kicked in the 20th second, it was indeed \u2013 Chaos. Clear production, pummeling double bass drumming, razor sharp guitars, with various growls & screams all over the place. Fast, furious & precise, a perfect mixture of Black/Death Metal, the band clearly combined elements of early Dissection, Dark Funeral and Behemoth to create a unique atmosphere and sound of their own. Generally the first third of this album is the most aggressive part of the album, and perhaps the fastest, with not too many tempo changes but yet no monotone parts \u2013 just \u201cstraight up your face\u201d music \u2013 lots of blast-beats, fast double bass, evil guitar lines, and tones of various vocal types which covered everything from the more standard growls & screams, up to some shouts. The end of this era has a rather \u201ccreepy\u201d ending, and without any blank spots leaves use to the next chapter\u2026\n\nCHAPTER II \u2013 DARKNESS\n\nStarting of with a nice short acoustic instrumental, the band simply continues to bring good ideas, and the album continues without any unnecessary elements. Full of catchy melodies and various vocals, this chapter is much more richer tempo changes, combining furious Black/Death Metal with, this time, slower acoustic elements, which really has a nice ambient, specially after the first part of the album which was more about intensity and aggression. This part for some listeners may be considered a less \u201ccommercial\u201d one than the previous, but nevertheless is very digestible and totally fits in the context and description \u2013 Darkness. It is slightly more dark and moody, yet retaining the atmosphere of the whole album, keeping it still very compact, but different than the rest. Musically a quite pleasant trip the band brought us.\n\nCHAPTER III - EMPTINESS\n\nThe last part of the album starts of, contrary to the first two, immediately with a full song. This would definitely be the most melodic part of the album, with less various vocal lines, and with a more \u201cstandard\u201d approach the songs, concerning the arrangements. By hearing only this part, the impression of a Black Metal band gets almost totally lost, as with the clean production and melodies played here, it sound too \u201ccommercial\u201d for anything to be called \u201cBlack Metal\u201d. Mainly this parts main focus is the simplicity of creating very nice and easy-listening songs, which have more of a Doom/Death Metal approach. Before the outro, the last song is more or less a Doom Metal piece \u2013 relatively slow and Melodic, very pleasant to hear after all the Black/Death insanity. The album finishes with another instrumental track, where only the keyboards slowly fade away in the cold depression\u2026a perfect ending for this album. Again totally fitting everything into the concept of this masterpiece, the perfect word to describe the ending of the album \u2013 Emptiness.\n\n\nConclusion:\n\nThis album may not be the most original Black/Death Metal piece of art, but it is most certainly one of those albums where there is absolutely nothing bad to say about it. Absolutely everything is put in it`s place, where it should be. The production is perfect for this genre \u2013 guitars cover widely all the frequencies so they are neither too low or too high, the drums have a very natural sound yet the bass drum is high pitched/triggered, the bass can be heard in some parts where it plays some sort of lead. The length of this material is just enough to represent everything what should have been said and played in those 40 minutes of music. The diversity of vocals added a special \u201ccharm\u201d to this recording which make them easy to follow and very interesting, and to have them combined so well with all the different musical elements really makes it unique, and ready for another listen.\n\nAll in all, \u201cChaos, Darkness & Emptiness\u201d in an album which will positively surprise many Black/Death Metallers, both old school oriented and modern fans. And an extra bonus it that this album is available in different formats, which allows us collectors to purely enjoy the Underground in it`s best form.",
                    "date": "October 21st, 2010"
                }
            ],
            "songs": [
                {
                    "name": "Awakening of the Evil Spirits",
                    "length": "03:17",
                    "url": "https://www.metal-archives.com/release/ajax-view-lyrics/id/2000145"
                },
                {
                    "name": "The True Insomnia",
                    "length": "03:57",
                    "url": "https://www.metal-archives.com/release/ajax-view-lyrics/id/2000146"
                },
                {
                    "name": "Pandemonium",
                    "length": "05:59",
                    "url": "https://www.metal-archives.com/release/ajax-view-lyrics/id/2000147"
                },
                {
                    "name": "Lost Shadows",
                    "length": "01:38",
                    "url": "https://www.metal-archives.com/release/ajax-view-lyrics/id/2000148"
                },
                {
                    "name": "Abhorrence",
                    "length": "03:30",
                    "url": "https://www.metal-archives.com/release/ajax-view-lyrics/id/2000149"
                },
                {
                    "name": "Plague upon Yourself",
                    "length": "06:30",
                    "url": "https://www.metal-archives.com/release/ajax-view-lyrics/id/2000150"
                },
                {
                    "name": "Inherited Infection",
                    "length": "04:10",
                    "url": "https://www.metal-archives.com/release/ajax-view-lyrics/id/2000151"
                },
                {
                    "name": "The Haunting Presence",
                    "length": "05:00",
                    "url": "https://www.metal-archives.com/release/ajax-view-lyrics/id/2000152"
                },
                {
                    "name": "Dysthymia",
                    "length": "04:43",
                    "url": "https://www.metal-archives.com/release/ajax-view-lyrics/id/2000153"
                }
            ],
            "song_names": [
                "Awakening of the Evil Spirits",
                "The True Insomnia",
                "Pandemonium",
                "Lost Shadows",
                "Abhorrence",
                "Plague upon Yourself",
                "Inherited Infection",
                "The Haunting Presence",
                "Dysthymia"
            ]
        },
        {
            "name": "The Acausal Fire",
            "type": "Full-length",
            "year": 2012,
            "review_num": 3,
            "review_avg": 84,
            "url": "https://www.metal-archives.com/albums/Bane/The_Acausal_Fire/351511",
            "reviews_url": "https://www.metal-archives.com/reviews/Bane/The_Acausal_Fire/351511/",
            "reviews": [
                {
                    "title": "Tactically avoiding the mines in the abyss - 93%",
                    "content": "Bane is not a stranger as I requested to review them after I listened and reviewed After Oblivion\u2019s \u201cStamina\u201d, an album I recommend you all check out. What\u2019s the connection? Well the fact that drummer, Marko Ga\u010dnik, plays in both bands unfortunately he didn\u2019t play in \u201cThe Acausal Fire\u201d via Abyss Records. Still it\u2019s pretty cool that he joined Bane or else I would've remained oblivious about this magnificent act from Serbia.\n\nNow we begin with \u201cBringing Forth the Endless Dark Aeon\u201d, right from the beginning they give us the impression of death. A scavenged battlefield void of life. A barren wasteland, churning in flames. A slow introduction into the countless murders. Staying in rhythm with an electric triangle, the subtle strikes bring a vibration unto fissures of land as far as the eye can see. About halfway through the song, battle war drums start to play as to signify the end of the world. Once this instrumental reaches its conclusion and on-signal to initiate destruction, \u201cThe End of Humanity\u201d, reigns its havoc. \n\nFor the next seven tracks you finally see Bane's potential and ferocity. You are treated to a great blend of blackened death with them concentrating more on the black metal aspect. Adding melody throughout you can see it thrives on bands like Dissection and Thulcandra. Even the bass has that great traditional sound on \u201cThe End of Humanity\u201d. Next, \u201cIn Endless Silence\u201d contrary to its name is one of the most ravaging songs on the album. Right from the get-go they establish this fantastic melody that it\u2019s like an injection of morphine saying to yourself this is one of the best things you\u2019ve ignorantly experimented with. I came to the realization that this is a greatly produced album. Free from overproduction, just authentic music without unnecessary magnifications. \n\nWhat I love about Nokkturno is his ability to be versatile and flexible. On songs like, \u201cLight the Black Flame\u201d, for example, the bass is more daring by almost sounding how a fretless would. While traditional black metal bass work makes a song seem darker and opaque, here it's selectively permeable and accessible. It\u2019s kind of like hearing Obscura (Occultum Malleus is a big factor in that assumption as well). Nokkurno\u2019s credibility is seen even further on songs, \u201cThe Truth Unleashed\u201d and \u201cWorld of Desolation\u201d. On the former, he summons this catchy bass line independent of the rest of the music and it fits quite well. While the instruments are soaring and invoking, the bass is subdued and aloof.\n\nLast but not least, \u201cEntering the Paradoxical Sphere\u201d, another great and beautiful instrumental. These guys decided to pay Dissection a refuge by covering \u201cNight\u2019s Blood\u201d. It\u2019s a lot more heavier and there's a quality difference. I think they did this song justice. I really wish I had heard this album before submitting my Top 10 of 2012 to my editor. This would have made the cut.",
                    "date": "March 22nd, 2013"
                },
                {
                    "title": "Polished Black Death - 80%",
                    "content": "Bane's second full length album, \u201cThe Acausal Fire\u201d, was released in 2012, just slightly before the band was placed on hold. The listener is first greeted by a brooding orchestral piece, \u201cBringing Forth the Endless Dark Aeon\u201d, and it's easy to be lulled into a complacent state. After nearly three minutes of dark, yet easy listening orchestration, this Serbian black / death act truly comes forth with the first notes of \u201cThe End of Humanity\u201d. Lightning fast blast beats and blazing trem lines burst forth with a heavier than thou attitude that continues for just about the entire forty minute run time.\n\nThis is a fast and heavy album, as the speed and intensity brought out on \u201cThe End of Humanity\u201d continues, but the entire album isn't just blast beats and trem picking as some section show a winding, minor key guitar passage a la Marduk. During these \u201cslower\u201d (but no less heavy) the drums stay fast with double kicks and thunderous rolls and fills. Bane's strongest point is actually when the heaviness begins to stagnate and they ease the burden with some softer elements, such as the acoustic passage at the end of \u201cIn Endless Silence\u201d or the traditionally inspired lead lines during \u201cWorld of Desolation\u201d and \u201cExistence in Denial\u201d. For the most part the vocals are a deep, raspy style with occasional higher pitches shouts that are no less raspy. A few times show a clean, chanted style of vocals, which, while extremely unexpected with such a blazing album, seem to flow in and out with ease. Even while the clean vocals are present, the music remains fast and vicious, which is an excellent counterpoint and change of pace.\n\nThe production is crisp and clear; especially so for black metal. Every guitar note is audible, the bass is thick and carries the low end while staying to rear of the mix and the drums are thunderous without detracting from the rest of the music. The bass drum is loud enough to hear each double bass run without straining but the loud and popping snare drum could be turned down a bit. The vocals are to the forefront, but like the drums, don't take away from the instruments. The cleaner vocals are a little higher in the mix than the standard vocals and can be a little grating at times, but they're fairly infrequent, so it's not a huge issue. The clean production makes this no less heavy or dark, but those looking for basement black metal will be turned off by the polish present.\n\n\u201cThe Acausal Fire\u201d is a very fast and heavy album which should please fans of polished black death metal. While this is not an original album by any stretch of the imagination, Bane throws enough changes into the pace to keep things interesting. Like I mentioned, when the music borders on stagnation, Bane throws a curve ball and suck you right back in. Fast trem lines, fast blast beats and vicious vocals, with a few unexpected twists and turns: if that sounds good to you, then by all means check this out.\n\nWritten for The Metal Observer\nhttp://www.metal-observer.com/",
                    "date": "March 19th, 2013"
                },
                {
                    "title": "So, you've been working out - 80%",
                    "content": "The first thing that struck me about The Acausal Fire, much like Bane's prior album Chaos, Darkness & Emptiness, is just how Scandinavian an approach they take to their atmospheric, semi-symphonic brand of deathly black metal. The majestic progressions present in their tremolo bursts are redolent of groups like Dissection, Dark Funeral, Marduk and Lord Belial, the vile dissonance of the eerier minor chords was pretty much the standard in the formative works of Norse and Swedish acts through the 90s and beyond, and they're not the sort to shy away from using higher, cleaner production standards than the primordial swamp of grime and wretchedness that inspired them.\n\nHowever, despite its obvious level of competence and polish, I didn't take much away from their debut. A decent album, sure, but nothing to write home in blood about when there were hundreds of other, similar options through the prior two decades which had already marked out the territory. The Acausal Fire is a superior use of the band's arsenal in just about every department (save maybe the vocals). The Serbians have made better use of their twisting tremolo progressions, and loads of eloquent dual harmonies that create a necessary contrast against the gruesome dual guttural-rasp vocals. Needless to say, there are effortless blasts coursing beneath the rush of the guitars, and the band lean on the faster side of composition, but The Acausal Fire takes plenty of moments to breathe here, and the riff selections are in general far better than those of the prior album. Symphonic elements used in spots like the 'intro' and 'outro' are lavish, moody, orchestral and engrossing, while the gleaming melodies of tunes like \"As Chaos Rises\" will instantly settle themselves into your memory without much concentration.\n\nVocals are quite varied here, with the aforementioned grunts and rasps used throughout most of the metallic sequences, backed by excellent, cleaner choirs or the occasional surge into some salacious snarl not unlike you'd have heard from Ihsahn or Dani Filth in their primes. The mix is incredibly, almost surgically pristine, so those who want a lot of mud, reverb and noise in their black metal will not desire to slop from this trough, but personally I'm a fan of both sides of the coin, and have no problem with either when the music's good. And this music IS pretty damn good. Not perfect, surely not unique in the slightest, but very well executed black metal that furthers the Serbians and songwriters. The inclusion of the cover of Dissection's \"Night's Blood\" is a fitting bonus, not only because that's a great song, but because Bane knows exactly what to do with it; the Swedes were unmistakably one of this band's most fundamental influences. Apart from being brighter, though, it's hardly an unusual re-interpretation. But it doesn't need to be, because the rest of this album leading up to it is quite spectacular of its own right.\n\n-autothrall\nhttp://www.fromthedustreturned.com",
                    "date": "September 20th, 2012"
                }
            ],
            "songs": [
                {
                    "name": "Bringing Forth the Endless Dark Aeon",
                    "length": "02:55",
                    "url": "https://www.metal-archives.com/release/ajax-view-lyrics/id/2449564"
                },
                {
                    "name": "The End of Humanity",
                    "length": "04:05",
                    "url": "https://www.metal-archives.com/release/ajax-view-lyrics/id/2449565"
                },
                {
                    "name": "In Endless Silence",
                    "length": "03:54",
                    "url": "https://www.metal-archives.com/release/ajax-view-lyrics/id/2449566"
                },
                {
                    "name": "As Chaos Rises",
                    "length": "04:27",
                    "url": "https://www.metal-archives.com/release/ajax-view-lyrics/id/2449567"
                },
                {
                    "name": "Light the Black Flame",
                    "length": "03:48",
                    "url": "https://www.metal-archives.com/release/ajax-view-lyrics/id/2449568"
                },
                {
                    "name": "The Truth Unleashed",
                    "length": "04:38",
                    "url": "https://www.metal-archives.com/release/ajax-view-lyrics/id/2449569"
                },
                {
                    "name": "World of Desolation",
                    "length": "03:27",
                    "url": "https://www.metal-archives.com/release/ajax-view-lyrics/id/2449570"
                },
                {
                    "name": "Existence in Denial",
                    "length": "03:55",
                    "url": "https://www.metal-archives.com/release/ajax-view-lyrics/id/2449571"
                },
                {
                    "name": "Entering the Paradoxical Sphere",
                    "length": "03:23",
                    "url": "https://www.metal-archives.com/release/ajax-view-lyrics/id/2449572"
                },
                {
                    "name": "Night's Blood (Dissection cover)",
                    "length": "07:12",
                    "url": "https://www.metal-archives.com/release/ajax-view-lyrics/id/2449573"
                }
            ],
            "song_names": [
                "Bringing Forth the Endless Dark Aeon",
                "The End of Humanity",
                "In Endless Silence",
                "As Chaos Rises",
                "Light the Black Flame",
                "The Truth Unleashed",
                "World of Desolation",
                "Existence in Denial",
                "Entering the Paradoxical Sphere",
                "Night's Blood (Dissection cover)"
            ]
        },
        {
            "name": "Esoteric Formulae",
            "type": "Full-length",
            "year": 2018,
            "review_num": 2,
            "review_avg": 85,
            "url": "https://www.metal-archives.com/albums/Bane/Esoteric_Formulae/741305",
            "reviews_url": "https://www.metal-archives.com/reviews/Bane/Esoteric_Formulae/741305/",
            "reviews": [
                {
                    "title": "Six years later...well worth the wait! - 96%",
                    "content": "'Esoteric Formulae', just like the majority of Bane's discography was mixed & mastered at Hellsound Studio in Czech Republic. Crystal clear, modern production is what this album is offering, yet with no drum triggers or sound replacement samples whatsoever. The guitars are aggressive and very well defined, tone-wise leaning more on the heavier Death Metal side of things rather than the thin, crispy Black Metal spectrum. This is actually one of the things which was such a massive step-up when comparing to the band's previous full-length 'The Acausal Fire' \u2013 the guitar tone is far more suitable for the band's style and sounds at least twice more powerful. The keyboards are present here and there, not interfering or over-powering the mix at any point - just adding subtle atmospheric parts when and where it's needed. The bass, however, is buried a bit (too much?) into the background, although in all fairness it's mostly just doubling/following the main guitar lines, so it was not a huge loss in the overall sound and mix.\n\nOne of the first things I noticed while listening to 'Esoteric Formulae' is how the instrumental performance has improved by far, in comparison to their previous album. Everything sounds much tighter, specially the drum work, which was masterfully executed by Honza Kapak (of Master's Hammer).\n\nThe songwriting does not really differ much from the band's previous style of writing and arranging tunes, as they kept a rather simplistic yet effective verse-chorus-verse formula throughout the majority of the album. One of the strongest qualities that 'Esoteric Formuale' offers are the extremely catchy and harmonically well-thought out hooks in the guitar riffs, melodies and vocal patterns in choruses, which the band delivers gracefully from one song to the next. Bane, at the very least, have gotten really good at arranging their tunes in a ''straight to the point'' manner, with no filler riffs or unnecessary repetition in any of the 8 songs (as per tradition, the first and last songs are symphonic instrumentals).\n\nThe vocals have also progressed, as they are more present than ever. Not ''louder'' mix-wise, but just better articulated growls and screams \u2013 crystal clear diction and with a lot of strength behind every word. There is also a segment of clean vocals in ''Beneath The Black Earth'' which is very refreshing, and a spectacular vocal guest appearance from Amduscias (Temple Of Baal) on the track ''Into Oblivion''. The lyrics of this album go very deep into Anti-Cosmic themes and are well-worth the read.\n\nAt times very melodic and mid-paced (''Reign In Chaos'', ''Bringer Of Pandimensional Disorder), other times very brutal, aggressive and borderline dissonant (''Into Oblivion'', ''Wretched Feast'' - which also contains an impressive guitar solo played by Giulio Moschini from Hour Of Penance), 'Esoteric Formulae' has all the needed elements to please fans of the Blackened Death Metal genre.\n\nIn conclusion:\n\nOn their third full-length album, Bane really displayed their true potential as a band, and the 6 years of wait in between this one and their previous full-length was definitely worth the wait. The band showcased maturity, passion and conviction on their new opus, and it's is safe to say that with this release under their belts, the band has definitely placed themselves as one of the leading bands in the Melodic Blackened Death Metal genre reminiscent of the mighty Dissection. While having acquired a strong Behemoth influence on this record in particular, this blend of musical influences sound rather unique, instead of falling into the category of plain copy cats. Bane is now closer than ever to having ''their own sound'', and I honestly believe that this will come within their next offering as 'Esoteric Formulae' is a clear, strong demonstration of what they are capable of and where they are headed.\n\nRecommended for fans of: Dissection, Behemoth, Naglfar, etc.",
                    "date": "December 8th, 2018"
                },
                {
                    "title": "Dulcet Screams for Dark Ones - 74%",
                    "content": "Sharing the name of one of Batman's most impotent villains in recent - Christopher Nolan stylized - memory, Bane is your friendly neighborhood black metal band, not-so-recently transplanted into the permafrost of the Great White North to irk those Canucks who say 'ehh', but not enough to the point of lodging any actual complaint. With abundant similarities to Dark Fortress and early Dissection, Bane brings a swath of sounds, all mystified by dry ice and diet black metal in the form of catchy riffs, relentless melodies, and as many allusions to darkness and chaos as one can squeeze into an album. Throughout 'Esoteric Formulae' is a new Bane bringing a sound that continuously promises such chaos but, due to its rigid pacing, some bottlenecks in songwriting, an air of propriety over pummel, and very rehearsed cries into that certain chasm, the chaos is less pronounced as opposed to the stuffy professionalism and strong musicianship presented by these battle-hardened death/black metallers. A bit too preened and perfected to feel raw, intense, and cold, the echoes of loud guitar and swaths of vocals lose the coldness that is mentioned throughout the album in favor of a more hearty expression of metal's guitar power over a dark and evil atmosphere.\n\nThough the lineup featuring session guitarists, an aggressive drummer, and orchestral bookends may make Bane seem like a full-time group on paper, this album and the band's direction is very much dictated by Brainslav Pani\u0107, a twenty-eight year old musician from Serbia with a great grasp of the varying finishes of metal that may color an album cover and its various reminiscences. Variety plays out across the board from the more traditional sound of a song like \u201cReign in Chaos\u201d, which takes a basic and accessible approach bordering on a familiar pop-punkish - think a slower and more accentuated aesthetic to Atreyu's \u201cEx's and Oh's\u201d - verse in its lead riff, to embracing a sharp and purely evil sound in \u201cWretched Feast\u201d and \u201cInto Oblivion\u201d. Where these latter two tracks hit the mark, aided by the input of guitarists Giulio Moschini from Hour of Penance and Amduscias from Temple of Baal, Bane's death metal side comes through as a more genuine and enjoyable approach than its lighter and theatrical black metal sound that seems more than a little lost in this wilder neck of the woods. \n\nEmploying the classic two-throated mask with high screams and low growls combining to form a mid-ranged hum, the onrushes of hatred in the vocals show themselves as far less drastic than Deicide or imperial as Behemoth, a drama that fails to capture anguish or even hint at the \u201cchaos and confusion\u201d so readily described in the lyrics. Rather, these dulcet invocations of a dark almighty show a larger bottleneck in Bane's formula that becomes as flat as a warm root beer sitting open in a cupholder during the third hour of a summer's road trip.\n\nFantastic at sinking hooks into an audience early on in each song, Brainslav seems to find trouble elaborating through these tracks with more than a cursory glance at evolution throughout each structure as opposed to eloping with the first bit of inspiration that comes to mind and marrying it to the flow of a three minute exploration of its curves. This makes for clear and obvious distinctions through the album between the traditional tones riffing through \u201cBeneath the Black Earth\u201d and \u201cReign in Chaos\u201d compared to the shrill imperial intensity of \u201cThe Calling of the Eleven Angels\u201d or the melodeath money track \u201cBringer of Pandimensional Disorder\u201d. With Trivium intersecting with Dark Fortress in the latter, Behemoth opening the album, or NWOBHM taking the reigns to a trot, Bane is not so much building a bridge between death and black metal, but very clearly defining these distinctions without chaining all of these well-explored lands into a domain of Brainslav's chaos to round out these songs in anything more a singular series. This shoring up of borders by territory without unifying each country under a central system results in many disparate adventures but fails to draw together a cohesive direction or any experimental distractions from these one-dimensional songs espousing simply \u201cchaos and confusion\u201d for the \u201cdark ones\u201d with about as much personality and nuance as an interstellar Space Marine shouting \u201cBlood for the Blood God\u201d at every onslaught of orcs.\n\nIn spite of its varied song openings, Bane becomes bland as it overtly invokes its 'Esoteric Formulae' by bringing melodic riffs and a standard verse-chorus style buffeted by double bass and languishing with little variation. From this construction comes a structure bearing some striking similarities to Dark Fortress, Dimmu Borgir, and bits of later Nightside Glance, where melody supplants itself as the appealing focus of a band more apt to bathe in moonlight rather than ensconce itself in a cave as percussion blasts religion and tillable land away with a constant creep of impenetrable drumroll artillery. Still, shrillness makes little appearance. Bane's guitars have their tear but, with such wispy and airy delivery, fill the register with a hollow and localized Potemkin bustle that barely populates its soundscape enough to cause cavalcades when engulfed in flame. The side streets are empty, there is little more than the surface to observe, and it becomes a show of strength without the economy of ideas to back up such a faithful front.\n\nTextural issues also plague this album's production. Too many times the snare snaps disappear behind the bassy mix, simply keeping time without finding places to accentuate that animosity so ready to rile an audience. Honza Kap\u00e1k's drumming sparsely brings the blasting appeal that should show off the speed of the snare, erupting only at title moments throughout each song. This becomes a somewhat disappointing sound that echoes this absence of agency that accentuates the approach of bass behind melody but denies the rapidity and atonality of percussion so purposeful and unforgiving in the standard second wave style of black metal. A hollow hallow, as diametrically opposed to the desire of a band that seeks a professional mix, makes the sound of the underground and something as overproduced as the guitars in this album ruins the overall mix as much as each song's singular approach bottlenecks the release. \n\n'Esoteric Formulae' leaves me feeling blocked by the Berlin Wall, observing through binoculars the failures of an entirely separate society, culture, and system on the other side with which there is no doubt that an even reconciliation will never occur. Constant descriptions of chaos come from an album so hell-bent on sticking to a single-minded prescribed plan that it gives off a feeling of many missing parts in this segregated series of songs, all in need of elaboration and fresh movements to stitch together a memory of this album. But each movement is only able to stick to its system lest they be cut from this path for the corruption it could bring to the integrity of a band that refuses to branch out with more expressive, unique, or devious deviations. The only collapse may come from within to bring about a new day as much as others may naysay such a stalwart and conclusive mindset, and the strength of this barricade ensures the impasse between both the mindsets of musician and its audience. \n\nWhile Brainslav has his abilities and surely shows them while creating an album ready to reproduce in a live setting, it seems this leader is too willing to marry each idea to a single song without bringing in the plural partners necessary to create harems of harmony in these tracks, those that ensure the modernity and brilliance in blackened death metal that take a band from singularly seeing songs in a straight path to delicately balancing between fluid as well as fluctuation, showing the strength of each element in order to flourish and play with the improvisation that heavy metal is based in.\n\nThis is the main issue in 'Esoteric Formulae'. Here is an album rife with potential and proper production, but so brittle in substance and tightly laced that it would flow more elaborately if each song had its repetitive songwriting tropes boiled off and all of these great moments were incorporated into a bite sized snack EP rather than saddled with upholding a full-length meal so burdened by gristle that the first moments of each track are enough to understand the labor of the next three minutes of vicious chewing. Where are the solos in this album? Where are the drastic changes in pace, the nuanced steps that uplift these melodies, and drumming fills that move a song out of its comfortable one-riff verse-chorus cycle? Harmonies gorgeously come through in abundance with flying rejoinders to slice through the helix of guitars, but through the restrained drumming and songwriting that holds together \u201cBeneath the Black Earth\u201d, this is the only place where a solo attempts to make an appearance. Where it could have flown for a time, the segment's creativity is quashed by the flow of harmony rather than allowed a moment of unique expression and individuality. Another guitarist could have taken that place and made it his own. Instead Brainslav is showing slavish adherence to his own 'Esoteric Formulae' and quashing any agency, only allowing momentary space for friends where he would be better off enlisting longstanding allies for a fuller undertaking. Maybe I didn't get the memo, but I expect that somewhere in a bit of \u201cchaos and confusion\u201d there would result in a bit more scattering of multitudes than having each element in this wide berth of musicians and instruments wheel lockstep at every turn like an elite command crushing colonial contingents.\n\nWhat makes a sharp difference between so many one-man bands against so many full groups is that the one-man situation tends to end up in a bottleneck. Here it shows that even in attempting variety, the bottleneck is in the songwriting department where Brainslav sticks against all odds to his verse-chorus formula, sparse on bridges and even sparser on deviations, while his session musicians show plenty of personality among the languishing and overly-thought flow of this album. Brainslav indulges his melodies well, I don't have to have heard all of his music to understand that as a major strength, but he needs fresh impulses to conduct his flows in order to generate the electricity necessary to power an audience to devotion.\n\nWhere Bane does hit the mark is in its unexpected and thankfully expansive places. \u201cBurning the Remains\u201d brings the classic second wave of black metal sound across well with a few death metal guitar crunches to drive the point home, finally bridging a bit of a gap between death and black styles, the vocals even inhaling the scent of a decomposing raven in order to accentuate the cracking knuckles of cold in the guitars, and finding brutality in its melodic melancholy. Such an astute show of force in this song dispels any thought that Bane simply didn't know what sound would make the day, but consciously attempted avoiding it for as long as possible in search of a streamline to keep each song in place. The by-the-numbers sounds in the lighter songs throughout the album make for potent and enjoyable listens totally out of this expected scope as \u201cBurning the Remains\u201d caps a run that made \u201cWretched Feast\u201d and \u201cInto Oblivion\u201d stand so brutally far out.\n\nThe money track, \u201cBringer of Pandimensional Disorder\u201d has an astounding lead riff. Brutalized by blast beating and harmonized to the hilt, this song cannot help but bring the most memorable moments in the album while so elegantly gliding towards the all-too-forgettable chorus that keeps repeating the title. Great at arranging his music but in need of fresher ideas, this song brings hope that Bane will continue to bring out the best in a riff even in spite of its lacking direction as a piece like this, even on its best footing, ends up in the hands of too many surface sounds rather than digging deeper below a hatred that even Bullet for my Valentine harmonizes about but never really grasps.\n\nFinally getting downright crunchy in achievement of what had been lacking throughout the previous twenty-eight minutes, \u201cAcosmic Forces of the Nightside\u201d allows the guitars to flow from gritty riffing moments into melodies through a beautiful interplay, flirting with the arena style of NWOBHM, and showing that Brainslav can concoct an expansive sound with a bit of edge to it. There is hope on the horizon that Bane can be coaxed into this more varied, improvisational, and complex creativity rather than simply sitting on a single sound as though it will get up and bite the band's backside. If the rest of the album had this sort of approach, I would be much more receptive to 'Esoteric Formulae' due to its progressive propensities rather than relentless restrictions. Rather, things are the other way around and Bane is far too enamored with sticking to 'Formulae' without too many sprinklings of the 'Esoteric', ending up playing host to too many insipid bottlenecked moments that fail to make a memorable impact, sightseeing in the realm of accessibility without much exploration even there, in spite of its incessant invocations of dark deities.\n\nFomulaic in substance and barely esoteric in aesthetic, Bane seems to be living far too in kind with one of its homonyms. Bane finds its esoteric aesthetic hampered by too many power metal moments dulling its blade and making more theater out of its sacrificial show than conjuring the forthright notions of the reclusive ritual for which black metal is better known. Even in its darkest hour, 'Esoteric Formulae' is far too accustomed to the rays of the Sun, burning off its thin atmosphere as well as its poisonous potency. Luckily, there are no egregious moments of cringe on this album but it also seems like that sort of zealous venture out on a limb wouldn't have ever entered the members' minds going into the album either. Brainslav could do well to find ways to express himself with more variety between each hook and chorus so as to avoid pigeonholing each track into a single tone and direction. Though the album employs variety in its approaches, it doesn't take them much farther than these basic beginnings, which comes across as though a flat trajectory results from each song's blast off and ends up without atmosphere or compelling reasons to stick around after the first thrust of melodies is exhausted. Surely there is more on the cutting room floor than made it into this release because this album can't help but feel like it is missing many pieces.\n\nOriginally Hosted on \u201cThe Pit of the Damned\u201d: http://thepitofthedamned.blogspot.it/",
                    "date": "November 30th, 2018"
                }
            ],
            "songs": [
                {
                    "name": "Invocation of the Nameless One",
                    "length": "01:15",
                    "url": null
                },
                {
                    "name": "The Calling of the Eleven Angles",
                    "length": "03:47",
                    "url": "https://www.metal-archives.com/release/ajax-view-lyrics/id/4736891"
                },
                {
                    "name": "Beneath the Black Earth",
                    "length": "03:36",
                    "url": "https://www.metal-archives.com/release/ajax-view-lyrics/id/4736892"
                },
                {
                    "name": "Bringer of Pandimensional Disorder",
                    "length": "03:49",
                    "url": "https://www.metal-archives.com/release/ajax-view-lyrics/id/4736893"
                },
                {
                    "name": "Wretched Feast",
                    "length": "03:46",
                    "url": "https://www.metal-archives.com/release/ajax-view-lyrics/id/4736894"
                },
                {
                    "name": "Into Oblivion",
                    "length": "04:35",
                    "url": "https://www.metal-archives.com/release/ajax-view-lyrics/id/4736895"
                },
                {
                    "name": "Burning the Remains",
                    "length": "04:02",
                    "url": "https://www.metal-archives.com/release/ajax-view-lyrics/id/4736896"
                },
                {
                    "name": "Reign in Chaos",
                    "length": "03:31",
                    "url": "https://www.metal-archives.com/release/ajax-view-lyrics/id/4736897"
                },
                {
                    "name": "Acosmic Forces of the Nightside",
                    "length": "05:28",
                    "url": null
                },
                {
                    "name": "Wrathful Reflections",
                    "length": "01:59",
                    "url": null
                }
            ],
            "song_names": [
                "Invocation of the Nameless One",
                "The Calling of the Eleven Angles",
                "Beneath the Black Earth",
                "Bringer of Pandimensional Disorder",
                "Wretched Feast",
                "Into Oblivion",
                "Burning the Remains",
                "Reign in Chaos",
                "Acosmic Forces of the Nightside",
                "Wrathful Reflections"
            ]
        }
    ],
    "album_names": [
        "Chaos, Darkness & Emptiness",
        "The Acausal Fire",
        "Esoteric Formulae"
    ],
    "info": {
        "Country of origin": "Serbia",
        "Location": "Novi Sad, South Ba\u010dka (early); Montr\u00e9al, Quebec, Canada (later)",
        "Status": "Active",
        "Formed in": "2006",
        "Genre": "Melodic Black/Death Metal",
        "Lyrical themes": "Misanthropy, Hate, Hypocrisy, Satanism",
        "Current label": "Black Market Metal Label",
        "Years active": "\n2006-2007,\n2009-2012,\n2013-present "
    }
}