{
    "name": "Belk\u00e8tre",
    "id": "4240",
    "url": "https://www.metal-archives.com/bands/Belk%C3%A8tre/4240",
    "albums": [],
    "album_names": [],
    "info": {
        "Country of origin": "France",
        "Location": "Bergerac, Nouvelle-Aquitaine",
        "Status": "Active",
        "Formed in": "1993",
        "Genre": "Black Metal",
        "Lyrical themes": "Despair, Disgust, Hatred",
        "Current label": "Kaleidarkness",
        "Years active": "\n1993-1997,\n2014-present "
    }
}