{
    "name": "Black Witchery",
    "id": "2782",
    "url": "https://www.metal-archives.com/bands/Black+Witchery/2782",
    "albums": [
        {
            "name": "Desecration of the Holy Kingdom",
            "type": "Full-length",
            "year": 2001,
            "review_num": 4,
            "review_avg": 77,
            "url": "https://www.metal-archives.com/albums/Black_Witchery/Desecration_of_the_Holy_Kingdom/12237",
            "reviews_url": "https://www.metal-archives.com/reviews/Black_Witchery/Desecration_of_the_Holy_Kingdom/12237/",
            "reviews": [
                {
                    "title": "A landmark in USBM - 90%",
                    "content": "You're going to read a lot about this band's rapaciousness, their 'brutality', their allegiance, somehow, to the cult of Blasphemy, following along the lines of that band's two pivotal releases, but it would be intelligent to take all of that with a grain of salt if you haven't heard this band before for yourself. To be honest, I don't know why people reference Blasphemy when discussing Black Witchery, because these two bands really have very little in common, and even less in common with Conqueror - another band that's thrown into the ring when these two bands meet. Really, the only thing these bands have in common is a certain form of vocal wipeout that is created when a vocalist distorts his voice (whether run through a distortion pedal or just an equalizer that increases the intake volume to the point where the signal distorts running into the recorder), and Black Witchery scatters this element over the top of certain songs to tie themselves to Blasphemy (or that band's sound, which they obviously revere as being cult and a good-in-itself) - it's neither the most common form of their vocals or the one they turn to when communication is really called for...like any other kind of effect it is used sparingly, and only for variation, to mix things up a little. \n\nWhen it comes to the root of Black Witchery's sound, they have very little in common with Blasphemy, as that band was always chaotic and unfocused to the point of deconstruction, where their rhythms, melodies, and song writing intent was constantly on the verge of collapse - creating, in the listener's mind of course, a feeling of energetic inspiration, the sort of wild off-the-cuff spontaneity that is often mistaken for some kind of 'freedom' in composition. Black Witchery, on the other hand, are pure structuralists, creating music that always follows certain forms to the bitter end, building riffs on top of each other like reinforced masonry, placing brick after brick of black metal elements on top of each other, one by one, until a very simplistic (and also musically 'pure' - meaning free from extraneous elements, and that's all) and rigid interlocking foundation of melodies and rhythms is created. The most important part of their composition process has to be the choice of what riffs to use in the first few moments of the song, because their song writing only allows for one of three different structures (at least, I counted three, but they are all related, actually), and once the introduction and first main riff is decided, the variations, tempo changes (if any) and the rest of the song is already set in stone. These songs are exquisitely simple to play, and so you know that Black Witchery are not concerned with opening up the communication of atmospheres to the listener so much as creating, through repetition and the energy in the performance of the material, an idea of commitment, resolve, belief, and the maintenance (through a fighting spirit) of black metal's founding aesthetics, right there on the front line, attacking again and again like a spearhead offensive against anyone who would dilute black metal's hatred in the name of false 'progression'. \n\nSo, as I said above, the main idea when considering Black Witchery is somehow accepting a communication of 'purity', both in their sound design (reducing everything in black metal to its simplest elements, and then spinning endless variations off those primary themes), in their ideology (anti-Christianity, and that seems to be all), in their 'image' (thankfully they don't waste time on that either), and in the emotions presented to the listener over the course of this album. Hatred, anger, and more hatred, and that's all. Precious few microseconds of melancholy, and even fewer tastes of negative 'spirituality' outside of the soul-eroding effects of the fight against Christ - which is a battle against the world, let's be honest. Interesting, isn't it? Black Witchery, when presented with the 'decadence' of black metal, as evidenced by the European tradition of 'diluting' the first sounds of the second wave with overtly 'emotional' elements, respond (as so many other bands have done before them) by stripping the machinery down once again to its bare bones, and then using that skeleton key of traditionalism to open up realms of communication which have been left untapped on these shores for far too long. Even a band like Thornspawn, traditionalists to the core and always backwards-looking, can not even compare to the concentration on fundamentals displayed here.\n\nIf I am making this band seem overly simplistic (and thus a little boring) I should add that this almost never comes up when you are in this album's dark embrace. Black Witchery's conviction, strength of purpose, and unassailable emotional drive are utterly convincing once this disc begins to spin. From your speakers erupts a low-frequency wall of distorted spite and sonic violence that immediately circles around your European metal-addled aesthetic 'convictions' and suffocates them without mercy. Wave after wave of rigid, lashing, blood-warm aural torture wraps you in its steel arms and squeezes the life from you...slowly or at lightning speed, depending on one's resistance to musical suggestion. The drumming, as insistent and corrosive as a legion of high-end artillery leveled at an Afghani village, just pounds and pounds away at you until you are too weak to offer any kind of resistance. Can you stand up and raise your hand against this constant battery? Not a chance. And again the guitars descend, falling like an ash-filled black rain, their buzzsaw acidity drawing power from a pyre of Christianity's remains just out of sight, layers upon layers of bone debris, burnt churches, the essence of hundreds of fucking corrupt Christian pigs put to the sword, their screams absorbed, gloated over, considered with pride, and then abstracted and bled out through flying fingers on guitars that are little more than weapons of war. The down-tuned, low frequency melodies distill a lethal poison from their alien writhing, and this black blood seeps from your ears onto your tongue, down your throat, into your heart, and over the image of the Nazarene that has been pressed there against your will, and here, in the dark of night, in the silence of soul, it strangles the Redeemer and throws his twisted form to the dogs. From the depths arises the venom of Black Witchery's vocalist, who barks and spits forth blasphemy and dark commands like a rabid animal foaming at the mouth, or a possessed soldier/priest in the grip of his worst nightmare, trying to scream himself awake. Again and again he raises his whip and urges his followers forward. Attack, attack! Hatred this strong is truly a thing of beauty...\n\nI believe that this album is a landmark in American black metal, as it both pushes aside all the arguments over aesthetics that have been transpiring in this country for the last few years and sets down, for future reference (or for bands who wish to follow it) an undeniable link between this country's former Primacy in outright musical hatred and the future of our black metal scene, which as always been divided into a hundred warring camps of pretension and indeterminacy. 'Follow this road' Black Witchery seems to be saying, and I, for one, would love to see this form of music take over from all of the European-influenced rubbish that passes for 'true' black metal in the States. Brutal, uncompromising, pure metal torture, coming to us now when we need it the most, and falling on these ears to be met with legitimate excitement, and a bliss that only arises in me when I listen to bands that are so sure of their convictions that any kind of 'criticism' outside of a head nod and thumbs-up seems to be excessive...just go buy this thing already.\n\nUA\n\nErebus Magazine\nhttp://erebuszine.blogspot.com",
                    "date": "April 12th, 2013"
                },
                {
                    "title": "Raiders of Impure Sounds - 75%",
                    "content": "Black Witchery is a band that would become the embodiment of barbaric. Promoting an evil agenda that would remorselessly sleep with your girlfriend or possibly kill your dog out of sheer whim. Bombarding your speakers with a specific type of music that isn't likened to anything conventional or conservative. Desecration of the Holy Kingdom is a release that is completely one-sided, even going as far as to avoid a relating middle-ground. The scale is weighted with bleak regard, and a nasty snub from social norms.\n\nThe music adds a single abrupt solo on the track 'Command of the Iron Baphomet,' a short mid-section on 'Into Damnation Eternal,' and short sound-effects on the beginning of 'Chaostorms of Demonic Hate' and 'Blasphemous Onslaught.' Those are probably the only variations on the album that inherently stick-out. If that would completely bother you, then you probably won't enjoy this band and you should consider moving on. This is music that isn't meant for choruses, track-changing or probably not even just a quick listen. It has ear-transfixing qualities that project an almost monotonous feel with minor shifts. A near one-sided projection of certain profane properties, so to speak. \n\nTo achieve this 'trancing' quality, there are barbaric guitar riffs, continuous blasting drums with cymbals and hi-hat countoffs for head-nodding, and also vocals that lead the tracks with a violent on-going effect. The riffs literally sound like they 'hum.' It uses a focused song-writing technique of a few inharmonious tremolo riffs played back and forth, with quite a bit of single and also fastly strummed chords that might use more of an abstract style. There are only a few variations, even among the limited riffs per song. You won't hear clear-cut music or even absolute distinctiveness here on Desecration. The main aspect heard on the drums are the snare and cymbals. He'll pick certain riff changes or pick-up points to add cymbal hits. The guitars carry the background, however the vocals are the main carrier. He uses more of a half-yell, half-scream, with a throat-straining technique. Perpetuating this supporting on-going atmosphere, which sounds more like a raging, disorienting horde, rather than a few guys manipulating instruments.\n\nBlack Witchery appear to be influenced by Blasphemy's Fallen Angel of Doom and demo, 90's Archgoat, quite possibly Von and other blasphemous budding bullies. They spout primitive sounds that embrace evil, chaos and a disassociation to conventional music. A near one-sidedness that doesn't let up or give a balance of any sorts. There isn't an ounce of light escaping this album, even a glimmer would be swallowed with massive jaws and a cavernous, decaying mouth with teeth meant to maim, eventually leading to who knows where.\n\nWhile there are some bands that would play in a similar brash style that can be either murdering or murdered. Stepping on the line with a potential for becoming that exact definition of barbaric in the sense, not the musical descriptor. However, I think Black Witchery sets up smoking atmospherics and mirrors that reflect near hideous medusan ferocity combined with music that isn't a mere effect. Though, honestly this output can take energy and mood to listen to. It heightens certain scheming activities and can definitely become an enhancer. I think its minimalism is so against the grain, and nearly black considering a black-and-white mentality, that it is like that certain spice that gets pulled out on infrequent occasions. Used too much it can lose its juju, used too little and you might start wearing white tees and slacks and donating to charity. Yet excite your guests, pull out that raw, unblessed meaty food prepared by Black Witchery, and hope each one of them happens to be vegan or kosher. And bolt the exits because no one's leaving.",
                    "date": "November 21st, 2008"
                },
                {
                    "title": "Thrashy enough to be somewhat enjoyable... - 64%",
                    "content": "This is something you download or rip from a friend, not something you go out and buy. Unlike your average BR00TAL black metal band, Black Witchery do us the favor of producing their music well enough that it's audible, unlike their buddies Conqueror, while retaining the typical \"raw\" sound to it. The riffs have the average black metal spirit to them, basically everything a half step flat of what it would normally be. However, the good part about it is that they often incorporate some good old-fashioned thrash style into it, somewhat a la Deathcrush-era Mayhem. You'll find yourself headbanging or playing air drums through a good portion of this one, and they keep up a consistent, speedy pace with typical repetitive blasting through most of it. It's no Darkness Descends but if you enjoy thrash you'll get a kick out of the riffs. Vocals are nothing special, nothing awful. Just average. The lyrics are incredibly stupid but fashioned so that they look smart. Oooohhh. I'm a badass! I want to kill every human being on the planet (start with yourselves...let me know how the rest works out)! I worship Satan (which is even more stupid than being religious)! They just talk about that stuff with a Morbid Angel-ripoff style of writing with big words and some very rudimentary imagery. Wow. What innovators. \n\nBasically enough thrash and aggression in it to keep me amused for a while, but unless you're into collecting rare stuff or find it at a very cheap price, don't bother spending money on this one.",
                    "date": "February 5th, 2005"
                },
                {
                    "title": "Black Witchery - Desecration of the Holy Kingdom - 80%",
                    "content": "Band: Black Witchery\nAlbum: Desecration of the Holy Kingdom\nLabel: Full Moon Productions\nRelease Year: 2001\n\nBlack Witchery is an American band, playing Black Metal reminiscent of a cross between Blasphemy and Bestial Warlust. This is their first full-length CD, although they have previously released a split CD (\"Hellstorms of Evil Vengeance\") with Canadians Conqueror.\n\nFor me, the aforementioned split CD established Black Witchery as one of the best American Black Metal bands. This CD more than lives up to the promise of that excellent release, delivering an immersive work of pure aggression.\n\nThe guitars create a wall of relentless black noise, against which the drums and vocals flail. The vocals seemed too ordinary at first listen, but grew on me the more I played this album. They're perfect for the delivery of such straightforward anti-Christian lyrics. Perhaps it's because both vocals and lyrics fit the music so perfectly - primitive and hateful. The songs are all well written and memorable.\n\nThe packaging is quite supreme as well - simple, evocative cover art, all lyrics printed inside, and some of the most perfectly blasphemous interior art I've ever seen (they ought to do a shirt with the center drawing, if they haven't yet).\n\nThis is one of the best new albums I've heard in 2001 so far - highest recommendations. For fans of Blasphemy, Beherit, Bestial Warlust, and the split CD with Conqueror.\n\nStandout tracks: \"Command of the Iron Baphomet\", \"Unholy Vengenace of War\", \"The Angelholocaust\" \n\nReview by Vorfeed: http://www.vorfeed.net",
                    "date": "May 11th, 2004"
                }
            ],
            "songs": [
                {
                    "name": "Desecration of the Holy Kingdom",
                    "length": "04:59",
                    "url": "https://www.metal-archives.com/release/ajax-view-lyrics/id/103642",
                    "darklyrics": "\nThe Morbid Will in Man is to Destroy\nWhat is said to be the Imperishable Kingdom\nFor everything Hath to Perish Before Thee\nWeltering In Blood of the Holy\nThe Matter that Destroys and Devours,\nFlame red are Rays that Burst from Beneath\nThe Flames shall accompany my Invocations...\nSatan! Satan Rise! Supreme and Merciless God!\nTotal Ruin of God's Realm Tempest, uttermost Dread\nThe Fire wich Darth and Flasheth\nThrough all Depths of the Universe\nPeople hear the Voice of Fire!\nWe shall Desecrate the Lord Divine\nInthronization Ceremony Decapitation of the Holy\nForces of Eternal Desecration\nTrempling his kingdom down to dust... Supreme and terrible God\nPlague the Earth and Human Race\nTremble before Thee - For Thy Time is Nigh at hand\nFeeble race of the earth to you I now come\nFrom Ages beyond Ages From The Space beyond your Vision,\nAnd I bring to you these words...\nWith Seven Pentacles consecrated in Saturn Black\nA new commandment I give unto you,\nThat All Men shall be slain and the Heavens Burnt\nA Throne of fornication, much brighter than the stars\nGlory and Honour and Power Merciless Warfare and Strength\nAvenge our Blood on them that dwell upon this earth\nAngel of the bottomless Pit upon the radiant throne of Light\nWith A thousand bestial tongues that blaspheme the Name of God...\nYe all, drink from the Wine of the Wrath of the Fallen\nCast Alive into a lake of Burning Fire Fire - Our Lord's Dominion\nThe Realm that hath been made anew\nLord Tyrant Serpent Almighty In Battlenow Devour the Weak\nRape their Hearts with Splendor\nLet them behold the Symbols and the Names of Uncreation\nForever Terror and Fear Perverted world of immense Pain\nAwaken all thy Legions, whirlwinds tempestuous,\nMost High Conqueror From Beyond the Outer Gates\nAll Gathered hosts of Deadly Hate\nImmortal Headened hearts Barbaric kings, by cruelty raised,\nWith Specters of Black Art\nMetal Blowing, martial sounds Hell's Chaos, ancient Night.\nThe Heavens trmble hard beneath Malignant Resurrection\nInthronizations Ceremony Decapitation of the holy\nForces of Eternal Desecration Trempling His Kingdom Down to Dust...\n\n",
                    "darklyrics_url": "http://www.darklyrics.com/lyrics/blackwitchery/desecrationoftheholykingdom.html#1"
                },
                {
                    "name": "Crush the Messiah",
                    "length": "02:40",
                    "url": "https://www.metal-archives.com/release/ajax-view-lyrics/id/103643",
                    "darklyrics": "\nBurn the Holy Scripture Forged with Lies\nAntichrist Victory in Flames Satanic Will prevailing over All\nRejoicing in the Death of God...\nVicious desecration upon the Feeble, Broken Flock of Jesus Christ\nHoly denunciation, from the Abyss of the Dark We Shall Rise\nCursed Souls damned by the Majesty of Hell Bestial Conjuration\nInfernal Legions summoned to obliterate His Dominion...\nSavior of the Weak Holy prince of Lies\nBastard Son of God I deny your Holy Paradise...\nThe Messiah's Death is now rejoiced as Revelation\nBow down to Me, For the Son of God is No More..\n\n",
                    "darklyrics_url": "http://www.darklyrics.com/lyrics/blackwitchery/desecrationoftheholykingdom.html#2"
                },
                {
                    "name": "Blasphemous Onslaught",
                    "length": "01:43",
                    "url": "https://www.metal-archives.com/release/ajax-view-lyrics/id/103644",
                    "darklyrics": "\nScourging Laws of unholiness burning in the Face of God\nImpure Chants of Demonic Sorcery Invoke Victory of Death\nThe Suffering of Thou holy angels while the Blackest Hatred burns in\nOur Hearts Apocalypse of Malevolence\nUnto the Throne of God... Blasphemy, Death, Desecration!\nAnnihilate the False Trinity\nMerciless Attack of Evil Might Supreme\nCrushing the Lambs of God The Suffering of Thou Holy Angels,\nAngels to be Stormed with our Hate\nImperial Black desecration Horde shall Rise and Burn the mark of Death\nIn the Eyes of the Fallen God...\n\n",
                    "darklyrics_url": "http://www.darklyrics.com/lyrics/blackwitchery/desecrationoftheholykingdom.html#3"
                },
                {
                    "name": "Command of the Iron Baphomet",
                    "length": "03:16",
                    "url": "https://www.metal-archives.com/release/ajax-view-lyrics/id/103645",
                    "darklyrics": "\nDeath Head Legion Infernal Brigade\nVengeace Destruction Conquest Supreme Iron Warlords Dominate\nWolfpacks unleashed embers of Hate\nGloat at the Battle's glowing hell\nAntichrist Command Hail Victory Slaughter the Nazarene herd\nDecimate Annihilate Desecrate Raping the deceiver's lies\nCommand of the Iron Baphomet Antichrist Elitists Rise\nBlack Nuclear Hellstorm cloud Nightmare Death\nHolocaust Hellish Night Command of the Iron Baphomet\nAntichrist Elitist Pride...\nBlasphemous Hails, burning the chapels of Divinity\nAntichrist Command - siege demoniacs' Reign\nWithered weak flesh tremble char and blast away,\nFirestorms raging furious lightning and War - Apocalypse\nBlasphemous glory and death\nGraves give rise from the ashes Culture Pure\nProud Flame infused into Mortal men\nBlack Flames of Doom invoking eternal Demonic Triumph\nDecimate Annihilate Desecrate Raping the deceiver's lies\nCommand of the Iron Baphomet Antichrist Elitists Rise\nBlack Nuclear Hellstorm cloud Nightmare Death\nHolocaust Hellish Night Command of the Iron Baphomet\nAntichrist Elitist Pride... Death head Legion Infernal Brigade\nVengeace Destruction Conquest Supreme Iron Warlords Dominate\nThey who burst through the Dawn Burning the Chapels of Divinity\nUpholding the crush of Destiniy's Embrace\nBlack Witching Saints of Blasphemy\n\n",
                    "darklyrics_url": "http://www.darklyrics.com/lyrics/blackwitchery/desecrationoftheholykingdom.html#4"
                },
                {
                    "name": "Unholy Vengeance of War",
                    "length": "03:41",
                    "url": "https://www.metal-archives.com/release/ajax-view-lyrics/id/103646",
                    "darklyrics": "\nFalling from the Skies, Death and Holy Misery\nAngels of the Light cursed in debauchery and Pain\nHoly Kingdom Raped, burning souls of purity\nweak, merciful God - face the Wrath of Blasphemy and Hate\nDeath unto the skies, storming from below\nFlames consume the Heavens, Holy vision of death\nDesecrate souls of Feeble descent shall perish Beneath Our Arise\nStorming shadowed minions of the Horned One\nShall Rape the Holy Trinity\nDeath unto the skies, storming from below\nFlames consume the Heavens, Holy vision of Death\nDesecrate souls of Feeble descent shall perish Beneath Our Arise\nStorming shadowed minions of the Horned One\nShall Rape the Holy Trinity\nUnholy Vengeance of War Unholy Vengeance of War\nNocturnal Chariots of Death Burning with Hatred For God...\n\n",
                    "darklyrics_url": "http://www.darklyrics.com/lyrics/blackwitchery/desecrationoftheholykingdom.html#5"
                },
                {
                    "name": "Into Damnation Eternal",
                    "length": "03:02",
                    "url": "https://www.metal-archives.com/release/ajax-view-lyrics/id/103647",
                    "darklyrics": "\nUndead Born Before the Stars\nAs spells of Black Magic Haunt through my soul\nI fall into the Abyss, into pinnacle desolate\nAs the Queen of Ghouls and terror caresses my astral corpse\nI Suffer in the Shadows of Thy Mighty Fortress\nI call Thee Master, take My Sacrifice...\nThe Eye of Satan, like glowing Irons Now I condemn All to Hell...\nInto Hell's Fires, the Halls of grim Eternity\nLeft Hand Path of existence was my choice\nNow I hear our prey, they howl and moan in anguish\nThe Devil is laughing, with Thunder in His Voice...\n\n",
                    "darklyrics_url": "http://www.darklyrics.com/lyrics/blackwitchery/desecrationoftheholykingdom.html#6"
                },
                {
                    "name": "Chaostorms of Demonic Hate",
                    "length": "03:29",
                    "url": "https://www.metal-archives.com/release/ajax-view-lyrics/id/103648",
                    "darklyrics": "\nGates of Death now open, Massacres of Humankind\nDestruction of the Church, Holocaust rise to the sky\nTerror, Torture, Tyranny Savaging the children of God\nSacred Hearts torn from the womb, drowning in Divine Blood...\nAs the Black Winds of Death drape the Eternal Kingdom of Light\nChaostorms of Demonic Hate Unleashed by Nocturnal Wrath\nGates of Death now open, Massacres of Humankind\nDestruction of the Church, Holocaust rise to the sky\nTerror, Torture, Tyranny Savaging the children of God\nSacred Hearts torn from the womb, drowning in Divine Blood...\nHAIL - Hail to the Warlords of Death\nWAR - Summoning of Infernal Wrath\nCHAOS - Bestial Vengeance Attack\nDEATH - Eternal Desecration Reign\n\n",
                    "darklyrics_url": "http://www.darklyrics.com/lyrics/blackwitchery/desecrationoftheholykingdom.html#7"
                },
                {
                    "name": "Invincible Antichrist Victory",
                    "length": "02:01",
                    "url": "https://www.metal-archives.com/release/ajax-view-lyrics/id/103649"
                },
                {
                    "name": "The Angelholocaust",
                    "length": "02:42",
                    "url": "https://www.metal-archives.com/release/ajax-view-lyrics/id/103650",
                    "darklyrics": "\nCommander of the Raging Hordes The ones who bring eternal death\nBlack harnished guardians of our race Leading the Angelholocaust\nBlasphemous Masters of the scene Grand Evil Fiends so Pride\nApostles of Satanic Will - Impale the Seed of Life\nWhile the wheel keeps turning we do not stop our deathmarch\nConfront the realms of frozen hope- hate shal fill the hearts\nAnd Whilst they reign and sit in judgment\nOn their Morbid, Dark Eternal Thrones\nMen won't stop suffering Angels won't stop burning\nI summon ye Gods of War Gods of Death Gods of Fire\nGods of Plague Gods of Vengeance Gods of Lust Gods of Mayhem\nGods of Sin Now the Demonlords are Praised...\nCommander of the Raging Hordes The ones who bring eternal death\nBlack harnished guardians of our race Leading the Angelholocaust\nWeeping Angels Bleeding Corpses None shall survive Satan's Wrath\nBut we are free as we kill for Hell as we kill for Him as we Rule.....\n\n\n\n\n",
                    "darklyrics_url": "http://www.darklyrics.com/lyrics/blackwitchery/desecrationoftheholykingdom.html#9"
                }
            ],
            "song_names": [
                "Desecration of the Holy Kingdom",
                "Crush the Messiah",
                "Blasphemous Onslaught",
                "Command of the Iron Baphomet",
                "Unholy Vengeance of War",
                "Into Damnation Eternal",
                "Chaostorms of Demonic Hate",
                "Invincible Antichrist Victory",
                "The Angelholocaust"
            ]
        },
        {
            "name": "Upheaval of Satanic Might",
            "type": "Full-length",
            "year": 2005,
            "review_num": 11,
            "review_avg": 66,
            "url": "https://www.metal-archives.com/albums/Black_Witchery/Upheaval_of_Satanic_Might/69492",
            "reviews_url": "https://www.metal-archives.com/reviews/Black_Witchery/Upheaval_of_Satanic_Might/69492/",
            "reviews": [
                {
                    "title": "Come on, you all know better than this - 50%",
                    "content": "I'm not sure what all the fuss is about here, exactly; Black Witchery seems late to the game with stuff like this. '05? Wasn't everyone bored with this style by 2000? This isn't to say it isn't a capable execution of this style of chaotic black metal (though I'm still unsure as to what 'capable' means in this context), but it isn't really anything awe-inspiring or even new for its time period. Plenty of bands have been doing this style of noisy, primitive, entropic extreme metal basically since 'Deathcrush' hit shelves, and it's not as though there aren't plenty of bands out there churning tapes out in this style across the world- I think Black Witchery just got to Osmose first.\n\nThis is squarely in that Blasphemy/Revenge/Conqueror/whoever else form of black metal: more emphasis on a feeling than riffs and melodies. Black Witchery seems to try to spice it up with murky ambiance complete with distorted, bassy synths and grumbled, ritualistic vocals, but that seems to be more a distraction than anything, or a way to pad out the running time of the album- they're not really gripping since they sound like the same stuff I have a hundred CDrs of from kids in basements across the globe. What's a little more interesting is when you pick the riffs out, which contrary to popular belief are more distinct in the production than people give them credit for as they occupy a pretty different space in the production than the drums; they're like normal black metal riffs played just a little bit off, with short, looping, basically random melodies that are more reminiscent of grindcore than black metal. The guitar tone sucks, but whatever, at least the results are the most interesting thing about this album.\n\nI guess this is primitive, but I think that gives the band a little too much credit since I associate that term with music that has a bit more of a coherent vision and direction than this. This is more 'simple'- songs are composed of just a few riffs each that alternate in simple patterns ala 'Transilvanian Hunger' over a bed of noisy blast beats and ranting vocals. The primitivity of this album seems a bit too calculated to be genuine- the guitarist was in Burning Inside, for christ's sake- and overall I get the sense that this music was crafted with a particular target audience in mind. Black Witchery knows who they're playing too and have been a bit too careful to drape their music in all the trappings of the Nuclear War Now! crowd. Yeah, it's chaotic and noisy, but Black Witchery know that and crafted their music in such a way- it wasn't arrived at out of coincidence or happenstance.\n\nThe major pitfall of this album is that the music simply isn't that interesting. Yeah, it's noisy and chaotic, but I'm familiar with that and Black Witchery isn't doing much more than that on this release. The band doesn't add anything to the formula of being noisy and chaotic; it's rather mechanical in this regard and the band doesn't really attempt to surprise the listener or keep them guessing. Can it really be that chaotic when the music is so predicable? While I admire music with an aesthetic like this, Black Witchery are just doing something already established by other bands rather than blazing new trails. I have a feeling that for most of the people who revere this album, this was the first release of this style they heard; a few years and a few hundred albums of this same stuff later, it doesn't seem nearly as impressive.\n\nOh well. I don't think I'm losing anything by not really 'getting' this- as I said, there's only a few hundred other bands playing in this same style with a similar ethos. Black Witchery don't really do anything wrong, but what they do is more established and refined than they want you to think, and more importantly, I don't get the sense that a ton of effort went into the construction of anything on this release; I wouldn't go as far as to call it a cash-in, but everything about this album seems a little too easy and straightforward for music that's supposed to be so hard and confrontational.",
                    "date": "January 6th, 2011"
                },
                {
                    "title": "Brutal! Vicious! Unrelenting! Dull! - 50%",
                    "content": "Given my liking for extreme black & death metal, plus the fact that I really enjoyed their split album with Conqueror, I really wanted to love this album. Unfortunatley it's one of the more monotonous monuments to brutality that I've heard. Unlike Conqueror and Revenge who shock and impress with their extremity, here Black Witchery merely annoy. Poor production that buries the guitars and reduces the bass tones to repetitive mud doesn't help, but the endless \"whack-whack-whack\" snare drum driven tempos and dull songs don't help either.\n\nI understand that some are blown away by this record's \"extreme\" nature, but it fails for me where any music must have some impact: passion and creativity. The band sound bored delivering these odes to blackness and blasphemy, which is never good for music of this sort. Using some dynamics (light & shade, loud & soft contrasts) would help a lot, but Black Witchery might interpret such ideas as diluting their pure nihilistic war metal values. Whatever. Also there is literally no variation between the songs whatsoever. I mean WHATSOEVER. I've tried listening to this album several times to try and find the nuance differences from track to track. I can swear I hear the same or at least very similar riffs being used from song to song to an almost humorous degree. In this sort of metal, variety is not the spice of life and I understand that. But I can't help but feel that a minimum of effort went into this album, at least partially becuase the band knew that as long they hit the correct trappings, their audience would accept the material without reservation. But I maintain that merely being extreme, even in a flavor of the month underground style like this, is never enough. Black Witchery have done better work than this, and I hope they'll do better in the future. \n\nBands like Angelcorpse, Axis Of Advance and Blasphemy have shown that maximum extremity metal can be done without creating homogenity. It would be cool if Black Witchery would adopt that stance as well.",
                    "date": "March 2nd, 2009"
                },
                {
                    "title": "Another Lesson in Barbarism - 80%",
                    "content": "This is primitive. A now-a-days perception of primitive might be VHS tapes, beepers and dial up connection. Even though there are a few oblivious folks using them still. Your uncle who still wears Brut(e) cologne, nope, even further back. This life style goes back past sword and sorcery and Conan comics to an evolutionary time. Where testosterone was flaring, arguments won over who could kill who, rights to women and a survival sense all fall back on this. The 80s were a breeding ground for this kind of concept. Muscled Schwarzenegger would star as Conan. Gibson and The Road Warrior. Bands like Carnivore would use a concept of a barren World War III; Manowar would fit the dress of a buff Neanderthal. In mainstream music there was an evolution, from just about every band using a snooty solo to state-of-the-art production. Times were moving on. However, there were some bands pushing back with a more primitive brand. Bands like Bathory, which was so underevolutionary, Quorthon might of been revealed as being Big-Foot himself. Hellhammer would lack in technicalness but prove that a brute attitude is what mattered. Bands from all over, that would scream for a saber-toothed tiger to appear right out of thin air. Country varying bands like Venom and Sodom; emerging 90's bands like Blasphemy and Beherit. All with a goal to undermine progressive metal and play loud, sleazy and of course depraved.\n\nBlack Witchery finds their way later on with an evil attitude, and a no-rule, except an eye gouging mentality. One might wonder where the merit of such a hate infused and disassociation to practical music might find its dark path. You might think that lab coat technicians strap up heart monitors and scientifically evaluate the band members to see how someone could play so hard, so long and so fast. I can assure you that their album isn't a scientific anomaly, a fluke, but a primitive album that might not get its daily sunshine and eats glass shards and bacon for breakfast. A band that looks like the background ritualists to witchcraft related Hammer horror movies, instead of your forefronting square-jawed heroes to come and save the foreboding day. \n\nThe recording is pretty minimalistic and effectively achieves this primitive and barbaric feel with intentionally low recording standards to back it up. This has a distant sound and ear-straining qualities that would make someone grab ahold of their own head and defensively quiver. There is hiss, possibly no EQ and effects galore. This, I can imagine, is purposely done to make the mood more tangible to your ears. A corporeal atmosphere that could have essentially been lost with distinctiveness and sterile environments. Taking off the surgical gloves and getting yourself covered from fingertip to elbow in impure filth.\n\nThe drums are a little stifled compared to the last, with enough effects on them to obscure their presence into the background. His snare is a little meshed and doesn't protrude. The hi-hat sounds like it has a combination of echo or delay and reverb attached. This causes it to have a spacy feel, caught with a blurry, you-can't-seem-focus aspect. The guitars are edgier and have an inherently more violent sound quality compared to the previous full length. They still play in a simplistic, primitive fashion. However, he seems to play less elongated notes, with faster in-between time, which I think made them have a new form anxiousness and apprehension. Like they are leading and leading into uncharted domains: a black place devoid of sun and joy, where instead demons frolic and flap their fleshy, far-reaching wings, and fiends lollygag with festering boils and lick blood-stained, feral chops. The vocals run overtop and are a throaty scream/yelled projection of hate, despisal, and over-the-top enough to become a mind-inducing insanity. He adds seething vocalizations that any practical headed yuppie might take a clear distancing for agitation and unnecessary turmoil. They aren't just screamed or yelled at any given place, yet he seems to find and locate the riffs and for the most part stays on time. Which makes a faster oriented release still head-bangable in this regard, along with an abundance of explosive cymbal fills to aid as well.\n\nUpheaval is a continuation of their first full length: an album that adds trancing qualities through repetition, and a tone of wicked chaos. While I'm not a stickler for continuously fast, barbaric black metal, I don't think B.W. are genre-ditto either. The atmosphere they project is more important than what you hear as primal instrumentation. It's sort of like a violent horror movie: it takes the right amount of fear, the right amount of blood, not whether it is physically possible or expertly executed. The bumps are what make it what it is, at least in this band's case; seeing them live and the appropriate spacing between releases helps too. The recordings here include an even harsher production, with even granular music that gives states of uneasiness, worry, alarm, distress and any other related words found in an Unholy Thesaurus; the kind that is filled with un-, non-, dis-, ill-, proper demonology, serial killerology, and even adjectival names of your favorite musicians that have traveled over to the darkside. Black Witchery canvases evil-gravitating words for their second full length, and a combination of music to level, absorb and devour your sense of will and replace it with a hollow shell.",
                    "date": "November 22nd, 2008"
                },
                {
                    "title": "When blasting goes wrong, Mondays on FOX - 27%",
                    "content": "When I first listened to this album I thought that it was pretty awesome, so naturally I continued to listen to it, but after the first listen something odd began to happen. I realized upon giving it another listen that I did not enjoy it as much as I did the first time, it was still good but not nearly as good as my first impression would have suggested. After this I listened to it three more times over the course of two days, and the album got progressively worse with every listen. By the end it was so bad that I couldn't even make it all the way through the album, this is particularly bad considering the album is under 30 minutes long. Now with that said this album isn't completely terrible, it does have some slightly redeeming qualities. The only problem is that the good qualities get completely crushed by the bad qualities, and that's not a figure of speech, the bad parts of this album literally smother the good ones.\n\nSo there are a lot of reasons why this sucks, and they all revolve around the drums. The drums are completely awful and they throw the whole album off track. The drum work consists almost entirely blast beats. It is hard to find one point in this album where the drums aren't constantly blasting away. Now a lot of black metal bands use a whole shitload of blast beats but at least they mix it up from time to time, unlike these guys who apparently have never heard of the concept of variation, or heard about it one time but promptly dismissed it within a few minutes. As one can imagine this gets very annoying as the album goes on. Not only is the drumming completely worthless it is way too high in the mix, and it drowns out (or crushes) the otherwise good guitar riffs. \n\nThe other really big problem with this album is that all the songs sound relatively the same. The drumming always sounds almost exactly the same. There is never a really excellent passage of a song that catches the listener\u2019s ear. The guitar riffs are really the only element of the songs that noticeably change from song to song, but they're so fucking hard to hear because of the bad production. All this comes together and make this one boring, same-sounding, wreck of an album. \n\nSo this album does contain a few good qualities. Ignoring the fact that they are pretty hard to make out the guitar riffs are very good. They are sloppy black metal riffs with a well defined thrash element in them. They're usually quite simple but they work well. Nothing bad can be said about the vocals either. They are a little deeper than typical black metal vocals, and they sound good. The Blasphemy cover at the end is played very well, but all it really does is remind you how much better a band Blasphemy is than these guys. \n\nThis album should serve as an example of how not to use blast beats. Every aspiring black metal musician should own a copy of this; simply to remind themselves that blast beats can work for you but when overused they can just as easily work against you. It really is too bad that the drumming is so bad because the riff work shows some real potential.",
                    "date": "November 11th, 2007"
                },
                {
                    "title": "Savagery and Vengeance - 80%",
                    "content": "Black Witchery's Upheaval of Satanic Might is possibly the most ferocious, abrasive album they have done up to this point and that says a lot for a band as extreme as them.\n\nThe riffs are primitive, violent powerchord progressions similar to Celtic Frost, but backed up by drumming at twice or sometimes even three times the speed. Check out the overwhelming minute-and-a-half onslaughts of songs like \"Profane Savagery\" and \"Scorned and Crucified\" and you'll hear what I mean. The guitar tone, of course, is thick and wretched. The song structures are simple and effective with the short riff phrases being repeated to such an extent in the two to four minute song lengths that it gives the entire album a captivating intensity that may have been ruined if the band had attempted something different only for variety's sake.\n\n\"Heretic Death Call\" is a song that charges forth with such fury that it becomes an impenetrable wall of noise before a short unaccompanied riff allows you behind the barrier. Then the band blast off again at an inexplicable pace even faster than before; totally annihilating your sense of sanity. This fast-to-faster technique is a defining example of the sheer brutality that Black Witchery have summoned on this album and it is used in several of the songs on here. The few solos on this CD sound like simple trills that complement the bestial nature of the songs. Also, they are buried so deep in the mix that they intermittently sound like a squealing pig and a lowing cow depending on the guitarist's finger positioning on the fretboard. The drumming is a relentless bashing that may leave many listeners with shellshock after the CD stops spinning. \n\nIn spite of the powerful and diabolical force of the music, however, there are a few flaws. While the vocals are an inhuman rasp that don't lack for conviction, the phrasing is similar for nearly every song. The cover of Blasphemy's \"Ritual\" is fun, but unnecessary. Nothing against Blasphemy, but another Black Witchery song would have been a better way to use three extra minutes at the end of the CD. The band's image may be frightening to impressionable children, religious fanatics and some pro wrestlers, but to most everyone else Black Witchery look ready for another awesome Halloween! The cover art plays on countless old-school black/death/thrash cliches and is somewhat laughable.\n\nThese faults aside, very few bands can stand against or even beside Black Witchery when it comes to black fucking metal. The production is harsh even by extreme metal standards, but one gets accustomed to it as the album progresses. The performance, or maybe \"ritual\" is a better word, makes no pretentions at overwrought musicianship. Black Witchery are a band who simply want to devastate and desecrate everything in their path and they accomplish this on Upheaval of Satanic Might.",
                    "date": "July 19th, 2007"
                },
                {
                    "title": "Black Witchery - Upheaval of Satanic Might - 98%",
                    "content": "US black metalers Black Witchery identify themselves with a self-conscious musical aesthetic that defines itself by simple speed and brutality. On their second full-length blasphemous crash fest this Florida trio set out with a (seemingly) conscious effort to outdo most, or more preferably all, other black metal bands similarly vying for titles as the most brutal or most raw. Those two credos sum up this release well- raw and brutal. \n\nEmbracing the formula that espouses extremism as a goal rather than a means or natural consequence, Black Witchery employ the proven practice of breaking down structures and progressions into fast, grinding, minimalist riffs under a waterfall of blastbeats. Cyclic grinding quasi-melodies live out their short durations through any number of repetitions, rhythmically offsetting themselves against one another to provide some sense of movement in the brief 1-3 minute lightning-bolt grind fests that make up this record. Production? Audible, but appropriately muddy and distorted (of course). \n\nIf this record aims to be regarded as particularly fast and raw among its black metal peers, it certainly achieves that. A blazing 26-minute maelstrom of ripping sludge riffs and tirelessly pounding blastbeats awaits the brave listener who tests these waters. Whether or not this band has anything to say artistically is another matter entirely; this record shows nothing that hasn't already been done and ends up saying little in the grand scheme of things. Still, for those who appreciate extremity as a self-justifying concept, this record will undoubtedly please. Divine spiritual revelation? Nope, but some berserk metal will do just fine. \n\nSimilar to: Anaal Nathrakh, Arkhon Infaustus, Antaeus",
                    "date": "September 26th, 2006"
                },
                {
                    "title": "The Final Album for Humanity - 92%",
                    "content": "Understand that one day, the impossible will occur. Understand that if all things are possible, then all things must be inevitable. If you believe the most horrific things that could have happened, have occurred before or during your critically insignificant life, then you have never heard a band as unfathomably ferocious as Black Witchery. \n\nIt could come to pass, that an album titled \u2018Upheaval of Satanic Might,\u2019 could seize the imaginations of not just hundreds but Billions of people. Whether this was their choice is wholly and uncompromisingly irrelevant. As the result of a fraction of a blind second, one weak moment of helpless suggestibility, entire days enslaved in the soporific waltz of self gratification, a darkness will descend upon mankind and it will be rent asunder at the hysterical mass realization of the potential of aeons of futile humans stretching towards nothing, scratching around the blasted dusts, milk-eyed and mute.\n\nThis is the legacy of Black Witchery.\n\nThe air vibrated around me carrying on it an unearthly lowing, terrifying in a very physical way that rendered me inert, suppliant to the relentless pounding of Drums (Vaz), not individually discernable beats, but a violently mashed a battery assault, unforgiving yet horrifyingly human. The ripping buzz-saw Guitars (Tregenda) shear away at your ears, chewing into the depths of your skull, probing, raking the insides raw, holding it dead still, prone sacrifice to the cruel predatory maw of the Bass - a yawning void of shifting souls, moaning their wretched guts into the depths of a dense,swirling abyss, driven sadistically by the same unholy beast that shrieks layers of ungodly blasphemations, incantations and tortured guttural invocations. This is Impurath, hound to Satan\u2019s leash and the unyielding force of nature behind this wall of noise. \n\nFor a force of nature this album truly is. Spellbinding, leaving you in raptures. That there is a tangibly human element to \u2018Upheaval of Satanic Might\u2019 is the most disturbing aspect. Once you are able to discern the nagging cyclical riffs, hypnotic sub-bass-lines and what little dispensation to rhythm there is in the drums, from the sheets and sheets of distortion, omnipresent vibration and stabbing screeches, the awful truth becomes apparent. There is a cold, calculating method to this madness that grooves and rocks its way into your body, entrances it and makes it want to shake. When a song is named \u2018Hellstorm Of Evil Vengeance\u2019 and delivers - everything it has straight into your face \u2013 on a level of physical musical communication that remains as a hook in your head pulling at it, scouring the memory of it deeper into you as it plays out it\u2019s short cursed 2.35 lifespan, you begin to question and reject the meagre limitations of the rest of your beloved \u2018music\u2019. The same music you are pleading to for salvation from the horrific onslaught you are half willingly, half powerlessly, subjecting yourself to. \n\nIf you\u2019re looking for musical coordinates to make a clearer picture, forget it. They haven\u2019t drilled that deep into the Earth to bring back those kinds of wretched sounds, despite the rumors. Except that is, for this one 30 minute holocaust. This is not simply Black Metal, nor Industrial Noise, I imply that this is much more than the sum of its parts, and they amount to something much bigger than You, I, and probably Black Witchery can hope to comprehend or command.",
                    "date": "July 6th, 2006"
                },
                {
                    "title": "Raw and Violent - 80%",
                    "content": "Prior to reading anymore than this paragraph I want you fine listeners to follow these instructions. Go to the local butcher store and buy yourself a nice one inch thick porterhouse steak with tasty fat marbling. Return home and unwrap your fine slab of crimson protein. Take the steak in your bare hand, return to the computer, and go to www.metal-archives.com where you will once again find this review.\n\nAlright eager steak wielding listeners take a big bite of that cold bloody raw steak and begin reading the rest of this review. With each bite and chew of that slab of dead cow you should have the sensation for how raw, icy, and grim Black Witchery\u2019 \u201cUpheaval of Satanic Might\u201d disc sounds. Each gnaw of your porterhouse should fill you with an understanding of how fucking primitive this recording is in sound quality and atmosphere. This is the type of music Ted Bundy would have played as he returned to the site of a corpse he had previously raped and murdered with the intention of getting in some newfound necrophilia love.\n\nNever mind the fact that Black Witchery are basically a Blasphemy worship act. Forget any notions of clean Dimmu Bogus production with symphony and melody. No, this shit is straight out Satanic ball tonguing fury with horrible production. The bass is non-existent, and the guitars are a drone of riffage. The drums are more murky than a swamp with snare, cymbal, and maybe bass drum present in a noxious unrelenting blasting affair. The vocals are at the forefront making everything else sound like background music. Imagine standing with your back facing a propeller driven C-130 while shrieking \u201cSatan is good, Satan is King, I love Satan, Satan can ass fuck my ole lady,\u201d and that is exactly how this disc sounds. Hahahaha, well maybe the lyrics are a little different but does it matter? Still, what you got here is a fusion of Black Metal and Grindcore of Satanic proportions.\n\nI read a couple reviews where the tears about the \u201cpoor production\u201d on \u201cUpheaval of Satanic Might\u201d almost caused my computer to short out. See, them same cry girls whimper about everything, and if the music is good they find a reason to be negative. They are little techno-nerds who can play instruments, but they do it without passion or zeal, which is why they don\u2019t have a band themselves. Hell, even if they have a band they suck cause they overanalyze the sound and their play. Then when they do get to \u201cjamming\u201d the music is devoid of emotion. Hahahaha, and those same idiots that bitch about this albums sound or call it cult are idiots too\u2026 How the fuck can it be cult when everyone knows about the recording?\n\nThe only negative to this album is its length. It has 9 songs and 1 hidden track that is a cover of the Blasphemy\u2019 song Ritual. As a whole the album is 29:36 long and if you subtract the Blasphemy cover it is about 26:00 minutes long. My point is that they could have at least made the damned thing in the 35 minute range especially for the reason that the music is rather simplistic. Still, whether it is called Black Metal, Noisecore, or Black Grindcore the fact is this album is made to offend and that is why I get off on it. I like it as an accompaniment for pernicious sex, hard drugs, and animal slaughtering. Even the artwork of Chris Moyen is awesome and the drawing of the nude hottie that has been sacrificed on an alter always stirs my eager cock to life.\n\nRabid reader I want you to finish up that porterhouse, let the gore dry on your chin, and order this CD. In the meantime you can make earrings out of the steak bone and read up on Satanic rituals cause even if you are smart enough to be atheist your gonna feel like burning a Christian once you hear this disc.",
                    "date": "March 3rd, 2006"
                },
                {
                    "title": "Ugh - 10%",
                    "content": "Goddamn, this is horrible! \n\nBlack Witchery have to be the most overrated, piece of shit band in existance today. Their lyrics are childish, their image retarded, and their music, if you can even call it music, downright pathetic. When I first heard the debut album, I liked it, and still do somewhat to this day. It had some thrasy parts mixed in, which added a little variety to the otherwise monotonous blasting. This however just fuckin sucks! \n\nThis album is just song after song of endless blasts(literally), monotonous, under produced guitar, and horrible, uninspired vocals. There is no bass to be found anywhere. You can't hear any riffs being played because of those goddamned drums, which dominate every song. There are no breaks in between all the blasting, and this release is just a fuckin stupid joke. \n\nI usually don't mind endless blasts, ala Marduk and Dark Funeral, but this is just so horrible that nothing matters, there are no redeeming qualities to be found anywhere on this hunk of shit. The reason I gave it a 10 is because of the Blapshemy cover, which is the only break from all the senseless noise. People often compare this band to Blasphemy, Sarcofago, and Beherit. There is a huge difference there. Those bands were good, and Black Witchery is not. \n\nIf you've ever read their interviews, you will know how stupid they are. I advise everyone to avoid this piece of shit AT ALL COSTS!",
                    "date": "January 24th, 2006"
                },
                {
                    "title": "Primitive - 82%",
                    "content": "Finally the comparisons to Blasphemy are justified. \u2018Upheaval Of Satanic Might\u2019, Black Witchery\u2019s second full-length, is more chaotic than their previous releases, and is clearly the product of a band with absolutely no restraint.\nThose who have already heard Black Witchery will know roughly what to expect from this album. If you\u2019re new to the group, then imagine the primitive violence of VON mixed with the intensity of Revenge, and, on this release, more than a hint of chaos, a la Blasphemy.\nThe album starts with a couple of minutes of dark ambience and throaty screams before launching into a violent hyper-blast that only lets up during the intro to the title track, before blasting off again until the end of the album.\nThe production is raw and nasty, and leaves a lot of the guitar riffs indistinguishable from one another. This will put some people off, but Black Witchery have always given us audio-violence over substance.\nThe only track that disappointed me was the Blasphemy cover at the end of the album. It sticks out like a sore thumb, and doesn\u2019t come close to matching the original. This minor flaw aside, however, Black Witchery prove once again that they\u2019re up there with the best.",
                    "date": "October 19th, 2005"
                },
                {
                    "title": "Black Witching Metal! - 80%",
                    "content": "Well, since Blasphemy is once again defunct due to drugs and infighting, it\u2019s good to have a band like Black Witchery around. These guys are to Blasphemy what Scepter are to early Celtic Frost/Hellhammer: ostensibly a shameless tribute band, but with enough identity to make them enjoyable in their own right. The new album doesn\u2019t seem to be aimed at gaining new fans, but rather solidifying their current fanbase. So, we get nine songs of goatcrushing Satanic blastfuckery with absolutely no lame attempts to inject melody or any similar form of gayness into the mix. Good on \u2018em, I say.\n\nAs expected, the production is terrible. Guitars and bass are a fuzzed-out grating mess, although much clearer than, say, Revenge or Bestial Warlust. The drums, meanwhile, are simply a constant pounding blast, with only the snare and cymbals gaining any prominence in the mix. There\u2019s a bass-drum in there somewhere, but it\u2019s buried under a ton of dirt and corpses. Vocals are the most prominent element here, being an intermittent harsh rasp which mostly sticks to the lower register, often reminding me of Martin Van Drunen\u2019s exhortations on Asphyx\u2019s early output, but more atavistic in nature. \n\nAs it stands, Black Witchery is even more primitive than Blasphemy. The thrash influence of the original is entirely nonexistent, leaving the blackened deathgrind sound to completely dominate. This is what Repulsion would sound like if they were devil worshippers instead of sick horror freaks. Of course, no BW disc is complete without a Blasphemy cover, this one including an unlisted take on \u201cRitual\u201d, which makes both the influence and difference even more glaringly obvious. Other highlights include the short, intense \u201cProfane Savagery\u201d which aptly lives up to it\u2019s title, and the utter unleashed violence of the blistering title track, which is an utterly disgusting exercise in sheer abusiveness. \n\nIf you\u2019re looking for well-produced, technical death metal stay as far away from this band as possible. On the other hand, if you want to be violated by a raw, furious onslaught of Satanic filth, trip over your tail in the rush to obtain it. I guess I should also mention the unmistakably awesome artwork provided by Chris Moyen, especially the sick interior artwork \u2013 boobs and blades, can\u2019t go wrong.\n\n\nOriginally written for http://www.diabolicalconquest.com",
                    "date": "May 5th, 2005"
                }
            ],
            "songs": [
                {
                    "name": "Blood Oath",
                    "length": "03:38",
                    "url": null
                },
                {
                    "name": "Heretic Death Call",
                    "length": "02:32",
                    "url": null
                },
                {
                    "name": "Profane Savagery",
                    "length": "01:18",
                    "url": null
                },
                {
                    "name": "Baphomet Throne Exaltation",
                    "length": "04:17",
                    "url": null
                },
                {
                    "name": "Holocaust Summoning",
                    "length": "03:04",
                    "url": null
                },
                {
                    "name": "Hellstorm of Evil Vengeance",
                    "length": "02:35",
                    "url": null
                },
                {
                    "name": "Darkness Attack",
                    "length": "02:49",
                    "url": null
                },
                {
                    "name": "Scorned and Crucified",
                    "length": "01:47",
                    "url": null
                },
                {
                    "name": "Upheaval of Satanic Might",
                    "length": "03:57",
                    "url": null
                },
                {
                    "name": "Ritual (Blasphemy cover)",
                    "length": "03:28",
                    "url": "https://www.metal-archives.com/release/ajax-view-lyrics/id/568128"
                }
            ],
            "song_names": [
                "Blood Oath",
                "Heretic Death Call",
                "Profane Savagery",
                "Baphomet Throne Exaltation",
                "Holocaust Summoning",
                "Hellstorm of Evil Vengeance",
                "Darkness Attack",
                "Scorned and Crucified",
                "Upheaval of Satanic Might",
                "Ritual (Blasphemy cover)"
            ]
        },
        {
            "name": "Inferno of Sacred Destruction",
            "type": "Full-length",
            "year": 2010,
            "review_num": 6,
            "review_avg": 82,
            "url": "https://www.metal-archives.com/albums/Black_Witchery/Inferno_of_Sacred_Destruction/284610",
            "reviews_url": "https://www.metal-archives.com/reviews/Black_Witchery/Inferno_of_Sacred_Destruction/284610/",
            "reviews": [
                {
                    "title": "Not a Single Fuck is Given - 89%",
                    "content": "They simply don't. It's strange. I find myself going back to this record every once in a while whenever boredom strikes. To this date, what is actually appealing about Inferno of Sacred Destruction remains somewhat of a mystery to me. Is it brutality alone that makes me keep returning to this album? Honestly speaking, there is nothing remarkable about the performance when it comes to the overall instrumentation. The riffs are singular, monochromatic feats that are either played forward or backward, or a variation of the two.\n\nMarksmanship is obviously performed with utmost fury. Reckless brutality in full display, with flagrant disregard for harmonious melodies. No. This is not a go-to record for beautiful melodies. The mood is always permeated with absolute carnage from the get go, like a freight train that goes nowhere. The drums are dominant at all times, with relentless battery on the snare. The drum fills are unimaginative. However, as lackluster as it seems, this somewhat gives me a sense of mind-numbing satisfaction. Which is weird. I usually am very picky when it comes to this type of barbaric warring black death hybrid, choosing only those who occupy the chaotic dimensions of controlled chaos with the likes of Archgoat, Ogdru Jahad, Heresiarch, Adversarial, just to name a few. Here however, Black Witchery unleashes more of the same assault that we have all heard before. The strategy remains the same. Rhythmic structure, if one were to dissect apart each and every note, is not much different from their previous works. It is the band's ability to convince listeners in a trance like state that their music varies from one record to another that sets them apart from the rest.\n\nTake for example the title track 'Inferno of Sacred Destruction'. The band slows down just a little bit. The rest is business as usual. 'Kingdom Against Kingdom', originally recorded by Conqueror (also a favorite of mine), is nailed so well. Being quite short in running time, the latter fades out way too soon as in the original recording, leaving you off balance from the steady momentum. Everything comes to a close with 'Ascension of the Obscure Moon', which I think ends on a somewhat positive note.\n\nI don't really want to talk about the intros including 'Sepulchral Witchcraft'. There isn't anything worth mentioning about those three tracks anyway.\n\nAlthough Tregenda, born Steven Clark Childers, has left this planet six years after this album was released, I still feel that his samey riffing is the backbone of Black Witchery. The hypnotic, savagely grotesque riffs have never been the strongest point for this band. For what it lacks for inventive rhythms, they more than make it up for in Impurath's uncompromising vocal performance. The screams are vicious but very natural sounding. You can hear his growls coming straight from the throat, possessed by the devil himself. Obviously, his performance here is a step down from Desecration of the Holy Kingdom. Try and listen to what I considered to be Black Witchery signature anthem 'Command of the Iron Baphomet', and then compare his vocals with on here. Impurath certainly slays on that album. This time around, his vocals are tame in comparison but no less sadistic from when he first started out on the debut.\n\nThis album is recommended to metal fans who want to punish themselves in aural flagellation. Just don't expect anything ground breaking. Certainly not an album of the year material. There is nothing new with the lyrics, nothing that have been said by millions of other bands a million different ways before. But hey, this is Black Witchery. They truly don't give a flying fuck about what haters have to say. Packaging wise, I only managed to get my hands on the jewelcase version after I stopped hunting for the digibook format ever since my Cult of Fire cds were confiscated by local Customs and Excise Department (A big fuck you to these motherfucking hypocrites!! This country is going to hell and so are you!). Anyway, the artwork in the booklet is super dope. Well, expect no less when Sickness 666 is carving those images into your mind. His artwork has adorned the booklets of most Impiety's releases, as well fellow countrymen Draconis Infernum and Infernal Execrator along with Mantak from Sabah. If you are into perverted depictions of un-angelic profanity, then images of seraphs being raped again and again should do you no wrong.\n\nThe DVD part is short and sweet. Black Witchery performed a live ritual in Helsinki with seven hymns that are mostly fan favorite. The sound quality is quite good as well. Though I wish there would be more bonus materials, the concert sits comfortably as an extra nugget for this record.",
                    "date": "March 31st, 2019"
                },
                {
                    "title": "Furious blasphemic storms - 83%",
                    "content": "It is with great pleasure that we welcome the new release from Floridian death-blacksters. Or black-deathsters. Or whatever you want to call them. The unholy power-trio of Black Witchery has returned with their first studio recording since 5 years and they\u2019re here to claim throne of the infamous Ross Bay Cult since \u201cInferno Of Sacred Destruction\u201d contains their most crushing sound ever. \n\nAlbeit runs at only 24 minutes, the new album provides blackmetal at the highest intensity with Tregenda\u2019s guitars building a granite wall of grinding riffs, whereas Imperial on bass and Vaz on drums give enough depth and volume to simply destroy your ears. And for a final touch, you get vocals which although harsh and hateful, they can be distinguished and sung-along. A fact that certainly pleases me.\n\nHowever, none of the above would matter if \u201cInferno...\u201d wasn\u2019t full of songs, where, under their pure noise, with distinct structure, dynamics and a vagrant feeling which could go even go back to mighty Motorhead. The opener \u201cHolocaustic Church Devastation\u201d and the title can easily prove this, where \u201cAscension of the Obscure Moon\u201d that closes the album is almost epic! So here you go, it\u2019s 24 minutes of non-stop sonic attack and to add little spice, there\u2019s a Conqueror cover, a live DVD from a 2009 show in Helsinki and some lyrical help from members of Hellenic blacksters Goatvomit.\n\nSo, no more words are needed, the three guys -who have been together since 1997- are back in business and it\u2019s the best you can get if you\u2019re a follower of Ross Bay scene. All praise the goat!\n\nOriginally written for:\n\nhttp://theantifleshnimbus.wordpress.com/",
                    "date": "June 11th, 2012"
                },
                {
                    "title": "Inferno of black metal racket - 85%",
                    "content": "It\u2019s no secret by now that I\u2019m a fan of things that are unapologetically over-the-top. I can\u2019t think of a modern metal band that embodies this more spectacularly than Florida\u2019s Black Witchery. Everything about the trio, from their Christ-beheading, angel-raping album art to their death-shrouded, graveyard-skulking band photos, to the unrelenting, monochromatic racket that is their music, positively screams OTT. What is it that makes this so appealing? I\u2019ve always liked bands that put a lot of thought into all aspects of their presentation, bands that are sonically, lyrically and visually cohesive, an approach which in turn typically leads to bands being labeled OTT. Black Witchery takes this concept to its illogical conclusion (see also Portal and Gorgoroth for other prime examples). Music this crude, filthy and evil simply wouldn\u2019t have the same effect if it came in a discreet brown wrapper and was being played by dudes in jeans and t-shirts. Indeed, the awful beauty of Black Witchery is the cruel totality of their assault, blasphemy as sensory overload.\n\nFrom the get-go, Black Witchery\u2019s intent has been crystal clear. Smash the skull of the listener with the hammer of Satan. The purity of their approach is admirable, an unwavering dedication to battering the listener into submission while worshipping at the altars of Blasphemy and (early) Beherit. Nothing at all has changed on their third full-length, Inferno of Sacred Destruction. Clocking in at less than twenty-five minutes, the album is the sonic equivalent of blitzkrieg. Wikipedia describes blitzkrieg (or \u201clightning war\u201d) as follows:\n\n\"Concentrating overwhelming force at high speed to break through enemy lines, and, once the latter is broken, proceeding without regard to its flank. Through constant motion, the blitzkrieg attempts to keep its enemy off-balance, making it difficult to respond effectively at any given point before the front has already moved on.\"\n\nWhat might me be truly overwhelming about Black Witchery\u2019s satanic salvo is the fact that it\u2019s the product of only three men, rather than an army. Most bands with twice as many members would have difficulty invoking the level of musical devastation that Inferno of Sacred Destruction is positively crackling with. But it isn\u2019t about the number of guitars, amps or bodies in the band. It\u2019s about conviction. Impurath, Tregenda and Vaz are positively possessed by their music, three metal diehards taking the power trio format to frightening levels of extremity; no melody, no variation, no fucking mercy.\n\nOf course, some might consider these same traits to be Black Witchery\u2019s weaknesses. If you\u2019re coming to Inferno of Sacred Destruction looking for things like catchiness or songs you can tell apart, you\u2019re missing the point completely. Inferno of Sacred Destruction is not about these things. The raw, ugly monotony of the music at first overpowers, but eventually becomes hypnotic, a trance of sonic ultraviolence that drags you into Black Witchery\u2019s world of hate and death and damnation. By the time you\u2019re fully aware of what\u2019s happening it\u2019s over, just as quickly as it began.\n\nOriginally written for http://thatshowkidsdie.com",
                    "date": "August 1st, 2011"
                },
                {
                    "title": "Black Witchery - Inferno of Sacred Destruction - 100%",
                    "content": "There are good albums, there are great albums, there are fantastic albums, then there is BLACK WITCHERY.\n\nOkay, to start with, this album is only 20 something minutes long. There was a 5 year break between the previous one and this one and, honestly, nothing changed at all since then. If anything, music became even more monotonous. No single new riff. Hell, there are almost no melodies here. It's still the same Black Death jackhammer fest as it was back then. The drumming is as monotonous as ever. The guitars are buzzing and the sound is very far from the (so popular today) Abyss or Necromorbus polishedness, so it's hard to distinguish separate notes from this mess. As I mentioned, it's only 20 minutes long, but even a minute of this is enough for every good citizen to turn this off and throw the CD into a garbage disposal unit. I imagine, christians catch serious nausea from this music, pregnant women give birth to stillborn babies, while children, that are already born, receive very late term abortions. The lyrics are simple and, in general, they retell the same old story in the same very words, as if the person, who wrote them, has a very limited vocabulary and doesn't plan to learn anything new any time soon. A traditional cover of Conqueror finishes the picture. An ambient song amidst the massacre briefly changes the pace, but not for long, so who cares. The cover has absolutely no new ideas to it whatsoever. Just a bunch of disgusting demon creatures and a burning church in a traditional Chris Moyen style. We all saw and heard it all a thousand of times already.\n\nIn short, it's Black Metal AS IT SHOULD BE. My absolutely favourite album of 2010 and an absolute MUST for those of you, who values real substance over worthless image wankery.\n\nFor exquisite perverts, the normal non-exclusive edition features a bonus DVD, so you could see this hell live on your TV/computer screens. \n\nOriginally written for From the Pulpits of Abomination blog: http://from-the-pulpits.blogspot.com/",
                    "date": "April 23rd, 2011"
                },
                {
                    "title": "Great EP, Even If They Call It a Full-Length - 80%",
                    "content": "I bought Black Witchery's Inferno of Sacred Destruction by accident, after seeing it and thinking, \"I know there was a band with 'witch' in their name with a new album I wanted to check out.\" Call it a happy accident.\n\nBlack Witchery is a Floridian band that's sometimes been called \"war metal\", an ill-defined tag that generally means thrashy, ugly, unrelentingly aggressive black metal. The tag is appropriate. Every track on here is fast and aggressive; the title track is the slowest one on here, but even it couldn't be considered mid-paced. And the music is definitely ugly. Think early Norwegian black metal heard coming up from a crypt, with all the echo and deeper register you'd expect from the depths of the tomb. The vocals are a deeper version of a black metal rasp, along with the occasional inhuman gurgle, and all the instruments play a whole lot of notes, real fast.\n\nTo go along with the evil sound, they've got the imagery and song titles (probably lyrics too, if you can discern them--I caught something about tearing an angel apart). They would probably be offensive if they weren't hilariously over the top. Highlights of the album like \"Holocaustic Church Devastation\" and \"Barbarism Domination\" are perfect examples of their Dethklok-esque sense of humor. And when you see their band picture on Metal Archives it becomes clear these guys have it down even better than the creators of that show.\n\nTo break up the aggression, they've wisely included some eerie ambient sections and \"Sepulchral Witchcraft\", which is little more than ambient. This leaves you with only 7 short songs, including a cover. Even including the intro and interludes, the total runtime is just over 22 minutes. And they call it a full-length, which to me seems like an outright lie. In my opinion, anything shorter than 30 minutes is an EP, regardless of the standards of the particular band or subgenre. But the length is a good thing, as I could see this becoming tiresome after much longer. It doesn't have a chance to get old. On the downside, there's only one solo (a freaky atonal one on the closing track). And they curiously end some of the tracks with a fadeout, something that seems out of place with these short, punchy songs.\n\nThe Verdict: This is an entertaining EP (by any other name), and I think these guys need to get hired to work on a spinoff to Metalocalypse. If you're looking for something completely evil-sounding and aggressive, but doesn't take itself too seriously, I would recommend it if you could get it at an EP price. \n\noriginally written for http://fullmetalattorney.blogspot.com/",
                    "date": "April 21st, 2011"
                },
                {
                    "title": "Ghastly grinding on nerves and attention spans - 57%",
                    "content": "There are few collectives of Christ trampling individuals here in the States that can quite match the level of miserable power being manifest through the recordings of Black Witchery, the Florida band responsible for such sacrilege as 2005's Upheaval of Satanic Might. However, I'm afraid their level of caustic, narrow, unrelenting aggression does come at a cost here, as there are almost no dynamics here aside from those of planting your skull under their heathen boots and then crushing, crushing, crushing, their bloated, hostile weight seeping through your cranium and making paste of the soft, pinkish contents that may or may not be contained within.\n\nYes, Inferno of Sacred Destruction is predictable, a one trick pony if you will, but a nightmare steed nonetheless that peppers its bleak, \"Intromancy\" or \"Sepulchral Witchcraft\" interludes with carnal sewage the likes of \"Holocaustic Church Devastation\", \"Antichrist Order of Holy Death\", and \"Kingdom Against Kingdom\". No, this is not a bunch of guys you want to drink egg nog and sing Christmas carols with. Their godless tumult would not only provide an instant ticket to the space below purgatory, but a season's fucking pass to the Damned Soul Olympics. Incredibly oppressive, raw guitars bludgeon over noisy, warlike drums while Impurath's hate is poured free like a conflagration of concrete, and at best you're going to get a number like \"Ascension of the Obscure Moon\", the unforgiving 4 minute closer which sounds remarkably similar to the rest of the contents.\n\nSadly, while I can appreciate the band's charnel onslaught, the riffs here simply did nothing for me, bludgeoning along like the very primacy of chaos from which this genre once originated, but never once configuring into hooks that are worth a damn. Thus, you are left with only the bludgeoning atmosphere provoked through their mesh of instruments and torn throats, and I found myself drifting away after even a few minutes. The album's pretty short, only about 22 minutes, so it never really becomes boring, but it's difficult to pay it much thought when you are sure nothing titillating is hovering at the edge of perception. That said, I don't really have anything negative to say. If you appreciate black metal at its most barbaric and primitive, and seek nothing but the affectations of loathing and treachery that this band revel in, or the Osmose and Hells Headbangers imprints in general, then it's not exactly a waste of space.\n\n-autothrall\nhttp://www.fromthedustreturned.com",
                    "date": "December 28th, 2010"
                }
            ],
            "songs": [
                {
                    "name": "-",
                    "length": "01:13",
                    "url": "https://www.metal-archives.com/release/ajax-view-lyrics/id/1995687"
                },
                {
                    "name": "Holocaustic Church Devastation",
                    "length": "03:16",
                    "url": "https://www.metal-archives.com/release/ajax-view-lyrics/id/2420399",
                    "darklyrics": "\nBlasphemous rage, victorious process of scarlet harvest\rDeity of weakness has fallen in shame\rSummoning of black death and holocaust\rEternal blood order evoked\rChurch devastation - upheaval command \rBaphomet commanding for death\rInvincible demoniac's call\rThe eyes of the blackened goat - burning the minions of God \rChurch devastation - Nazarene's holocaust\rDarkness attack commence scourging trinity's race\rChaostorms of holy doom vitriolic rise\rBlasphemous hammer is crushing children of God\n\n",
                    "darklyrics_url": "http://www.darklyrics.com/lyrics/blackwitchery/infernoofsacreddestruction.html#2"
                },
                {
                    "name": "Antichrist Order of Holy Death",
                    "length": "02:41",
                    "url": "https://www.metal-archives.com/release/ajax-view-lyrics/id/2420400",
                    "darklyrics": "\nBlack Prophecies of holy death, Profanation of Scared blood\nInfernal Supremacy, Darkness, Dominion - Holocaust Storm\nBestial Carnage of Jehovah's laws, Holy minions burn in black flames\nAntichrist order of Holy death\nSummoned through Blasphemous hate\n\nThrones of Profane Majesty, Invocating chaos and hate\nBlasphemous storm of destruction, Holy temples burning in flames\n\nTriumphant Order of Black Holocaust\nInvocation of death and doom\nClaws of bestial vengeance are tearing angels apart\nEndless Slaughter of jehovah's flock\nHoly minions crushed, destroyed\nDawn of Eternal Damnation Termination of Christian souls\n\n",
                    "darklyrics_url": "http://www.darklyrics.com/lyrics/blackwitchery/infernoofsacreddestruction.html#3"
                },
                {
                    "name": "-",
                    "length": "00:46",
                    "url": "https://www.metal-archives.com/release/ajax-view-lyrics/id/2420401"
                },
                {
                    "name": "Apocalyptic Carnage",
                    "length": "02:12",
                    "url": "https://www.metal-archives.com/release/ajax-view-lyrics/id/2420402",
                    "darklyrics": "\nSupreme escalation of darkness descending upon the flock of holy scum\rDemonic manifestation of cruelty, torment the corpse of angelic host\rPestilence, genocide and mass rape\rDesolating the breed of the twelve disciples\rDevil horns ascend into the blackened skies upheaval of hatred and Blasphemy \rNuclear devastation descends over the race of divinity\rInfernal holocaust forever prevails\rIron devils crushing the cross\rHoly angels scalded and burned\rMorning star is rising from the abyss of Hell \rGoetic demons of genocide are summoned\rHoly altar is burning and stained with divinity's blood\rJehovah is kneeling down in the graveyard of the holy\rPerpetual curse Antichrist prevails\n\n",
                    "darklyrics_url": "http://www.darklyrics.com/lyrics/blackwitchery/infernoofsacreddestruction.html#5"
                },
                {
                    "name": "Barbarism Domination",
                    "length": "01:52",
                    "url": "https://www.metal-archives.com/release/ajax-view-lyrics/id/2420403",
                    "darklyrics": "\nRitual blade after bloodshed of the Holy priests\rBurning metal sign of Satanas\rcarved flesh offered to the Underworld \rUltimate hordes of the superior unleash the storm attack\rAngels of God defeated kneel to the Murderous storm\rORgies of death in unsilent pits\rEvoking the Black gods\rBlasphemous spell of Nihil prayer\rCommand the black abyss \rWhipped flesh in desolation crucified on Demonic cross\rChrist's blood and flesh devoured to tame the hunger of the fiends\rMinions of hellbound in flames chanting Dark eternal praise\rCelebrating the dark Victory of the Infernal Hierarchy\n\n",
                    "darklyrics_url": "http://www.darklyrics.com/lyrics/blackwitchery/infernoofsacreddestruction.html#6"
                },
                {
                    "name": "Inferno of Sacred Destruction",
                    "length": "03:58",
                    "url": "https://www.metal-archives.com/release/ajax-view-lyrics/id/2420404",
                    "darklyrics": "\nBlack hearts of Damnation arise\nBeast of abomination calls\nHoly minions burning in mayhemic flames of doom\nVictory of death and destruction!\n\nApocalyptic command for death\nBlack moon's rising over the nuclear mist\nPraying for salvation as the holocaust approaches\nThe flock of god is engulfed by wrath of Darkness\n\nBlasphemous storm of death\nDarkness and evil attack\nCrushing the Mass of christian slaves with Black Destructive Might\nInferno of sacred death vomiting forth\nScourge the race of the weak Jehovah's faith\n\nHoly chapels are burning in blasphemous black flames\nSacred minions tormented to death\nInvoke the Seventh Sign\nMayhem wind's death call\nLegions of the blackest blood arise\n\nFallen Purity is scorned\nApocalyptic holocaust command\nSacred minions tormented to death\n\n",
                    "darklyrics_url": "http://www.darklyrics.com/lyrics/blackwitchery/infernoofsacreddestruction.html#7"
                },
                {
                    "name": "Kingdom Against Kingdom (Conqueror cover)",
                    "length": "02:08",
                    "url": null
                },
                {
                    "name": "Sepulchral Witchcraft",
                    "length": "02:05",
                    "url": "https://www.metal-archives.com/release/ajax-view-lyrics/id/2420406",
                    "darklyrics": "\n\n",
                    "darklyrics_url": "http://www.darklyrics.com/lyrics/blackwitchery/infernoofsacreddestruction.html#9"
                },
                {
                    "name": "Ascension of the Obscure Moon",
                    "length": "03:59",
                    "url": "https://www.metal-archives.com/release/ajax-view-lyrics/id/2420407",
                    "darklyrics": "\nI walked through a gateway within a gateway\nin the midst of sulfur black darkness\nblackened by the heavens the obscurity inside of me was lit by your Flames\n\nPraise the darkness that covered the light\nprophecies of the sign of doom\nall of my flesh will come to your adoration\nonly here can my soul be reborn\n\nLord of the world, angel of the abyss\nsee the cathedral I built within my black soul\n\nInvoking the sign of the coming end time\nthe apocalyptic scar reveals\nthe divinity's secret of the swine\nproclamation of the sign of doom\nDesecration of hollow purity\nprofaned seven angels with broken seven trumpets\n\nLord of the world, angel of the abyss\ncrushing the worthless era of silence and peace\nthe ever-flowing Darkness of Lucifer reigns\nprayer and worship swept by profane blasphemies\n\nCrucified to death the christian blind messiah ceased\ndeath celebrated the advent of the cross\nthere is no risen corpse of God to see\npray for the judgement of the final arrival\n\n\n\n",
                    "darklyrics_url": "http://www.darklyrics.com/lyrics/blackwitchery/infernoofsacreddestruction.html#10"
                }
            ],
            "song_names": [
                "-",
                "Holocaustic Church Devastation",
                "Antichrist Order of Holy Death",
                "-",
                "Apocalyptic Carnage",
                "Barbarism Domination",
                "Inferno of Sacred Destruction",
                "Kingdom Against Kingdom (Conqueror cover)",
                "Sepulchral Witchcraft",
                "Ascension of the Obscure Moon"
            ]
        }
    ],
    "album_names": [
        "Desecration of the Holy Kingdom",
        "Upheaval of Satanic Might",
        "Inferno of Sacred Destruction"
    ],
    "info": {
        "Country of origin": "United States",
        "Location": "Winter Springs, Florida",
        "Status": "Active",
        "Formed in": "1999",
        "Genre": "Black/Death Metal",
        "Lyrical themes": "Satanism, Occultism, Death, Desecration",
        "Current label": "Osmose Productions",
        "Years active": "\n1996-1999 (as Witchery),\n1999-present "
    }
}