{
    "name": "Black Tribe",
    "id": "7223",
    "url": "https://www.metal-archives.com/bands/Black+Tribe/7223",
    "albums": [
        {
            "name": "It Won't Stay Dead",
            "type": "Full-length",
            "year": 2015,
            "review_num": 0,
            "review_avg": null,
            "url": "https://www.metal-archives.com/albums/Black_Tribe/It_Won%27t_Stay_Dead/538945",
            "reviews_url": null,
            "reviews": [],
            "songs": [
                {
                    "name": "Introduzione Sgradevole",
                    "length": "01:31",
                    "url": "https://www.metal-archives.com/release/ajax-view-lyrics/id/3617670"
                },
                {
                    "name": "Sarah's Demented Twin",
                    "length": "04:17",
                    "url": null
                },
                {
                    "name": "Saksalaiset kalsarik\u00e4nnit",
                    "length": "01:31",
                    "url": null
                },
                {
                    "name": "From the Depth of Hell 2015",
                    "length": "02:21",
                    "url": null
                },
                {
                    "name": "Severed Hand Holding Daisies (David E. Williams cover)",
                    "length": "03:12",
                    "url": null
                },
                {
                    "name": "Je suis Charlie",
                    "length": "03:18",
                    "url": null
                },
                {
                    "name": "Life Is Still My Prison, but Now I Am the Warden",
                    "length": "02:16",
                    "url": null
                },
                {
                    "name": "You Know",
                    "length": "04:39",
                    "url": null
                },
                {
                    "name": "Freeedom Means Freedom from Others",
                    "length": "03:35",
                    "url": null
                },
                {
                    "name": "Voyages Through the Endless",
                    "length": "01:16",
                    "url": "https://www.metal-archives.com/release/ajax-view-lyrics/id/3617679"
                },
                {
                    "name": "Phoenix",
                    "length": "03:47",
                    "url": null
                },
                {
                    "name": "Born to Die in the Gutter (Discharge cover)",
                    "length": "02:33",
                    "url": null
                },
                {
                    "name": "Alle sagen Nein!",
                    "length": "02:34",
                    "url": null
                },
                {
                    "name": "Untitled",
                    "length": "00:40",
                    "url": "https://www.metal-archives.com/release/ajax-view-lyrics/id/3617683"
                },
                {
                    "name": "The Strange Daze I Feel When Being with You",
                    "length": "02:58",
                    "url": null
                },
                {
                    "name": "Is This the End?",
                    "length": "05:57",
                    "url": null
                }
            ],
            "song_names": [
                "Introduzione Sgradevole",
                "Sarah's Demented Twin",
                "Saksalaiset kalsarik\u00e4nnit",
                "From the Depth of Hell 2015",
                "Severed Hand Holding Daisies (David E. Williams cover)",
                "Je suis Charlie",
                "Life Is Still My Prison, but Now I Am the Warden",
                "You Know",
                "Freeedom Means Freedom from Others",
                "Voyages Through the Endless",
                "Phoenix",
                "Born to Die in the Gutter (Discharge cover)",
                "Alle sagen Nein!",
                "Untitled",
                "The Strange Daze I Feel When Being with You",
                "Is This the End?"
            ]
        },
        {
            "name": "Martial Industrial Metal",
            "type": "Full-length",
            "year": 2016,
            "review_num": 0,
            "review_avg": null,
            "url": "https://www.metal-archives.com/albums/Black_Tribe/Martial_Industrial_Metal/603834",
            "reviews_url": null,
            "reviews": [],
            "songs": [
                {
                    "name": "Intro - Sacred Tears",
                    "length": "05:27",
                    "url": null
                },
                {
                    "name": "Black Sunday",
                    "length": "02:34",
                    "url": null
                },
                {
                    "name": "Martial Industrial Metal",
                    "length": "08:53",
                    "url": null
                },
                {
                    "name": "The Pineal Torch",
                    "length": "04:00",
                    "url": "https://www.metal-archives.com/release/ajax-view-lyrics/id/3977052"
                },
                {
                    "name": "The Sanctity of Virtue as Bestowed by the Gods",
                    "length": "08:47",
                    "url": null
                },
                {
                    "name": "Abyss",
                    "length": "02:21",
                    "url": "https://www.metal-archives.com/release/ajax-view-lyrics/id/3977054"
                },
                {
                    "name": "Endless Blockades for the Pussyfooter (G.I.S.M. cover)",
                    "length": "03:52",
                    "url": "https://www.metal-archives.com/release/ajax-view-lyrics/id/3977055"
                },
                {
                    "name": "Die to Be One (Charles Manson cover)",
                    "length": "03:06",
                    "url": "https://www.metal-archives.com/release/ajax-view-lyrics/id/3977056"
                },
                {
                    "name": "Niemandsland",
                    "length": "03:15",
                    "url": "https://www.metal-archives.com/release/ajax-view-lyrics/id/3977057"
                },
                {
                    "name": "Against the Modern World (Sol Invictus cover)",
                    "length": "02:49",
                    "url": "https://www.metal-archives.com/release/ajax-view-lyrics/id/3977058"
                },
                {
                    "name": "I Am the God Thor, I Am the War God, Here in My Northland",
                    "length": "11:59",
                    "url": null
                }
            ],
            "song_names": [
                "Intro - Sacred Tears",
                "Black Sunday",
                "Martial Industrial Metal",
                "The Pineal Torch",
                "The Sanctity of Virtue as Bestowed by the Gods",
                "Abyss",
                "Endless Blockades for the Pussyfooter (G.I.S.M. cover)",
                "Die to Be One (Charles Manson cover)",
                "Niemandsland",
                "Against the Modern World (Sol Invictus cover)",
                "I Am the God Thor, I Am the War God, Here in My Northland"
            ]
        }
    ],
    "album_names": [
        "It Won't Stay Dead",
        "Martial Industrial Metal"
    ],
    "info": {
        "Country of origin": "Germany",
        "Location": "Oldenburg, Lower Saxony",
        "Status": "Active",
        "Formed in": "1994",
        "Genre": "Experimental Black Metal, Industrial/Noise",
        "Lyrical themes": "Misanthropy (early), Dark humour, Eccentricity (later)",
        "Current label": "Unsigned/independent",
        "Years active": "\n1994-2010,\n2015 (as The Ian Brady Bunch),\n2015-present "
    }
}