{
    "name": "Blood of Kingu",
    "id": "112092",
    "url": "https://www.metal-archives.com/bands/Blood+of+Kingu/112092",
    "albums": [
        {
            "name": "De Occulta Philosophia",
            "type": "Full-length",
            "year": 2007,
            "review_num": 6,
            "review_avg": 76,
            "url": "https://www.metal-archives.com/albums/Blood_of_Kingu/De_Occulta_Philosophia/178710",
            "reviews_url": "https://www.metal-archives.com/reviews/Blood_of_Kingu/De_Occulta_Philosophia/178710/",
            "reviews": [
                {
                    "title": "Atmospheric, intense and relentless - 86%",
                    "content": "This is a revision of an old review written circa 2009.\n\nA sideproject of Roman Saenko, known for piloting Drudkh and a few other bands, Blood Of Kingu is an intense black metal band with strong emphasis on atmosphere, with many of the riffs recalling Hate Forest, or greatly intensified Drudkh material. There are also elements seemingly drawn from some other Ukrainian black metal projects, such as Astrofaes, especially in the darker and more atonal riffs. Considering that it's a project of the Drudkh mainman, Blood of Kingu has surprising black metal authority. It's driven by speed and blasting intensity, and much more a spiritual successor of Hate Forest than Drudkh ever was. The album is consistently relentless, and equally invaried in its riffing style and atmosphere. There's little variety in tempo, and songs are largely distinguishable by memorable riffs alone. Most of them could be concatenated into one large entity without sacrificing the flow \u2013 only the tribal drumming interludes bring variety to the experience. Because of this lack of variety, \u201dDe Occulta Philosophia\u201d can be hard to swallow as a whole despite its compact running time.\n\n\u201dDe Occulta Philosophia\u201d has a prominent ancient Mesopotamian theme. It's not just the interludes and the intro of the album \u2013 the Middle-Eastern sound can be heard in many of the guitar riffs as well, much like in Astrofaes' music. Instead of screams or other vocals styles traditionally heard in the genre, the vocals are low-pitched chants of indecipherable words, sounding like a group of monks reciting ancient prayers for some ancient gods of long forgotten cultures. The vocals are very monotonous and mostly a background element. They create an ominous and dark aura to the music, cumulating to the already very strong atmospheric impact of the music.\n\nIn spite of effects, the largest factor in creating the unique atmosphere of \u201dDe Occulta Philosophia\u201d is the riffing. It can be divided into two main categores for the most part. There are simple, minimalistic riffs that are often dissonant, simplistic and very dark in sound, for example the dark trill riff often heard in Hate Forest's music. The highlight of riffing, though, is the other style: the one Roman Saenko is best known for. Sinister, intense and yet melancholic riffs, created by chaining inventive tremolo-picked chords and intervals, combining harmony and dissonance for a great effect, create the breathtaking atmosphere and emotional expression of this album. The combination of these different guitar playing styles gives interesting contrast to the music, and the two styles are compatible enough to be in excellent balance and concordance despite the otherwise unvaried and uncompromising style of the album.\n\nSimilarly inventive is the style of drumming on \u201dDe Occulta Philosophia\u201d. There are short drum fills placed quite frequently, which is a great addition, since the blastbeats are relentless. The nature of the drumming and the rhythmic aspects of the guitar riffs make the album flow extremely well, only interrupted by the short interludes. However, due to the lack of variety in the music, the album seems like a rather lengthy and very slowly progressing slab of black metal, in spite of being only 28 minutes in length. Its sheer intensity is unexpected given its authors' r\u00e9sum\u00e9 \u2013 \u201dDe Occulta Philosophia\u201d is definitely not a half-hearted sideproject, and it's certainly not intended for fans of Drudkh only.",
                    "date": "November 6th, 2014"
                },
                {
                    "title": "boring ukrainian shit - 42%",
                    "content": "So I guess this is where Hate Forest went after Hate Forest was over. Seems like kind of a regression, doesn't it? I mean, all your heady nationalist concepts and Ukrainian folk anthems then leads to... Babylonian mythology and 10th grade occultism. More amusing is the fact that the music doesn't really seem to have changed in the intervening period: for all the hemming and hawing about Tiamat and Abzu it basically just sounds like a boring Lutomysl CD. The ancient ones HAVE NOT LOOKED ON YOU WITH FAVOR.\n\nHate Forest was always better in concept than execution to me. I mean, I like my droning, folky Slavic black metal. I own like sixty Lucifugum CDs- I'm partial to the style. Hate Forest, though, never really meshed with the rest of the Slavic scene- their melodies seemed much more restrictive and less heartfelt and the delivery reminded me more of the modern Norwegian scene than the particularly unique feel of the Ukrainian scene they came from. I guess this is resolved on 'De Occulta Philosophia', at least in that these guys definitely sound Ukrainian now, from the big droning Branikald guitar and synth walls to the slightly thrashier Dub Buk Passages and (of course) all the nods to Hate Forest, Astrofaes, and other associated projects.\n\nThat's all well and good but the result is not. Mostly I just find this boring- I'm pretty sure I've heard all the riffs on this album before in various Hate Forest, Lucifugum, and Dub Buk songs, but executed with a lot more passion on those releases than this one. Well, maybe not the Hate Forest ones. Seriously though, there's almost nothing to distinguish this from Hate Forest apart from some ill-advised ritualistic vocals and a really, really annoying snare drum sound. There's not really any sense of dynamics; just a lot of blasting for the most part, and none of the riffs express any particular creativity or even novelty. It's literally just a minor rebranding of Hate Forest- it shouldn't even be a new project. Just throw some Ukrainian traditionals on as bonus tracks and call it a fucking day, guys.\n\nLike most albums, this is relatively listenable and the occasional goofy segues into something 'atmospheric', like the incredibly silly hand drum interlude 'Slaughter Of Shudras' are hilarious as well as ineffective. Apart from a vaguely tolerable black metal album with some occasional humor to it, though, what's there to say about this? Apart from that the band really needs to fucking consider their font choices on album covers. Really, guys? How gauche.",
                    "date": "January 14th, 2011"
                },
                {
                    "title": "The Cyclical Philosophy. - 80%",
                    "content": "From the ashes of the defunct Hate Forest rose a phoenix in 2005 by the name of Blood of Kingu. They say fortune favours the brave but I don\u2019t always agree when that expression is applied to black metal music. Occasionally, depending on the right developer behind the music, sticking to a similar path can often pay dividends, too. Take the new Burzum record for example. \u2018Belus\u2019, although recorded many years after Varg\u2019s last black metal piece, sticks to similar themes projected on his earlier works, particularly that of \u2018Filosofem\u2019. Admittedly, there are some alterations, but a fair chunk of the material can be related to that of his older works, including certain ones not mentioned previously. Whilst Varg didn\u2019t totally neglect the expression \u201cfortune favours the brave\u201d, he definitely kept to sound which respects olden day traditions, morals and values. Whilst the black metal scene is bolstered by its fair share of modern day innovators, a large portion of its audience still craves traditional sounding bands who stick closely to their roots. \n\nThis is where Blood of Kingu comes into the equation. I\u2019m no expert on Hate Forest, the band which this act evolved from, but Blood of Kingu isn\u2019t too different from them and some of their sister bands, including the likes of the illustrious and largely adored Drudkh, one of Ukraine\u2019s greatest exports. Although it is more likely that a reviewer will reference Hate Forest\u2019s demise as a key inspiration behind Blood of Kingu\u2019s debut full-length, entitled \u2018De Occulta Philosophia\u2019, I find the earliest Drudkh records a stronger point of reference, though Blood of Kingu, as with Varg\u2019s recent efforts on \u2018Belus\u2019, don\u2019t allow themselves to be viewed as a simplistic carbon copy whereby the material present here is merely recycled from the cuts that didn\u2019t make it on the numerous Drudkh, or even Hate Forest records. Even taking into account the unusual lyrical themes adopted by the band, or the enigmatic vocal style, one can easily conclude from an assessment that Blood of Kingu do differ somewhat, despite the fact that the backbone of this record is largely similar to that of the sister bands combined.\n\nTaking into account Hate Forest\u2019s wintry imagery of glaciers, icicles, blizzards and other such adverse conditions and connotations of the season of winter, mixed in with their sheer aggressive repetitiveness and blend it with Drudkh\u2019s sense of overwhelming melancholy and we\u2019re close to what Blood of Kingu offer, as shown perfectly on the majestic \u2018Stronghold of Megaliths, Thorns and Human Bones\u2019. However, given the wall-of-sound approach that the guitars appear to adopt, \u2018De Occulta Philosophia\u2019 tries to add some flavour to a dish that tastes like something I\u2019ve had and enjoyed before. Although I wouldn\u2019t call the approach a fully blown wall-of-sound depiction, akin to something like Darkspace, I would say that the atmospherics benefit from the extra added dynamics of the guitars biting distortion, though the bass does tend to suffer at the heart of this portrayal as it is only just distinguishable amidst the chaotic, furious stylistic approach of Blood of Kingu, as shown well on songs like \u2018Lair of Night Abzu\u2019 whereby the bass is just about audible enough to be taken into consideration.\n\nHowever, with the vast majority of black metal bands, especially those who adopt such heavy distortion, the bass isn\u2019t meant to be a central figure within the songs and the song writing doesn\u2019t revolve entirely around the bass as if it\u2019s the most pivotal element of the depiction. With my affection for bass, I do consider its sheer lack of involvement a downside, though there is more than enough to make up for this disheartening element of the record, namely found in the guitars and vocals which choose a less than predictable, or traditional way of showcasing themselves. They\u2019re difficult to describe as they\u2019re unique to the band and unlike most other vocals on black metal records. They\u2019re not rasped, nor are they shrieked. They don\u2019t adopt death metal guttural growls and they don\u2019t entertain the idea of proposing melancholic doom like growls either. Instead, what we have here, is a rather unusual piece of juxtaposition in the texture of the vocals. They\u2019re both soft and heavy simultaneously which perfectly combines with the textures of the instrumentation, particularly the guitars. Although not exactly like them, Roman\u2019s vocals remind me of Wrest\u2019s during the self-titled Lurker of Chalice effort.\n\nIf I were going to assess what kind of record this would be based on the filler tracks alone, I\u2019d be left amazed and astonished at the final outcome as the short instrumental fillers do very little to describe the flow of the record. Having said this, they do give the lyrics, which haven\u2019t been supplied by the band, more value because the mythological feel of the instrumental songs brings the themes to life while the rest of the record focuses on the ancient, archaic feel through repetition. Whilst the instruments supply the record with an eclectic tribal sound, particularly that of \u2018Slaughter of Shudras\u2019 with its clean drumming, the remainder of the record is anything but clean. However, areas like the drumming force their way into the limelight, despite being overly repetitive and cyclical for most of the records short duration, during songs like \u2018Chambers of Inpu-sub\u2019 and, especially, towards the end of the wonderfully majestic \u2018Stronghold of Megaliths, Thorns and Human Bones\u2019, when they begin to sound cleaner in comparison to the guitars and take of a more infection style, rather than putting an emphasis on repetition through blast beats. With its electric atmosphere, \u2018De Occulta Philosophia\u2019 has begun the life of Blood of Kingu well.",
                    "date": "March 21st, 2010"
                },
                {
                    "title": "More of a rebranding than a rebirth - 66%",
                    "content": "When Hate Forest disbanded in 2005, Blood of Kingu was the project that rose from the ashes. After a wait of some years the debut album was finally unveiled at the end of 2007. Maybe because of the non-progressive nature of the previous band, most people were expecting little more than a continuation of the Hate Forest aesthetic. And for the most part, they were right.\n\nBlood of Kingu is immediately identifiable as Ukranian extreme black metal - fitting in alongside Astrofaes, Hate Forest, Drudkh et al; the music is steady yet fast-paced with limited use of vocals and big on riff repetition. Similarly, the arrangements are reliant on sequencing programs: all of the tracks are seemingly constructed from individual loops and song \"segments\" which are re-arranged and clipped together to form complete tracks. This was the defining sound for Hate Forest a decade ago, and only helped to add to the exaggerated inhuman nihilism that was the underlying theme of the band. \n\nBut Blood of Kingu pretends to be something new and different, whilst barely changing tact at all. The production is a little closer, perhaps - the band members no longer sound like they are spaced a mile apart on an icy glacier - but the songs themselves are very much from the same mould. The overdriven guitars work methodically through a shopping list of riffs, that do little but pave the way for the next one to follow. The cyclical drum patterns keep the tracks interesting and manage to shift attention at choice moments, helping to convey an illusion of added impetus when in fact few tracks change tempo at all.\n\nThere are few innovations here to mark \"De Occulta...\" out as anything other than a later Hate Forest album - other than the concept and the vocal delivery. Actually, that's not strictly true. There are a couple of drum interludes where the band members slap out tribal rhythms on djembes and bongos. But these are the musical low-points of the album. You have to wonder if all this is reason enough to decommission an existing band and then reform it again under a new logo.\n\nIn balance, the vocals do add an atmospheric element to the sound which wasn't there before, though they are very very low in the mix. Sounding like a small chamber choir of Franciscan monks, the trio of hushed, dour voices brings a cryptic, mystical element to the sound which encapsulates the esoteric themes well enough.\n\n\"De Occulta Philosophia\" does not piss over the legacy of Hate Forest by taking musical risks, that's for sure. Blood of Kingu was justified as a step forward, but there is very little development to show for on this album. For those people who hoped to hear an evolved version of Hate Forest's style, \"De Occulta...\" will probably be a deflating experience. \n\n\n(written for Blast!zine issue one: http://www.myspace.com/blastzine)",
                    "date": "October 11th, 2009"
                },
                {
                    "title": "Black metal moving into the right direction - 91%",
                    "content": "Stunningly beautiful and majestically brutal sums up these songs quite well. I've not really been listening to much metal lately, my activity in the rave scene hasn't really given me much time to listen to much music that isn't breakcore or acid techno, but on the few occasions I still get to listen to metal, this tends to be the first choice and good God, what an incredible choice this is.\n\n\nImagine a slightly more lo-fi Drudkh with hummed/chanted vocals that drone over relentless blastbeats and incredible melodic guitar playing. All songs are basically working with that formula, which is the most apparent in the second song (third track) called 'Mummu Tiamat'. The song starts off with a riff that is suspiciously similar to one of Drudkh's songs on 'The Swan Road' called 'Eternal Sun' but works just as well as it does in that song in a completely different context.\n\n\nThat doesn't mean that Blood of Kingu's a Drudkh or, while we're at it, a Hate Forest clone. While on paper, Blood of Kingu is similar to these bands, the execution and overall atmosphere is rather different. Whereas Hate Forest is total brutality and Drudkh's about the melancholy and gorgeous atmospheres, this band combines these elements and adds a certain amount of Weakling like epicness in there (in style, none of these songs clock over 5 and a half minutes in length -- the riffs are simply huge) and of course, some occasional Middle Eastern instrumentation and tablas.\n\n\nThe vocals are noteworthy as well. As mentioned before, they're chanted drones. No tortured screams, intense mid heavy growls or even majestic clean singing, this is all druid like chanting unlike anything I've heard before in black metal.\n\n\nNearly 30 minutes in length, you can't help but want more but the album starts, flows and ends perfectly. This is a worthy release, up there with the other greats of the Ukrainian black metal scene and I would say that it's even better than anything Hate Forest (this band's predescessor) has released, which are big words coming from a big Hate Forest fan such as myself.",
                    "date": "September 26th, 2008"
                },
                {
                    "title": "A Worthy Successor - 90%",
                    "content": "In 2005 Hate Forest, the legendary Ukrainian nationalist black metal band, disbanded and from its ashes was born Blood of Kingu. Founded by Drudkh and Hate Forest\u2019s mastermind Roman Saenko, Blood of Kingu is still black metal, but in a way that I\u2019ve personally never heard of before. Instead of normal epic black metal with nationalist tendencies as is the case with Hate Forest, Blood of Kingu has a very druidic feel to it\u2026a kind of ancient, stone-age atmosphere of proto-European culture. \n\nDe Occulta Philosophia is very short, clocking at just a little over 28 minutes, and contains 9 tracks of black metal which is instrumentally quite similar to two albums that came out at about the same time, namely Astrofaes\u2019 Idea.Form.Essence and, to a lesser extent, Drudkh\u2019s Estrangement. The element which really makes these three albums sound alike is the drumming. Most of the time the albums is based on standard fast-paced repetitive drumming, as with a lot of black metal, but sometimes, the drumming becomes based solely on the heavy use of cymbals. At first I considered this technique somewhat excessive and I disliked it but after a few listens it quickly marks the songs in which it\u2019s present as positive highlights. There are two tracks in which this technique of basing the drumming on cymbals is used: \u201cStronghold of Megaliths, Thorns and Human Bones\u201d and the closer, \u201cChambers of Inpu-sub\u201d. \n\nWhat makes this Blood of Kingu really stand out however is the vocal style used on this album. This isn\u2019t any kind of rasp or shriek as used in virtually all black metal but instead consists of droning, almost moaning vocals which are very slowly executed. The vocals are very evocative of the druidic, shamanistic style of the album overall. Riff-wise the album is quite repetitive, kind of like Drudkh although with much shorter tracks. \n\nLyrically De Occulta Philosophia deals with Egyptian and Sumerian mythology instead of Roman Saenko\u2019s usual line of Ukrainian nationalism. I\u2019m judging this by the song titles and the content of the booklet, as there are no printed lyrics whatsoever, although judging from the vocals the lyrics can\u2019t be very extensive\u2026 The booklet is filled with nothing but Egyptian figures, mostly gods such as Horus and Anubis as well as scenes of battles and pharaohs. \n\nOverall this album represents a very good effort by Roman Saenko, although I still prefer Hate Forest by a small margin. Hopefully the band will release a few more albums in the coming years which will all be as good as or better than De Occulta Philosophia. This is, however, a very good album, definitely worth getting by anyone who likes black metal with an original feel to it and some unorthodox elements.",
                    "date": "March 15th, 2008"
                }
            ],
            "songs": [
                {
                    "name": "Indoarika Incognita",
                    "length": "01:10",
                    "url": "https://www.metal-archives.com/release/ajax-view-lyrics/id/1268234"
                },
                {
                    "name": "Your Blood, Nubia! Your Power, Egypt!",
                    "length": "04:28",
                    "url": null
                },
                {
                    "name": "Mummu Tiamat",
                    "length": "04:00",
                    "url": null
                },
                {
                    "name": "Stronghold of Megaliths, Thorns and Human Bones",
                    "length": "04:35",
                    "url": null
                },
                {
                    "name": "Slaughter of Shudras",
                    "length": "00:44",
                    "url": "https://www.metal-archives.com/release/ajax-view-lyrics/id/1268238"
                },
                {
                    "name": "Lair of Night Abzu",
                    "length": "05:27",
                    "url": null
                },
                {
                    "name": "Black Spectral Wings of Shaman",
                    "length": "04:45",
                    "url": null
                },
                {
                    "name": "Vajtarani",
                    "length": "00:14",
                    "url": "https://www.metal-archives.com/release/ajax-view-lyrics/id/1268241"
                },
                {
                    "name": "Chambers of Inpu-Sub",
                    "length": "03:03",
                    "url": null
                }
            ],
            "song_names": [
                "Indoarika Incognita",
                "Your Blood, Nubia! Your Power, Egypt!",
                "Mummu Tiamat",
                "Stronghold of Megaliths, Thorns and Human Bones",
                "Slaughter of Shudras",
                "Lair of Night Abzu",
                "Black Spectral Wings of Shaman",
                "Vajtarani",
                "Chambers of Inpu-Sub"
            ]
        },
        {
            "name": "Sun in the House of the Scorpion",
            "type": "Full-length",
            "year": 2010,
            "review_num": 2,
            "review_avg": 73,
            "url": "https://www.metal-archives.com/albums/Blood_of_Kingu/Sun_in_the_House_of_the_Scorpion/269668",
            "reviews_url": "https://www.metal-archives.com/reviews/Blood_of_Kingu/Sun_in_the_House_of_the_Scorpion/269668/",
            "reviews": [
                {
                    "title": "Outstanding - 95%",
                    "content": "De Occulta Philosophia was an excellent piece of Black Metal that provided an excellent atmosphere and imagery. I was looking forward to more of the same when Sun In The House Of The Scorpion was released but what I got was so much more. I would first like to mention the cover art used. It\u2019s a creepy piece by Zdzislaw Beksinski (Leviathan has also used some of his artwork) called Wolf Walker and I think it fits the sound of the album perfectly. \n\nAs soon as the first full length track starts the first thing you notice is the difference in production. This album has a much cleaner, better produced sound. Much better than any Hate Forest or Drudkh release. The next thing you will notice is the vocals. While De Occulta predominately used shamanic droning vocals, Sun In The House continues with the shamanic vocals but also uses a lot more of the harsh vocals reminiscent of Hate Forest. It makes for a much more varied listening experience and I think the inclusion of his vocal style from Hate Forest and Drudkh was a great move. \n\nThe album is overall a more aggressive black metal album than De Occulta was. Where De Occulta had instrumental interludes between most of the songs which gave it a more atmospheric style, this album just has an Intro and an Outro (which are longer than the instrumentals on De Occulta), which I much prefer to the many instrumentals on the previous album. I don\u2019t think that many instrumental interludes wouldn\u2019t have worked well on this album. The songs tend to get straight into the thick of things and that many breaks would have interrupted the excellent flow of the album. The better production on this album gives it a much richer sound (which is very welcome as the thick sound of the previous album made it hard to listen to sometimes) and the guitar and drum work is much more technical than the slightly repetitive and simplistic sound, very like Drudkh, they had on De Occulta. The drums are also much more predominant. \n\nThis is one of the best albums of 2010, and one of Roman Saenko\u2019s best pieces of work to date. I hope the new Drudkh will include a lot of the improvements that Blood of Kingu have added to their music. It has an excellent production, rich sound and catchy riffs that aren\u2019t repeated throughout the album. It ends with a really cool cover of Beherits Gate of Nanna. It\u2019s not a song I ever enjoyed before listening to this cover but the inclusion of droning shamanic vocals to the song makes it much more enjoyable. I recommend this album to every fan of black metal as it is an excellent solid album with bags of replay value.",
                    "date": "August 2nd, 2010"
                },
                {
                    "title": "Blood of Kingu - Sun in the House of the Scorpion - 50%",
                    "content": "Through being a huge fan of the whole Drudkh catalogue signing up to review the second album of Blood of Kingu, an entity that could be best described as a side-project of the surely now legendary Ukrainians, seemed a no brainer. I bang on about a few BM bands with frequent intent in these parts, and for good reason that list is topped by Wolves in the Throne Room, Negur\u0103 Bunget, Primordial and Drudkh; yet due to their publicity shy, no live show policy, Drudkh easily fall under the radar in the admittedly short spaces between albums, failing to get the recognition they deserve. That recognition extends to commendation for releasing some of the absolute best black metal of the last decade, thus setting expectations for \"Sun in the House of the Scorpion\" rather high.\n\nThe factors making Drudkh so special are apparent in the cocktail of sounds forming every track, predominantly in the form of the dissonant and caustic guitar tone, rendered a little more approachable here to accompany the faster average speed across tracks \"Guardians of Gateways to Outer Void\" and \"Ceremonies to Awake Thy Ageless Hate\". Unlike Drudkh however, whom are well-known for allowing their wonderfully crafted atmosphere do the talking, Blood of Kingu take a much more direct approach in sculpting paeans of black metal brutality to accompany the lyrical topics and inspirations of Sumerian and ancient Egyptian mythologies (among others), demonology and astronomy, with double bass hammering an omniscient force and Roman Sayenko's vocals a fierce hoarse growl. With the introduction opener \"Herald of the Aeon of Darkness\" a tendency for ethnic/tribal drumming is noticed, which continues in all too brief interludes at the end of \"Those that Wander Amidst the Stars\" and \"Cyclopean Temples of the Old Ones\"; sloppily tacked on at the end of both tracks - a greater effort to fully integrate these could've earned the band some extra points in this world of carefully crafted extreme metal replete with multitudes of ethnic instruments delicately interwoven.\n\nHowever, despite the insertion of attentive riffs from time to time the lack of variation and subtleties in Blood of Kingu's work across \"Sun in the House...\" is leading to me offer the album an average level mark. Behind the drum pounding the ancient subtleties of Drudkh try to be heard but an overall lack of discernible hooks is causing my gripes, which by the time the album closes with a cover of the Beherit classic \"The Gate of Nanna\" has left me bored and disconnected from the album as a whole. \"The Gate of Nanna\" cover ultimately reveals just what I've been missing: a difference in dynamic and a great riff to latch onto, factors not quantifiable enough throughout to avoid my disappointment from such originally high expectations.\n\nOriginally written for www.Rockfreaks.net",
                    "date": "June 5th, 2010"
                }
            ],
            "songs": [
                {
                    "name": "Herald of the Aeon of Darkness",
                    "length": "00:57",
                    "url": "https://www.metal-archives.com/release/ajax-view-lyrics/id/1895614"
                },
                {
                    "name": "Those That Wander Amidst the Stars",
                    "length": "04:22",
                    "url": null
                },
                {
                    "name": "Cyclopean Temples of the Old Ones",
                    "length": "04:27",
                    "url": null
                },
                {
                    "name": "Incantation of He Who Sleeps",
                    "length": "10:26",
                    "url": null
                },
                {
                    "name": "Guardians of Gateways to Outer Void",
                    "length": "05:49",
                    "url": null
                },
                {
                    "name": "Ceremonies to Awake Thy Ageless Hate",
                    "length": "03:59",
                    "url": null
                },
                {
                    "name": "Morbid Black Dreams Bringing Madness",
                    "length": "02:07",
                    "url": "https://www.metal-archives.com/release/ajax-view-lyrics/id/1895620"
                },
                {
                    "name": "Gate of Nanna (Beherit cover)",
                    "length": "04:33",
                    "url": "https://www.metal-archives.com/release/ajax-view-lyrics/id/1895621"
                }
            ],
            "song_names": [
                "Herald of the Aeon of Darkness",
                "Those That Wander Amidst the Stars",
                "Cyclopean Temples of the Old Ones",
                "Incantation of He Who Sleeps",
                "Guardians of Gateways to Outer Void",
                "Ceremonies to Awake Thy Ageless Hate",
                "Morbid Black Dreams Bringing Madness",
                "Gate of Nanna (Beherit cover)"
            ]
        },
        {
            "name": "Dark Star on the Right Horn of the Crescent Moon",
            "type": "Full-length",
            "year": 2014,
            "review_num": 2,
            "review_avg": 85,
            "url": "https://www.metal-archives.com/albums/Blood_of_Kingu/Dark_Star_on_the_Right_Horn_of_the_Crescent_Moon/425966",
            "reviews_url": "https://www.metal-archives.com/reviews/Blood_of_Kingu/Dark_Star_on_the_Right_Horn_of_the_Crescent_Moon/425966/",
            "reviews": [
                {
                    "title": "Dark Star - 80%",
                    "content": "For those yet unfamiliar with Blood of Kingu, this band is often regarded as the spiritual successor of the mighty Hate Forest. Hailing from Ukraine, this band harbors the same lineup as Roman Saenko\u2019s main band Drudkh, with the exception of the drummer. Released at the end of August on Season of Mist, Dark Star (for short) is their third opus since the foundation of the band in 2005.\n\nThe music of Blood of Kingu focuses mostly on aggression with a dark, shamanic-like atmosphere. Whereas Hate Forest and other similar bands such as Walknut and Ygg tend to use riff repetition in a traditional black metal fashion, creating an epic feel, here the accent is not so much on the riffs themselves but a combination of elements, amounting to an almost oppressive mix of brutality and occult. The end result feels somewhat closer to the realm of black/death, than to more traditional black metal soundscapes, despite borrowing very few death metal musical elements in the composition.\n\nAnd so, without surprises, this album offers us a fast, aggressive blend of black metal with low-pitched vocals, intertwined with shamanic/ethnic elements, which have been present since the band\u2019s debut. Those signature vocals by Roman are, for me, the highlight of this album. He has a rather specific style, producing those very powerful \u201clow screams\u201d, which have always been part of the sonic identity of Hate Forest, and are as good as ever on this release. It\u2019s always a treat to hear them!\n\nThe rest of the music is also on-par with the previous effort from this band; guitar riffs are fast, a bit more complex than before, and the drumming is mostly uncompromising blasting throughout the album. The shamanic elements are used in intros and interludes, but also within songs, mostly in the form of percussions and traditional instruments (or keyboards emulating them) played in very low key. During the songs, those elements are blended-in perfectly with the drums and guitars, without feeling out-of-place at all. This gives Blood of Kingu a unique touch, making their music perfectly recognizable among other bands, even the musicians\u2019 other projects.\n\nLooking back at the band\u2019s previous album, Sun in the House of Scorpio, Black Star feels a bit less interesting, less inspired to me. The riffs stand out less, and the drums are more monotonous. Because of this, it is difficult to pick out highlight tracks from this album, at least from the first listens. I had the same feeling with its predecessor, but it is even more the case here. All this didn\u2019t prevent me from enjoying this release though!\n\nIn conclusion, Black Star is a solid album with a distinctive sound, and I would definitely recommend it to all fans of Roman\u2019s work. It can also appeal to fans of occult black/death metal, as it has a somewhat similar atmosphere. If you are not yet familiar with Blood of Kingu, I would rather recommend the previous album before this one as an introduction to their music, although both are definitely of high quality.\n\n\n(written for Destructive Music: http://destructive-music.com/)",
                    "date": "September 22nd, 2014"
                },
                {
                    "title": "Dark star rising. - 90%",
                    "content": "Roman Saenko is undoubtedly one of the most fascinating figures operating in black metal circles today. Although an elusive character, he has made a profound mark upon the underground with ventures including Drudkh, Astrofaes, Hate Forest, and Rattenf\u00e4nger. Originally conceived as a solo project for the debut De Occulta Philosophia, Blood Of Kingu has since expanded its ranks to include Thurios (Drudkh, Astrofaes, Hate Forest, Rattenf\u00e4nger), Kretchet (Drudkh, Astrofaes, Rattenf\u00e4nger), Vlad (Drudkh, Rattenf\u00e4nger), and Yuriy (Violent Omen). In other words, these gentlemen have a long history of working together. Next in a long line of milestones in Ukranian extreme metal, Dark Star On The Right Horn Of The Crescent Moon is exactly as grandiose as its title would suggest.\n\nSteeped in the mythologies of Sumerians and the Indo-Aryans, Blood Of Kingu is an esoteric take on the nationalistic and pagan themes of Saenko\u2019s other projects. A musical successor to the raw aggression of Hate Forest, Dark Star pushes the violent outburst to new heights, interweaving Lovecraftian black metal with a caustic death metal assault. Those incredible signature riffs are thrown into the bubbling kettle together with furious blastbeats, moody keyboards, and Saenko\u2019s unhinged mix of death growls and throat singing. Both De Occulta Philosophia and the follow-up Blood In The House Of The Scorpion prominently featured tribal drums and moody slower sections. These elements have almost completely been stripped away, with the double-edged outcome of streamlining the overall direction of the album, while toning down the oddity-factor.\n\nAlthough Dark Star virtually shares an entire line-up with Drudkh, there is a paradoxical sense that Blood Of Kingu is finally manifesting itself as more than a side-project, and a venerable beast of its own. Brutal but majestic, wild yet controlled, the torrent of gargantuan riffs is intense and devastating. Thundering epics feel as raw and primal as ever, and Vlad\u2019s resounding use of keyboards adds welcome depth without being obtrusive. Parallels to blackened death metal bands like B\u00f6lzer and Teitanblood arise from time to time, but the artisanship of Saenko always dominates with sound that bleeds the black Blood Of Kingu from every orifice.\n\nDark Star On The Right Horn Of The Crescent Moon basks in the unforgiving blare of ancient gods making war. Blood Of Kingu are their mighty heralds, and the rest of us merely witnesses of their divine paths. Overwhelming and enigmatic, after two albums of finding their footing this feels like a magnum opus. A massive stride out of the shadow of Drudkh, this is up there with The Most Ancient Ones and Autumn Aurora, which should speak for itself. Bow to the bringers of pestilence! \n\n\nWritten for The Metal Observer",
                    "date": "September 21st, 2014"
                }
            ],
            "songs": [
                {
                    "name": "Crowned Scarlet Moon Is Waiting for Eclipse",
                    "length": "05:28",
                    "url": null
                },
                {
                    "name": "He Who Is Not to Be Named",
                    "length": "05:38",
                    "url": null
                },
                {
                    "name": "Mother Hydra",
                    "length": "05:21",
                    "url": null
                },
                {
                    "name": "Enshrined in the Nethermost Lairs Beneath the Oceans",
                    "length": "06:34",
                    "url": null
                },
                {
                    "name": "Red Star on the Path of Ea",
                    "length": "00:49",
                    "url": "https://www.metal-archives.com/release/ajax-view-lyrics/id/2940964"
                },
                {
                    "name": "Sigil of the Watcher",
                    "length": "05:31",
                    "url": null
                },
                {
                    "name": "Prayer to the Gods of Night",
                    "length": "01:52",
                    "url": "https://www.metal-archives.com/release/ajax-view-lyrics/id/2940966"
                },
                {
                    "name": "The Bringer of Pestilence",
                    "length": "04:24",
                    "url": null
                },
                {
                    "name": "The Cycle Returneth",
                    "length": "05:07",
                    "url": null
                }
            ],
            "song_names": [
                "Crowned Scarlet Moon Is Waiting for Eclipse",
                "He Who Is Not to Be Named",
                "Mother Hydra",
                "Enshrined in the Nethermost Lairs Beneath the Oceans",
                "Red Star on the Path of Ea",
                "Sigil of the Watcher",
                "Prayer to the Gods of Night",
                "The Bringer of Pestilence",
                "The Cycle Returneth"
            ]
        }
    ],
    "album_names": [
        "De Occulta Philosophia",
        "Sun in the House of the Scorpion",
        "Dark Star on the Right Horn of the Crescent Moon"
    ],
    "info": {
        "Country of origin": "Ukraine",
        "Location": "Kharkiv, Kharkiv Oblast",
        "Status": "Split-up",
        "Formed in": "2005",
        "Genre": "Black Metal",
        "Lyrical themes": "Sumerian/Egyptian/Tibetan/Indo-Aryan mythology",
        "Last label": "Unsigned/independent",
        "Years active": "\n2005-2016 "
    }
}