{
    "name": "Bongripper",
    "id": "59880",
    "url": "https://www.metal-archives.com/bands/Bongripper/59880",
    "albums": [
        {
            "name": "The Great Barrier Reefer",
            "type": "Full-length",
            "year": 2006,
            "review_num": 4,
            "review_avg": 79,
            "url": "https://www.metal-archives.com/albums/Bongripper/The_Great_Barrier_Reefer/110592",
            "reviews_url": "https://www.metal-archives.com/reviews/Bongripper/The_Great_Barrier_Reefer/110592/",
            "reviews": [
                {
                    "title": "Meh. - 50%",
                    "content": "As a prog fan (and someone who likes both stoner/doom, and exceedingly long songs), I was happy going into this song. I had a remarkably good experience with Light of Day, Day of Darkness, another song of similar length, and was in the 'go big or go home' kind of move. Now, I'm not saying that this song is a 150% value-price load of grade-A bullcrap. But I am saying ... well, it could have been better.\n\nOne of my problems/enjoyments about stoner/doom Metal is the repetitive element. I typically find this genre of metal to be very head-bangy and just fun to listen to. Stoner/doom has a leg up on other genres, in that, when a band gets a cool riff, they know it, and they play it long in order to let the audience enjoy it too. Far too many bands in my experience, when they have a good riff, don't use it enough for the listener, don't manipulate it, don't let it run its course. However, there is at thorn at either extreme; too much repetitiveness can make a riff boring, so you have to be able to read your song's emotion well. Also, we're assuming the riff is good.\n\nThe Great Barrier Reefer is divided into three parts, each about 23ish minutes. The second part is the upswing on the album, 23 minutes of enjoyable riffs, repeated to perfection (but not to oversaturation), filled with head-banging goodness. The third part is somewhere between exceptional and good. For instance, the second part featured exceptional riffs, while the third featured riffs that, while not bad, per se, are also not incredibly good, and not something I would be interested in listening to over and over again. Honestly, the last two thirds of this piece are well worth listening to, at least if you're not looking for Dream Theater-levels of variation and artistry. If you want something to blast out of your car windows on your way to work, or to lift the sign of the horns proudly in the air, the latter 2/3rds of this song are well worth it, and honestly, if they had been the entirety of the song, then my review of this album would have been a great deal different (think more, 80%).\n\nOf course, that's negating the first part ... daaang that poor first part. Now, I'm all for doing new and interesting things in music. I'm all for minimalism, maximallism, artistry and anything that makes a song interesting. If you want to pull a Dream Theater and stick 100+ time signature changes in 6:17 of music (The Dance of Eternity), go for it. If you want to be Hans Zimmer and use a single tune of music to make your entire score (Inception), I'm down with that. If you want to interlace your music with spoken words and speeches for effect, do it ... but remember that uniqueness is least appreciated in excess. I'm referring specifically to the first 7 minutes of this song, which, while presumably an attempt at uniqueness, becomes a heinous indecency to enjoyable music (the last 15ish minutes of this part are feature unenjoyable, indescript riffage that's not worth much of anything; that's pretty much all that can be said about it). The first 7 minutes feature a riff, a creepy acousticy riff which, in and of itself, isn't bad. It actually becomes interesting when a man begins to quote passages from St. John's Revelation. I admit, that this is a novel way to begin a song, and, with a little more thought, could have been incredible. Unfortunately, the song drags on through long ... looong passages (almost three whole chapters of Revelation are quoted), spoken in a dull, unintriguing monotone. To make matters worse, the same guitar riff continues for seven whole minutes, and believe me, this is not one that bears repeating. In the end, going through this song is not an easy experience, even if you like stoner, and even if you enjoy obnoxiously long music.\n\nIn summary, I'd recommend that this is worth at least one listen or two, but not much more. If you're looking for some fun, head-banging music, listen to part 2, and perhaps part 3, but avoid part 1 at all costs. If you're not much into long songs, but are interested in expanding your palate, I would recommend listening to some 7-8 minute Dream Theater songs (\"Panic Attack\", \"Root of All Evil\", \"On The Backs of Angels\", and \"As I Am\" stand out), some longer songs in the 15-25 minutes range (Theocracy's \"Mirror of Souls\", and Blind Guardian's \"And Then There Was Silence\" are good starts), or, if you just want to dive in, go for \"Light of Day, Day of Darkness\", by Green Carnation.",
                    "date": "June 3rd, 2018"
                },
                {
                    "title": "excerpts from the depths - 89%",
                    "content": "In early 2013, the Indonesian government launched an expedition down into the depths of the Marianas Trench to investigate the existence of the Great Barrier Reefer, reportedly one of the heaviest and biggest plants known to humans. Rumors of its mysterious behavior and odd destructive consciousness among scuba divers and other deep-sea explorers have long stirred people's interest, and a publicly known study of this anomaly was the only way to clear things up once and for all. There was only one man daring, curious and stoned enough to travel down to the deepest point on the ocean floor and record observations of a big, weird, and not-necessarily-real plant, however; a hairy Canadian who smelled of smoked sausage and actually tried to convince us that Neige hadn't heard shoegaze prior to recording Souvenirs d'un Autre Monde. What was meant to be a two-week expedition for him turned into more than two months; finally, 79 days after the mission began, he slowly surfaced, permanently incoherent and babbling like an idiot. The only anecdotal evidence that managed to be salvaged was this disconnected series of transcripts, although the issues this guy was having clearly...originated down there. Even with this much evidence, so much of the Great Barrier Reefer remains a mystery, and the government refuses to release any further detail or writings about the Great Barrier Reefer other than these few selections. So much for complete transparency, assholes. \n\nDay 5\nWell, this looks like a bust. So far, since the beginning, it's just been empty, open-note ocean. I'm starting to doubt whether or not this thing even exists; I'm pretty deep down at this point, and still, nothing to be heard expect for faint recorded voices. There's screams and shrieks in the distance every now and then, but they sound like something out of a movie. Still, nothing but emptiness in melodic form. Every now and then some semblance of harmony or form pops out, or things appear to speed up or slow down, but nothing has come of it yet. Light can't even penetrate the water at this point, so it's becoming slightly harder to keep track of the days. There's a...presence in these waters, but I don't know how much deeper the ocean even goes or how much longer I'll be able to last down here. The Great Barrier Reefer is nothing but folklore at this point.\n\nDay 7\nSomething's happening. All went oddly still for a second, and then it just exploded into view. I can't even give what I'm seeing a name, there's clouds of oily sludge rising up, the water's turned murky and grey and down on the ocean floor, it's just...writhing. The water moves according to the waves, but a conscious body seems to be twisting and distorting whatever its reach can grasp at. It's unbelievable! I'll hopefully be able to get a closer look in time, because right now I can only see flashes of that mysterious presence in the midst of murky, droning waters.\n\nDay 13\nIt's beautiful. \nI think it might have been around day 12- can't really remember, you kind of start to lose track of the days down here, but some gorgeous riffs appeared out of the depths. Lush, melodic, and so large in quantity compared to the sparse emptiness that proceeded it, it took days for this thing to come into form but it managed to introduce itself in such an instantaneous and shocking fashion. Everything is alive, even though this thing is huge and moves slower than the waters themselves there's still more going on than you could even look at. I don't know why anybody could ever have regarded this thing as evil; there's far too much prog rock and lackadaisical melody permeating the surface, an amazing sort of deconstruction of the massive, throbbing doom drones that served as a precursor to the melodies. The clouds are clearing up, the water's becoming crystalline, and I'm finally seeing what people have been describing as the Great Barrier Reefer as it really is. It's like staring down at earth from space, it's overwhelming to the point where description feels unnecessary and I just want to take it all in.\n\nDay 22\nOr is it day 23? God, I don't even know. I can't stand to reason my clock works as well down here as it does on the surface, being there's no way I just spent ten days staring at this thing and watching the immaculate melodic riffs fly out. One after the other, all different and unique yet being part of a clear pattern and framework, the legendary entities that assembled the Great Barrier Reefer have a remarkable order and structure to their creation that can only really be experienced first-hand. They've been getting increasingly lighter and more delicate as time goes on, and I will admit they may have lulled me to be very stunned and awed by their nature for a few...days...but around the time of this writing I started hearing a buzz. The water's begun to get a little cloudier around the great beast and the clouds are coming closer to my ship. This ship is pretty tightly sealed but the thick, grey clouds of dust are starting to slowly trickle through the walls of this underwater vessel. I'm starting to get kind of worried, but but not to the point that it's actively troubling. But maybe, just maybe, I'm being lulled into a false sense of security....\n\nDay 25\nI don't have much time to write because I can barely see the paper I'm writing on, this entire place has been filled with grey clouds. It happened without any sort of warning, I can't see where I'm going, the melodies aren't nice anymore, they're turgid and writhing and signal the presence of doom...I need to make sure everything is stable and this ship doesn't explode. The air is getting thicker, this might be my last journal entry, I just need to get the ship the fuck out of he\n\nDay 34\nIt has been days on days and the torturous sludge continues to pour. every time this thing makes me think escape is possible it just hammers the same destructive riff back over my head again. The grey smoke occasionally clears up a bit and everything is sort of dark, with an emanating red glow; kind of like a darkroom, but the sense of dread I felt last time I wrote hasn't left. I've been swallowed into this thing's inner core, and it just drags you down from every angle with its huge, almost tentacle-like stem appendages. My head is spinning and I can't make sense of anything anymore, even finding the energy to write is taking all of my strength right now I have to put this pen down \n\nDay 42\nAt long last, I have gained the strength and clarity to account for my experiences. There's less commotion, the smoke has at long last permanently dissipated, the dreadful doom riffs no longer twist and turn me about and all is shining anew. I'm reminded of some of the greatest moments of Isis and Neurosis, but the modern post-rock influence present in most atmospheric styles of doom metal aren't really present. Instead, there is a feeling of weightlessness in melody right now that brings to mind the grungy, southern sludge of Eyehategod and the vast, spacious clean tones of Kyuss more than anything. The meaning of existence is easily understood in these waters. I don't know if I ever want to go back. There's no apparent direction to head outside of this melodic verse after the thrashing that I was just given, and for all I care, my journey could end here. This is complete bliss. Only slightly differing counterpoint melodies occasionally pop up to give the verse some texture and richness, and there's no real reason to leave this beautiful place. It's been over a month since I've eaten or drank anything under these waters, yet somehow I live to see the living, breathing beast that is the Great Barrier Reefer. Every second of existence in this realm is pure ecstasy.\n\nDay 52\nI think I'm hearing double, man. The same melody's been going on for so long I hear two of them at once. Everything has lost its form, I cannot tell whether I am observing the Great Barrier Reefer from the outside looking in again or whether I am inside its very depths. The date on this entry is pretty much a wild guess, I have determined it is somewhere between day 51 and day 53 down here, so 52 was a nice compromise. What month was it when I left? What is life? Why does everybody not just visit this unexplainable plant themselves? Every day my brain fills with more questions than answers when down here as I get sucked into the story. \n\nDay 54\nThere's some sort of pounding tribal rhythm in the background. I don't like what it seems to signify. All else is silent.\n\nDay 59\nI spoke too soon. The thrashing has begun again. You know, once you get used to it, being whipped about in a constant siege of pulsating doom riffs isn't really as bad as you think it is. Sure, it's abrasive and makes you dizzy, but it is all just part of the grand cycle of chewing you up, spitting you out, and letting your wounds heal before it does the same thing to you again. The Great Barrier Reefer takes you on a sonic rollercoaster with some of the greatest contrasts ever seen when it comes to songwriting dynamics. The peaks are ever higher and the valleys reach to new lows, and after long enough, it Stockholm Syndromes you into loving the constant barrage of dreadfully bleak doom riffs by the time you've been down here as long as I have. It may only have a singular, destructive purpose, but it succeeds so well in executing that purpose that there is no reason not to revere this as you would a god. In time, the heavy-as-lead riffs will slowly peel off their layers to reveal a heart of genuine beauty within.\n\nDay 63\nI have reached the heart of the Great Barrier Reefer. It is nihilistic and ugly. Pure, untainted darkness, writhing in its droning singularity. It is similar to the ocean in that it seems as though there is nothing around and differs in the sense that it truly is all-consuming. There is nothing to be found in here but an endless trench of despair and violence, with every new note that layers itself on to the wall of sound looking to create additional dissonance as opposed to consonance. The whole album's presence is driven by the rhythms in the background that keep a very pronounced presence in the overall sound of the Great Barrier Reefer and gives it the divine sense of order and flow that it has, and they give an accent to every droning pulse that lines the conclusion of the Great Barrier Reefer. I don't know how I'm ever going to get out of this place, but I have no immediate need to leave and it gets more pleasant and harmonious in here every day. Perhaps I will not live the life you on the outside are accustomed to, but my existence will be a fulfilling one nonetheless. \n\nDay 74\nI see the light. Everything has begun to slow down, and a bright aura has filled what was previously an eerie and dark place. It will still take a few days to escape and return to the surface, but the treacherous expedition finally seems to be drawn to a close. This is a dangerous beast that tosses you around like a helpless doll with its psychedelic distortion, and should be approached with extreme caution. Where the cycle ends, when and why is yet to be explained. Maybe one day, we will be prepared to examine the Great Barrier Reefer in its true form, but for now, it is relegated to the realm of legends such as bigfoot or the Loch Ness Monster, because the weight and power The Great Barrier Reefer has to take you on a terrific journey can only really be believed when heard with one's own ears. I think this is something everyone should explore, but not necessarily for fun. It should be a scientific sort of exploration, a meticulous observance of everything The Great Barrier Reefer entails, because the amazing sense of unity makes this an example of how obliterating, crushing doom is done with greatest effect.",
                    "date": "October 14th, 2013"
                },
                {
                    "title": "E pluribus unum: out of many sections, one track - 90%",
                    "content": "Scenario: it's just past your bed-time, you've been a good little boy or girl and Mummy and Daddy have said you can listen to one more song before lights are out. What song will you choose? Why, you would choose none other than \"The Great Barrier Reefer\", a whopping near 80-minute monster that is also the debut album for the marvellously named Bongripper. The song has the added advantage of telling you a brief bed-time story from Revelations in the New Testament over a gentle one-note strum loop in its first seven minutes before launching straight into the music proper. The story is relayed in a peculiar multi-tracked distorted vocal that mimics the voices that might exist in your head if you were possessed by demons. \n\nThe main body of the track crashes down just before the last of the voices finishes speaking and it's an almighty shock indeed: thunderous, crust-laden riffs hit you like almost crumbly concrete tombstones and pound your head repeatedly, aided by relaxed yet quite precise drumming. The guitar sound is thick with sharp-ish noisy crunch. As the track proceeds at its steadily accelerating pace (surprisingly fast for a stoner doom / sludge metal band), the guitars become increasingly busy and take on the air of a turbulent acid-rain shower cascading down in the background, the drums are positively jaunty and a clean-toned bell-like guitar melody starts up. The rhythm changes, becoming choppy at times, and the drum-beat changes too, speeding up the song and changing the mood from serene and laid-back to frantic and near-deranged. The track passes through experimental stages such as one at about the 20th minute where the only instruments playing are two guitars, one distorted and bleeding raw texture, the other very clean, pure-toned and dreamy and tranquil in mood while its counterpoint twin tears itself apart.\n\nAn excellent section comes at the 25th minute, dominated by a repeating loop of pummelling drum-beats which the guitars imitate and with the help of effects convert into something very spaced-out and deliriously mind-spinning. There follow about 17 minutes of crazed space sludge guitar flying high in the air and clean raindrop guitar tones going splish-splash about in no particular direction while the percussion forges ahead with its own demented exploration of rhythm texture and pace amid crazed cymbal crashes. The music comes to a near-climax but withdraws teasingly into another outburst of drumming and cymbal chaos and chuggy motorik guitar texture. Past the halfway mark and the music enters a relaxed, desert-beach-hazy mode in which a lazy acoustic guitar loop repeats over and over with echoing licks ascending into space like runaway balloons.\n\nThe music changes again and again and astute listeners will have noticed that each section of the music, lasting at least 5 or 6 minutes and sometimes as long as 20, is based around a repeating riff or rhythm loop that gradually but insistently unravels or increases in intensity or mood until it becomes unrecognisable and the musicians have gone in different directions, rather as though they started at the point of the Big Bang and then everything zoomed out, expanding and spinning out variations and their variations as it does so. Generally the music speeds up, becomes choppy and unhinged, the mood is more excitable and listeners will think anything and everything that can happen, will.\n\nIf the Bongripper fellers recorded this entire track in one take (give or take a few polishes here and there), then they certainly put in a lot of effort and concentration to wring out of disparate pieces of music strung together in linear fashion something that feels quite unified, whether it be in the similar structural approach of each section of the music or in the way each succeeding section seems to build on the previous section in complexity and mood. Initially the different sections retreat from what would be their climaxes but each section gets closer and closer to the pyrotechnic stage until at last the expected Mother of All Explosive Climaxes arrives and it's a very beautiful thing to behold. \n\nPerhaps the music could have been edited for length and the whole thing made a bit tighter but personally I don't mind the track being so winding and leisurely in parts. Some listeners will find it too long and others too short. From a purely technical point of view, I think the piece could have been separated into numbered tracks for ease of listening - but then children will be robbed of that one last song before bed-time and I wouldn't like the poor kiddies to curse me for that suggestion.",
                    "date": "January 21st, 2013"
                },
                {
                    "title": "Bongripper's best to date. - 87%",
                    "content": "A lilting, calm, one-note theme played on a clean electric guitar introduces Bongripper\u2019s debut, The Great Barrier Reefer. This is their best release to date; it\u2019s the most focussed, and contains their best songwriting. Although certain individual songs on follow-up Hippie Killer would be better than anything found on this release, the album as a whole is less good. The Great Barrier Reefer takes the form of a single song of the same title, almost an hour and twenty minutes in length.\n\nThe introduction is one of my all-time favourite album opening sections. It\u2019s just that one note over and over, in a gentle, swaying rhythm. It\u2019s multi-tracked and layered so that it has a surprisingly emphatic presence, and doesn\u2019t feel thin or weak. Over this, a distorted, slightly pitch-shifted treated voice performs a lengthy reading from the Book of Revelation\u2014the passages dealing with The Great Dragon\u2019s war on heaven, and with The Great Beast with seven heads and ten horns. In other words, these are some of the more entertaining Bible passages. Due to they way they are presented, however, the words are often slightly difficult to make out, and they aren\u2019t so important to the experience in any case; the overall effect generated by this portion is a kind of hypnotic, mesmerising aesthetic. It really draws the listener in, projecting a rather curious, but ultimately quite gripping mood. It really endears me to the piece as a whole, which starts after some seven or eight minutes, and almost seems to come too soon. It should be pointed out, however, that I am a fan of minimalism and this section won\u2019t appeal to everyone. However, I embolden the listener to try to appreciate it for what it is: a prologue, of sorts.\n\nNow that the scene is set, the first big metal riff is free to blast in, and it\u2019s a great one. The Great Barrier Reefer, apart from the intro, and some calm sections later, is primarily built around solid, groovy stoner metal riffs with minor influences from sludge and stoner doom. It\u2019s entirely instrumental after the intro, and is performed using drums, bass, and guitar only. A liberal application of various unusual guitar techniques, to say nothing of creative riffing and thematic development, are used in order to keep the music interesting. Although the bass is not nearly as audible or prominent as it would be on later releases, careful listening reveals that it is generally to be found to be doing something interesting. Petzke is a talented performer indeed. The drums, performed by O\u2019Connor, are also important to the overall sound, chiefly using variations in snare, bass drum, and crash symbol patterns to push the music forward. This driving effect is quite important, because while the pace is actually mid-tempo\u2014faster than would be expected from a release of this length and nature\u2014it does flirt with slipping into lazy, stale patterns. The drums quite effectively prevent this from occurring. This is best demonstrated by a lengthy section of clean guitar and bass that is performed without drums, near the middle of the song. Without the percussive drive, this section gets lazy, loose, and sloppy, and fairly dull as a result. It is the worst feature of the album.\n\nThe structure used in this release is fairly simple. It consists of a number of fairly lengthy sections, mostly about ten minutes long, give or take about five. Each section begins with a heavily-repeated riff. However, on each repetition, something is changed. The drummer will start adding extra fills, for instance, or the bass will perform a counterpoint melody. The use of two guitars allows for substantial alterations to the sound also\u2014dropouts, stop/starts, harmonising or counterpoint, or sometimes one guitar will begin creating almost random-sounding noise, similar to the second guitar part on Her Highness. Clean guitar is also used on occasion to produce much mellower versions of the portions, but this gentler approach is far less often applied than on Hippie Killer. The riffs are generally built around a solid thematic core, but moderated until they are barely recognisable or identifiable. Mellower and harsher versions of the riffs are explored, and the degree of complexity changes frequently. Accordingly, they never get boring. This is a superior treatment to all of the following releases, which do use this technique, but not to the same extent. Accordingly, the longer songs on these albums can tend to drag. Additionally, although The Great Barrier Reefer does contain a couple of sections which are based more around guitar noise than anything, these tend to follow fairly logically from the metal sections and are not nearly as abstract or contextless as the noisy interludes on Hippie Killer, nor as protracted as those on Hate Ashbury. As such, this album is far more consistently enjoyable than either of those releases.\n\nIt does have to be said, however, that the decision to present the entire album as one track wasn\u2019t necessarily entirely appropriate. When I listen to it, I hear 8 distinct sections. Bongripper would have been better advised to set these as separate tracks with numbers, similar to Hate Ashbury. Although I personally prefer to listen to albums as a whole, I know that many listeners would prefer to skip the intro and the big, over-long, clean middle section. Additionally, it\u2019s fairly frustrating not to be able to jump back to approximately the right point if the listening session gets interrupted. I wouldn\u2019t mind so much if this felt like it was really one song, like Dopesmoker for example, but it just doesn\u2019t have that unified characteristic. Nor is it quite as absorbing as Sleep\u2019s masterwork is.\n\nDespite the flaws\u2014most importantly, that unsatisfying middle section\u2014The Great Barrier Reefer is a really great piece. Contrary to the experience that I have had with many bands of their ilk, Bongripper have shown that they can make their best music when they keep it simple, and don\u2019t start dwelling on experimental pieces and noise tracts. Sometimes the foundations are the best, and this highly enjoyable slab of stoner metal/doom highlights that fact with aplomb and style.",
                    "date": "May 21st, 2009"
                }
            ],
            "songs": [
                {
                    "name": "The Great Barrier Reefer Section 1",
                    "length": "25:10",
                    "url": "https://www.metal-archives.com/release/ajax-view-lyrics/id/799152"
                },
                {
                    "name": "The Great Barrier Reefer Section 2",
                    "length": "28:40",
                    "url": "https://www.metal-archives.com/release/ajax-view-lyrics/id/2960583"
                },
                {
                    "name": "The Great Barrier Reefer Section 3",
                    "length": "25:32",
                    "url": "https://www.metal-archives.com/release/ajax-view-lyrics/id/2960584"
                }
            ],
            "song_names": [
                "The Great Barrier Reefer Section 1",
                "The Great Barrier Reefer Section 2",
                "The Great Barrier Reefer Section 3"
            ]
        },
        {
            "name": "Hippie Killer",
            "type": "Full-length",
            "year": 2007,
            "review_num": 3,
            "review_avg": 91,
            "url": "https://www.metal-archives.com/albums/Bongripper/Hippie_Killer/144025",
            "reviews_url": "https://www.metal-archives.com/reviews/Bongripper/Hippie_Killer/144025/",
            "reviews": [
                {
                    "title": "80 minutes of Post-Sludge - 93%",
                    "content": "When I first heard of a band called \"Bongripper\" I immediately thought \"oh my god, again one of these standard stoner-sludge bands like Belzebong\". Don't get the wrong end of the stick. There are absolutely great stoner-sludge records out there. Bongzilla is a great example of that, but one might get the feeling that most of the newcomer bands of this genre get boring pretty fast and focus too much on sounding like the \"masters\" than creating their own authentic style. However, a friend of mine told me Bongripper made some really nice records, so I took the \"Hippie Killer\" on my mp3-player, went to a river nearby my home, heard Black Sabbath's Paranoid for a 1000000th time, and the next band in the alphabetical order was Bongripper. As I said, I didn't expect that much, but what I heard totally blew me away.\n\nHippie Killer starts with an atmospheric intro that takes about two minutes. After this rather quiet introduction to this brutal masterpiece, it's time for their first \"hit\" on this record called \"Reefer Sutherland\", 16 minutes beginning with a brutal sludge riff that will stay in your head for the rest of the month. The song goes on and at some point it breaks and gets more and more atmospheric, even Yawning Man-style psychedelic. At this point you could think it's rather Hippie Creator than Hippie Killer, but when \"Terrible Bear Attack\", a classic and aggressive sludge song (and by the way, the only Bongripper song with vocals) begins, you first realize how low their instruments are tuned. I guess it's A-D-G-C-E-A. The songs \"Osaria\", \"Je m'appelle\", \"Droid Developer\", as well as the intro, \"Tranny Ride\", act more like connections between the other songs to keep the album flowing.\n\nAnother part you don't expect is the 2nd hit, \"Charlie, Burt Reynolds Has Got Shit on You\", which sounds like a really, really deep post-rock/post-metal song. Very atmospheric, very emotional, and very melancholic. Melancholic highness is caught in a song, but not played. It's really fuckin' authentic and touching, as kitschy as it might sound. This is one of the songs that prove that Bongripper are NOT like all the other stoner-sludge bands out there, but pay attention, this might not be your kind of style if you are not familiar with atmospheric sludge bands like Isis or Cult of Luna. \n\nBut seriously, the way \"Charlie, Burt Reynolds Has Got Shit on You\" is less brutal, the last two tracks, \"Thanks for Sticking Around\" and \"Her Highness\", are even more brutal. \"Thanks for Sticking Around\" isn't even sludge. It's drone/doom. I am still stunned that these guys had the balls to write a fuckin' drone/doom song for this album even if it's one of the weaker songs (which doesn't mean it's weak, by the way). To complete this album, \"Her Highness\" shows the hypnotizing effects of a great riff within weird timing. 13 minutes, just one heavy riff, and nice breaks and stuff to create an atmosphere full of pressure.\n\nTo finally summarize, what I found here is a fuckin' great piece of art. As long as you love sludge and you are an open-minded person, you will love this record. It contains deep, brutal, and pissed sludge, atmospheric post-metal/atmospheric sludge, and even some drone/doom. Even if one doesn't like it, everyone has to admit it's a really interesting record that's worth checking out.",
                    "date": "July 7th, 2013"
                },
                {
                    "title": "Bong Hits for Jesus - 95%",
                    "content": "It's bad that Bongripper need an introduction, because they're so fucking awesome, writing one seems so useless. Their sound is so massive and loud, it's a wonder they haven't been heard across the globe. Instead, they remain a shadow in the dark alley where you buy your drugs that is the American doom scene, or a gem so rare that you can't help but hoard it all for yourself.\n\nHippie Killer, the band's sophomore output, is by far the best thing they've released and easily one of the best doom records ever. Track titles like \"Reefer Sutherland\" (best song title EVER) and \"Terrible Bear Attack\" completely understate the lethargic ferocity and overall seriousness that shrouds this doom epic. The tracks are all long and destructive (save for \"Terrible Bear Attack\", the obligatory thrash track), the excruciating sludge broken up by much-needed breathing room in the form of super-spacey drone tracks that are long enough to give you a break and not overstay their welcome. There really isn't a dull moment to be found, even on \"Her Highness\", which consists of one simple riff played for 13 minutes. The whole shebang is gift-wrapped in a gorgeous production job that still manages to be super-crushing during the ample heavy moments.\n\nThe offerings here are also pretty eclectic for a doom release (read: more than one style of doom is employed -- and employed well). After a brief (and really creepy) drone intro, \"Reefer Sutherland\" kicks off the album; as in, it's a total kick to the teeth. The crisp and clear but brutally heavy guitar tone comes crashing down suddenly; riff-bombs collapsing your roof. The band's expertly-executed doom riffs gradually lead into one of the most profound and harrowing post-metal climaxes, one so grand it almost makes Neurosis seem tame, with a truly beautiful bassline that sounds like it should've made it onto Oceanic, and a frenzied battle between the wild drumming and tumultuous guitar textures.\n\n\"Terrible Bear Attack\" is the only fast track present, and one of the only tracks the band has ever recorded with vocals. Though mostly a raving thrash attack, it has one hell of a sludgy breakdown and a crazy segue into the bizarre \"Je m'appelle\", which is followed up directly by \"The People Mover\", the album's second behemoth. Here, things get a little less traditional (don't let the opening riff fool you) when a swirling monsoon of lysergide guitar noodling and fantastic bass work takes center stage between the devastating stoner-doom choruses. \n\nAfter that, things slow down a lot. \"Charlie...\" is a relatively gentle, relaxed post-metal epic that develops some delicate opening notes into a textured tremolo torpedo travelling fast into the hull of a fragile ship. Bongripper then bust out the Sunn O))) for \"Thanks for Sticking Around\", subduing the listener into a drowsy trance before \"Her Highness\" comes in for one final bludgeoning. The song is one simple riff played ad-nausea with little variation, floating on the melting conveyor-belt-world of a bad acid trip. For the 13 minutes. Then suddenly, the album is over and the listener exhausted, presumably.\n\nThe gents in Bongripper out-did (an understatement, really) themselves on this album and bestowed upon us a doom metal classic to rival the reigns of everyone from Electric Wizard and Ufomammut to Neurosis and Minsk. They still don't get the recognition they deserve -- even within the doom scene. But hopefully one day this will go beyond being just a pristine underground jewel and see the same (in)fame that Dopethrone and Dopesmoker amassed, for Hippie Killer is indeed a classic among metal.",
                    "date": "January 26th, 2011"
                },
                {
                    "title": "Great stuff interspersed with a few boring tracks - 86%",
                    "content": "Bongripper is a stoner/doom/post-metal outfit from Chicago. All of the members are just in it for the love of music and don\u2019t care about money; from what I read in another review of this album, one of them even leaked it onto the internet. The brand of sludgy psychedelia on Hippie Killer is excellent; it is almost entirely instrumental (with the exception of the track \u201cTerrible Bear Attack\u201d) I do have to admit that I didn\u2019t enjoy the drumless, dronier tracks as much as the doomier ones, but the latter type tend to be much longer so it\u2019s okay. I also thought the album went on a bit too long; at just under the maximum 80 minutes for a CD, it felt like the band was just trying too hard to fill out the entire thing. Also, I felt the vocals on \u201cTerrible Bear Attack\u201d were really annoying, and I was glad that track was just 3 minutes long.\n\nThose are my only real quibbles with the album, though; it\u2019s wonderfully atmospheric with crushing riffs, and I totally would\u2019ve gotten high to this if my social skills were good enough to obtain weed. My personal favorite track was the 16-minute \u201cReefer Sutherland,\u201d although most of the album was strong. Fans of this style of metal will love Hippie Killer.\n\nOriginally posted at metal-jerks.com",
                    "date": "February 21st, 2009"
                }
            ],
            "songs": [
                {
                    "name": "Tranny Ride",
                    "length": "02:09",
                    "url": "https://www.metal-archives.com/release/ajax-view-lyrics/id/1029017"
                },
                {
                    "name": "Reefer Sutherland",
                    "length": "16:12",
                    "url": "https://www.metal-archives.com/release/ajax-view-lyrics/id/1029018"
                },
                {
                    "name": "Osaria",
                    "length": "03:30",
                    "url": "https://www.metal-archives.com/release/ajax-view-lyrics/id/1029019"
                },
                {
                    "name": "Terrible Bear Attack",
                    "length": "02:52",
                    "url": "https://www.metal-archives.com/release/ajax-view-lyrics/id/1029020"
                },
                {
                    "name": "J m'appelle",
                    "length": "01:39",
                    "url": "https://www.metal-archives.com/release/ajax-view-lyrics/id/1029021"
                },
                {
                    "name": "The People Mover",
                    "length": "10:21",
                    "url": "https://www.metal-archives.com/release/ajax-view-lyrics/id/1029022"
                },
                {
                    "name": "Droid Developer",
                    "length": "04:22",
                    "url": "https://www.metal-archives.com/release/ajax-view-lyrics/id/1029023"
                },
                {
                    "name": "Charlie, Burt Reynolds Has Got Shit On You",
                    "length": "17:46",
                    "url": "https://www.metal-archives.com/release/ajax-view-lyrics/id/1029024"
                },
                {
                    "name": "Thanks for Sticking Around",
                    "length": "08:01",
                    "url": "https://www.metal-archives.com/release/ajax-view-lyrics/id/1029025"
                },
                {
                    "name": "Her Highness",
                    "length": "13:02",
                    "url": "https://www.metal-archives.com/release/ajax-view-lyrics/id/1029026"
                }
            ],
            "song_names": [
                "Tranny Ride",
                "Reefer Sutherland",
                "Osaria",
                "Terrible Bear Attack",
                "J m'appelle",
                "The People Mover",
                "Droid Developer",
                "Charlie, Burt Reynolds Has Got Shit On You",
                "Thanks for Sticking Around",
                "Her Highness"
            ]
        },
        {
            "name": "Heroin",
            "type": "Full-length",
            "year": 2007,
            "review_num": 1,
            "review_avg": 12,
            "url": "https://www.metal-archives.com/albums/Bongripper/Heroin/175087",
            "reviews_url": "https://www.metal-archives.com/reviews/Bongripper/Heroin/175087/",
            "reviews": [
                {
                    "title": "I can't feel my music - 12%",
                    "content": "It's irrelevant in many ways what you think of this album. Bongripper don't care. If they cared what you thought, they wouldn't have made a 76 minute track of weird noises and occasional music. They wouldn't have called it 'Heroin' and they wouldn't have released it with a special box set with the actual equipment for using heroin. I'm not the owner of that box set (it doesn't come with the download), but I don't think I need to try the kit since I imagine listening to this is sort of the same as taking the drug, even if it only sounds the same metaphorically. If Heroin aims for anything at all, it's surely for atmosphere and pure unease, two aims that it achieves in unequal measures.\n\nThe first thing you need to know is that, although Bongripper have made some great crushing sludge/stoner/doom metal albums, this has very little to do with big grooves and trippy guitar pedals, though we still get plenty of overspilling fuzzy bass. If there's a musical style to Heroin, I haven't found it yet, mostly because a large portion of the song is made up of low-level instrumental happenings, field recordings, and other sound effects. I guess I could say this was drone or ambient music, though I still feel that would be missing the point. By the half hour mark, we have progressed through a very slow creepy opening, some bass rumbles accompanied by the distant sound of a hospital heart monitor, and several stages of more deliberately constructed instrumental noise that I guess is about 50% feedback and 50% generated by effects. There are a couple of calm sections of ringing guitar chords, such as the one at around 32 minutes which dispels the built-up tension in favour of a weary, floating calmness that is much more pleasant to listen to but not much more diverting than the guitar noise before. Up to that point, the drummer was simply a name in the album sleeve but he turns up to tap pointlessly on his snare as his bandmates milk their strings for feedback and then settle into another calm section that could be mistaken for New Age ambient (there are even those fake jungle noises that kind of sound like birds or cascading streams) if it weren't for the underlying threat carrying over from the earlier parts. There's not really much else that happens, so I'll spare you the trouble of reading about the closing 30 minutes.\n\nWhat we should gain by listening to Heroin is unclear. If this is supposed to mirror the feeling of being on heroin then I guess more people will be turned off narcotics than on, since the drug has just become almost intolerably boring in my mind and didn't seem to make Bongripper that happy or inspired. The only thing I can think of is that Heroin describes the sensation of the drug but backwards, making the hospital monitor slightly more understandable near the end of the experience, the floating mid-section a plateau of pleasure, and the squealing, bubbling feedback at the close the initial shock of its injection. However, if the album is named because the band were on heroin when they recorded it, that sort of makes sense too, though makes me question whether they were also high when they added all the effects, and when they edited it, and when they decided to release it, and when they actually released it, and so on. In a few simple words, this isn't worth listening to: it isn't good in a musical sense, doesn't have very much to grab the attention, and isn't good ambient music because it makes me feel weird and can't help me to relax. Try the other Bongripper albums, but stay far away from this nutcase.",
                    "date": "June 10th, 2017"
                }
            ],
            "songs": [
                {
                    "name": "Heroin",
                    "length": "01:16:08",
                    "url": "https://www.metal-archives.com/release/ajax-view-lyrics/id/1243419"
                }
            ],
            "song_names": [
                "Heroin"
            ]
        },
        {
            "name": "Hate Ashbury",
            "type": "Full-length",
            "year": 2008,
            "review_num": 2,
            "review_avg": 54,
            "url": "https://www.metal-archives.com/albums/Bongripper/Hate_Ashbury/195279",
            "reviews_url": "https://www.metal-archives.com/reviews/Bongripper/Hate_Ashbury/195279/",
            "reviews": [
                {
                    "title": "Post doom - 70%",
                    "content": "Well no one strained any brain cells with this band name. Post doom? Post Sludge? Whatever was going on in the mid-2000s, we\u2019ve certainly seen an appetite for it this last decade; a quirky supplement to the on-trend Uncle Acid and the Deadbeats school of doom. But what worth, if any, does the music itself hold? Perhaps the \u2018post\u2019 tag is a bit unfair, but they approached stoner doom with a sparse, minimalist philosophy, and the need to conjure some sort of unifying word for it seemed necessary.\n\nChicago\u2019s Bongripper are a funny one. Starting out as instrumental-melodic-sludge, informed by a generous helping of dirty redneck Americana a-la \u2018Gummo\u2019. The near immaculate \u2018Hippie Killer\u2019 LP in 2007 typified this sound. But then many were put off because they dared to release a noise album that same year; \u2018Heroin\u2019. More recently they have cashed in on the doom craze by aping the aesthetics and sound of the 1970s Satanica revival, but maintaining their instrumental gimmick. Squished between these two eras is 2008\u2019s \u2018Hate Ashbury\u2019, the very definition of transitional.\n\n\u2018Hate Ashbury\u2019 is probably Bongripper\u2019s darkest album, stretching the weird noise/ambience of \u2018Heroin\u2019 into bludgeoning and repetitive doom riffs complete with noise interludes and atmospheric clean passages. But it also works as a cohesive whole, more than follow-up \u2018Satan Worshipping Doom\u2019 (2009), which tries so hard to be a modern symphony but ultimately fails in its repetition. Bongripper work best when they embrace their minimalism, and supplement it with healthy layers of atmosphere and mood. \u2018Hate Ashbury\u2019 excels at all these things.\n\nIt\u2019s understated, but between the cracks is a pervasive and creepy tone to the album, of the darkness within small town USA. Since \u2018Hippie Killer\u2019 they seem to have lost their knack for writing melodies engaging and lasting enough to replace vocals. But on \u2018Hate Ashbury\u2019 this does not matter because so much work has gone into creating this dark atmosphere. It works more like a heavy ambient album, or indeed post rock. For that reason it\u2019s probably best not to approach it as a rock album at all; there be boredom.\n\nThe appeal of this album is more subtle than the mesmerising instrumentation of their earlier works or the meathead doom of modern Bongripper. \u2018Hate Ashbury\u2019 has plenty of heavy riffs, and it has many curious nooks and crannies of noise. But they are all put to the service of creating a foreboding atmosphere of suburban solitude. Something unique to sprawling housing estates that stretch for miles, sleepy and lifeless, and the weird tricks of the eye and mind that take place within them. Whether Bongripper meant to achieve this or not is up for debate; it could well have been an accident, but the end result is what counts.\n\n\u2018Hate Ashbury\u2019 on remains a rare fluke from an otherwise pretty dull band. My theory is that when one embraces the fact that you excel at dull music, a genuinely interesting exploration of sparse and raw atmosphere can result. This is not to be found in interesting riffs or heroic guitar solos, but in putting drone and noise to the service of a dark eerie atmosphere all of its own. The music doesn\u2019t really go anywhere. But this puts it in bed with all decent ambient music.\n\nOriginally published at Hate Meditations",
                    "date": "April 16th, 2019"
                },
                {
                    "title": "Hate Bongripper - 37%",
                    "content": "This isn't the best Bongripper album, but having reviewed Heroin I can happily say that it's definitely not the worst. I'm not sure what these guys have against hippies exactly, since you would expect a band with the word \"bong\" in their name to share at least one or two hobbies with the peace and love movement, though if Hippie Killer and this album, Hate Ashbury, go to show anything, it's that Bongripper aren't fans of peace and love, whatever they may think of drug practices. Hate Ashbury is probably a play on words regarding an area of San Francisco called Haight-Ashbury, which was originally a centre of hippie culture back in the mid-'60s, then deteriorated into a drug neighbourhood a while later. It's all the more puzzling that Bongripper would choose to be so specific because they are from Chicago and there are no lyrics here to present their motivation; however, it's quite clear that the band drew negative vibes from whatever inspired them, as this is a long noisy dirge that doesn't show much hope or light.\n\nAs ever, Bongripper aim for heavy in a sludge/doom/stoner metal crossover, worms of feedback crawling across slowly shifting rhythms and unsettling quiet sections before booming riffs burst out to oppress the listener in a much more enjoyable manner. The reason that this album is more listenable than Heroin is because the instrumentation actually comes to a focus at several points, though that's not to forget about the lengthy feedback passages, where not much happens, or - like in part 5 of the long track - not much happens except someone possibly being tortured in the background. Just to confirm, it's loooooooong feedback drones, some sort of distorted noise that won't leave the equalizer alone, and some unclear shouts and screams from the void. I would wager that the description just given doesn't sound that fun to many people and indeed it isn't, but the power of the four-piece when they bust out the huge fuzzy doom riffs in part 2 and 4 is undeniable, while the clean section in part 3 is more relaxing, a word that cannot be used about the rest of the release.\n\nWhat seems most disappointing about Hate Ashbury is that, unlike with the feedback and sound effects that dominated the entirety of Heroin, there was clearly not a master plan to make this either a fully ambient/atmospheric album, nor a decision to pursue the heavy riffing to any worthwhile point, so we end up with some of both and satisfaction from neither. Far be it from me to bemoan a band putting a 65 minute instrumental to tape, especially in the genre pool that Bongripper occupy; I just expect a little more overt content from such a release and content is sadly off the menu in Haight-Ashbury. There is very little else to mention musically, but the dynamics of this album are also one reason why it doesn't manage to reach musical decency. Dropping frequently into low noise territory from squalling feedback or thundering chords, much of the momentum built up is lost, not to mention the atmosphere suddenly altered, so that although the sudden silence that follows part 6 affects me in the sense that I become uneasy, I'm also mourning the loss of the nice heavy section that the band had developed beforehand, not least the hints of a melody that were looming behind the riff. In any case, parts 7 and 8 appear to be divorced from the rest of the album, since the long pause between 6 and 7 suggests that there was a deliberate gap made, even though those parts continue in a similar style.\n\nMy summation of Hate Ashbury need not be very complicated. The tl;dr version is: average sludgy doom riffing interspersed by marathons of creepy feedback. The whole feeling of the album is fragmented and annoying, although it must be said that the mood probably captures what Bongripper were aiming for, as the alienating, nasty vibe does come off for the majority of the long song. If you make it to the end, you'll be pleased to find that the closing section is actually the best, though it still doesn't come up to the standards that the band set with their debut The Great Barrier Reefer nor the later Satan Worshipping Doom. In essence, after listening to this you'll definitely hate Haight-Ashbury and you might hate Bongripper too.",
                    "date": "June 11th, 2017"
                }
            ],
            "songs": [
                {
                    "name": "Hate Ashbury Part I",
                    "length": "11:41",
                    "url": "https://www.metal-archives.com/release/ajax-view-lyrics/id/1382109"
                },
                {
                    "name": "Hate Ashbury Part II",
                    "length": "04:52",
                    "url": "https://www.metal-archives.com/release/ajax-view-lyrics/id/1382110"
                },
                {
                    "name": "Hate Ashbury Part III",
                    "length": "05:19",
                    "url": "https://www.metal-archives.com/release/ajax-view-lyrics/id/1382111"
                },
                {
                    "name": "Hate Ashbury Part IV",
                    "length": "05:33",
                    "url": "https://www.metal-archives.com/release/ajax-view-lyrics/id/1382112"
                },
                {
                    "name": "Hate Ashbury Part V",
                    "length": "08:35",
                    "url": "https://www.metal-archives.com/release/ajax-view-lyrics/id/1382113"
                },
                {
                    "name": "Hate Ashbury Part VI",
                    "length": "07:41",
                    "url": "https://www.metal-archives.com/release/ajax-view-lyrics/id/1382114"
                },
                {
                    "name": "Hate Ashbury Part VII",
                    "length": "11:10",
                    "url": "https://www.metal-archives.com/release/ajax-view-lyrics/id/1382115"
                },
                {
                    "name": "Hate Ashbury Part VIII",
                    "length": "10:33",
                    "url": "https://www.metal-archives.com/release/ajax-view-lyrics/id/1382116"
                }
            ],
            "song_names": [
                "Hate Ashbury Part I",
                "Hate Ashbury Part II",
                "Hate Ashbury Part III",
                "Hate Ashbury Part IV",
                "Hate Ashbury Part V",
                "Hate Ashbury Part VI",
                "Hate Ashbury Part VII",
                "Hate Ashbury Part VIII"
            ]
        },
        {
            "name": "Satan Worshipping Doom",
            "type": "Full-length",
            "year": 2010,
            "review_num": 6,
            "review_avg": 82,
            "url": "https://www.metal-archives.com/albums/Bongripper/Satan_Worshipping_Doom/267047",
            "reviews_url": "https://www.metal-archives.com/reviews/Bongripper/Satan_Worshipping_Doom/267047/",
            "reviews": [
                {
                    "title": "Of arses and bowels and enemas - 73%",
                    "content": "Getting straight down to the big and dirty just as the band do, listening to Bongripper is like a ponderous demon who has just gorged on an all-you-can-eat steak buffet and several toffee apples sitting slowly and carefully on your face. That might be a weird image (both because it seems nasty and because you kind of want to know what it feels like) but Bongripper are a pretty weird band. They don\u2019t like singing, clearly like a bit of a smoke - as if debut album The Great Barrier Reefer wasn\u2019t a clue - and mess about with their style on practically every album. Satan Worshipping Doom is a return to real music after the awkward noise of Hate Ashbury and nightmare(-ishly boring) trip of Heroin, so knowing that the demon\u2019s butt is filled with riffs should make this a more pleasant experience than my imagery suggests.\n\nThe riffs come thick and dirty through the opening two instrumental tracks (all of them are instrumental, in fact) with a fat, squashy tone that plies the listener with treacle delights and juggernaut size in the same way as Crowbar managed throughout most of the '90s. However, here we are left without Kirk Windstein's sense of melody and aching defeat, meaning that this is a more enveloping yet ultimately fun experience that can be listened to as background music or as forehead-pounding stoner doom muscle. Considering that I've just used the words \"stoner\", \"doom\", and \"Crowbar\" (which is basically synonymous with sludge metal), you could guess that this is a pretty wide-ranging album, while it's also worth noting that the four titles of the songs influence the material a fair deal. That means that 'Satan' has a crack at black metal, which comes somewhat of a surprise when a lo-fi Wolves in the Throne Room riff rumbles out in the early proceedings, though the song later returns to the same sort of facesitting aesthetic as 'Hail', making it perhaps the most dynamic of the compositions here.\n\nThis would make for a great album if that consistent start were transmitted to a complete product, but unfortunately 'Worship' takes its name a little too literally and wanders around in a daze for part of its 16 minute length, sort of staring into space as the worshipper falls into a trance, which is manifested by some dull repetition. That's an issue that dogs the disappointing 'Doom' to an even greater extent, spending almost 10 minutes in uninspired chugging before dropping suddenly into a great coda that reminds the listener of the dynamic beginning of the album. I'm of a mind that if a band in the genre decide to call a song 'Doom', there should be a special effort made to ensure it's the most exciting and riff-filled, especially on an instrumental album. Despite the fact that each track is clearly differentiated from what came before, it's pretty easy to listen to Satan Worshipping Doom as a long trip into the bowels of the cartoonishly menacing hell on the cover, though it's a trip into the bowels in the way that a monster truck enema might be, with lots of bouncing around on the road and some painfully large grooves trying to fit into our little ears.\n\nAll of this stuff about demon's arses and bowels and enemas shouldn't be construed as me saying that the album is shit, nor that the band are in any way anal about the compositions, since they take more of a relaxed approach to songwriting that leaves some sections sounding spontaneously invigorating like a great jam session and others kind of flat, as if someone zoned out and didn't bother changing the riff for several minutes. As such, it's unlikely that Satan Worshipping Doom can be called the pinnacle of the stoner doom genre, though it is a commendably solid effort with an interesting first half and a conclusion that probably works better when stoned, something that I have yet to try. On the other hand, for a bit of atmosphere and a lot of fun, the worshipping of Satan's booty is a pretty cool experience.",
                    "date": "March 18th, 2018"
                },
                {
                    "title": "Transcendental sludge doom metal worship - 75%",
                    "content": "Seems that an album of all-instrumental sludge doom metal isn't common; even bands like Boris, Corrupted and Sunn0))) haven't released many albums of slow, deathly doom without voices all that much. The splendidly titled Bongripper of Chicago though has carved out a career entirely based on voiceless epic doom metal soundscapes and the aptly named album \"Satan Worshipping Doom\", with its track titles that look like a subliminal message, is another milestone in the band's journey through a dark and gloomy part of the Doom Country. \n\nOpening track \"Hail\" throws the listener straight into the deep end of the territory: thick, slow rivers of sludge low-end bass and guitar lava ooze and pour out of the speakers with the drummer keeping time and encouraging the morass to move faster by banging his cymbals. The music gradually grows faster with stops and starts to tantalise the listener and new riffs are introduced as the track continues. The pace is astonishingly brisk and very determined by the halfway point. The track changes quite a lot in its second half as effects are brought in as a counterpoint to the otherwise relentless advance of the lava stream. Guitar and bass textures are very raw and thick. Towards the end, searing guitar feedback tones intensify the track's surging drive and the drumming speeds up as well.\n\nI had expected \"Satan\" to be an organic development from \"Hail\" but the track starts very differently with a choppy rhythm. This is indeed a strongly rhythmic track with an early chuggy passage followed by a much slower section where there is as much space in the music as those droning guitar tones are long. About the eighth minute the track changes and suddenly feels light with steely guitar melodies dominating for a short time. Just as \"Satan\" broke with \"Hail\", so does \"Worship\" break with \"Satan\", being a texturally thicker piece, more solemn in mood and appearing more monolithic in form. A solo guitar melody touched with reverb brings a distinctive ambience to the track: it is dark and slightly mournful in sound. As the previous tracks do, \"Worship\" pushes on and on, building up intensity, possessed of a life-force its own. Near the end, the track develops another rich, jewel-like layer of dark-toned guitar riffs that, in spite of the shower of noise and grit, sounds surprisingly clear.\n\n\"Doom\" seems to sum up everything that has gone before it and is quite a majestic track. Compared with the other tracks, it has a more monotonous, minimalist structure and relies on constant repetition which escalates the tension and expectation that something grand will happen at the very end. Something does and it's very like a miraculous rapture into another, richer dimension.\n\nThe music is very mesmerising and trancey and you don't have to reach out for a bong to get into another mental zone though that does help. The surging energy in all four tracks helps to keep listeners spellbound all the way in spite of breaks between pieces. I'd have liked a few more pure-toned and sparkling blues-tinged guitar solo melodies in a couple of tracks to add some variety and a mystical quality to what can be very crushing and unrelenting sludge doom. I also would have preferred all four tracks to be linked to make up one enormous opus of ever-changing and evolving sludge doom devil worship, I think the entire album might have worked better that way as a soundtrack to a ritual. Can't have everything my way, I guess. As it is, \"Satan Worshipping Doom\" is a very good album if you need something heavy, epic and transcendental in your life.",
                    "date": "October 9th, 2012"
                },
                {
                    "title": "This is why I love Satan - 99%",
                    "content": "The idea of a band releasing albums full of doom metal instrumentals ranging anywhere from forty seconds to eighty minutes may sound like an odd strategy to some, but Bongripper has pulled it off six times now without breaking a sweat.\n\nThis album has only four tracks: \"Hail\", \"Satan\", \"Worship\", and \"Doom\", each spanning more than ten-minutes in length. The harsh, epic, menacing sound of these songs is difficult to describe; the closest I can get is saying that if DXM were a metal album, it would be Bongripper's Satan Worshipping Doom.\n\nIn spite of this album's lack of vocal tracks, the concept of the album is clear: Unlike the drug-obsessed sludge of previous Bongripper releases, this one is an ode to hardcore Satanism. The hypnotic beats and overtly devil-worshipping cover art and song titles more than let us know. Not only is this change in concept refreshing, it's pretty fucking cool.\n\nThe songs on this album are slow, menacing, and fucking awesome, especially when combined with a fat sack of weed or (better yet) a refreshing bottle of DXM cough syrup. (Yeah, I know how that sounds, but seriously, give it a try! You'll be surprised.)\n\nThe one bad thing about this album is that the production seems to falter just a little bit in some areas. For the most part, the album is a heavy, heavenly, drug-induced euphoria, but there are moments when the ambiance feels just a tiny bit ahead of the rest of the album, though this is rare and completely unnoticeable if you're under the influence of drugs (and you're supposed to be under the influence of drugs while you listen to Bongripper).\n\nDespite some minor inconsistencies in the production, Bongripper is one of the most original and talented underground doom metal artists out there, despite not having lyrics or vocals of any kind. This album is excellent from start to finish, and is one of the most masterful albums I've had the pleasure of listening to in a long time. Hail, Satan.",
                    "date": "July 4th, 2011"
                },
                {
                    "title": "Most varieties of doom you can think of - 61%",
                    "content": "\u201cSatan Worshipping Doom\" is the sixth album from Chicago based instrumental doom band Bongripper. The album consists of four tracks, and just under an hour worth of dramatic and varied dark doom matter that weaves in elements of black metal, post rock and all manner atmospheric metal craft.\n\nThe four tracks on offer here last between just under the twelve minute mark, to just over the sixteen minute mark a piece. Each track here is fairly varied and shifting in its feel - the opener \u201cHail\u201d moves from groovy and sludge mid-paced to chugging doom, through to pained cymbal heavy head banging meaty doom riff dwells. The second track \u201cSatan\u201d opens with shimmering black metal meets post rock sheen before breaking out into clamouring yet well produced black metal riffing. As the track goes on we touch down into: faster doom chugs, thrash meets doom riff down \u2018n\u2019 dirtiness, and mean/dark slower doom riff-outs.\n\nTrack number three \u201cWorship\u201d begins with cymbal battered, mid-pace and demonic sounding doom riffing. Before kicking-up a gear into more prime evil and slightly groove bound meets slower death metal evilness. Later on the track drifts into a wall of mid-paced chugging doom that has this great psychedelic rock lead guitar fizzing and calling over the top, and this lead work has an almost middle eastern tinged to it.\n\nThe last track \u201cDoom\u201d starts out with a very slow, nasty and spread out doom chug that\u2019s barely moving; in between each riff chug are these great meaty feed back sustains. As the track progresses the band add on this great buzzing and circling sheen of atmospheric feed-back fog to the slowly building doom riff- which becomes tighter and more airless as it progresses. Towards the end of the track the buzzing and circling guitar textures become more shrill, evil and intense as the track builds to a great crescendo.\n\nAll told this is very enjoyable, often memorable and atmospheric doom record that mangers to vary and shift through most varieties of doom you can think of. So if you enjoy your doom mixed in pace and darkly embellished with other metallic genre traces then \u201cSatan Worshipping Doom\" is certainly for you.\n\nOriginally posted at www.musiquemachine.com",
                    "date": "June 24th, 2011"
                },
                {
                    "title": "Bongripper - Satan Worshipping Doom - 90%",
                    "content": "In the realm of instrumental sludge and doom metal, there is one band that rules all with an iron fist. That band is Bongripper. Formed in 2005, the band has worked hard, creating five previous albums. Their sixth, Satan Worshipping Doom has arguably become their best piece of work to date, surpassing their 2008 fan-favorite, Hate Ashbury. So you may be asking yourself, what separates their newest album from all the rest? Here's the answer.\n\nHaving been a fan of Bongripper for about a year now, I've come to recognize, and became accustomed with, their unique sound, which is saying quite a bit, since originality seems to be one of the hardest traits for a sludge or doom band to possess. Each of their albums contains a certain quality that sets the atmosphere for all the songs, as well as plays into the title of the release. Bongripper keeps this formatting for Satan Worshipping Doom, but the concept of this album - that being Satanic worship - gives the band a fresh fulfilling sound, while still staying true to the music they have produced in the past. This aspect of the album shows signs of not only great musicianship, but also of growth within the band.\n\nWhile Bongripper's earlier albums such as The Great Barrier Reefer and Heroin seemed to be focused around a central theme of drugs, this four-track album stands apart from their previous work by giving you a front row seat to a roughly 54 minute Satanic ritual that possesses you to do nothing more than give your soul to Satan and bang your head in sheer delight.\n\nSince originality doesn't come easy in any form of music, sludge and doom metal being a particularly good example, bands need to know the music they are writing inside and out to ensure that the album will not only fit the genre they are aiming for, but offer the listeners something new as well. Instead of selling out and giving listeners something more generic while calling it a fresh change of sound, Bongripper sticks to a format that has done them well for six albums now. Playing at slow and plodding paces - with the exception to the second track, Satan, which opens with a very interesting black metal riff - , the band focuses on its builds into climactic, heavy riffs that sound inspired and original. \n\nThe timing and pacing of this album is one of, if not, the best qualities Satan Worshipping Doom has to offer. The riffs themselves sound unique and fresh, as well as reminiscent of earlier doom metal acts such as Pentagram or Candlemass. Another fresh aspect to the music on this album is the memorable, perfectly placed, psychedelic guitar solos that are presented in the tracks Satan and Worship. These solos play into the dark, evil tone of the album as well as flaunting the skills of axe-men Dennis Pleckham and Nick Dellacroce in their playing and writing abilities.\n\nThe last thing that makes this album particularly great, is of course, the production. While some sludge bands, such as EYEHATEGOD or Sourvein, choose to revel in their sloppy production, Bongripper takes the clean cut approach to how this album sounded. The mix on the album makes it that all the instruments are audible at all times, and that the concept of the album can fully blossom. What I'm trying to say is: the album sounds kick ass!\n\nMy only miniscule complaint with this album is that there is a complete lack of vocals on this release, unsurprising for an instrumental release! I have a preference for high pitched screams in the type of music that Bongripper plays, but in all honesty, I wouldn't have this album any other way. It's damn near flawless as is. So, if you are someone like me, who enjoys screaming with your sludge, don't let the absence of vocals scare you away from this album. The subtexts buried deep within the riffs and drum beats give this album the missing personality that is usually gained from a vocalist.",
                    "date": "August 23rd, 2010"
                },
                {
                    "title": "Bongripper has refined all of the elements - 95%",
                    "content": "Let me preface this by saying that instrumental doom, in any of its various incarnations, is not always the easiest thing to pull off. A lot of bands in the genre get away with making utterly boring and lifeless music, doing nothing to separate themselves from the rest of the pack. But when a band tackles this genre and does it well -- I mean really well -- it can be some of the most powerful and crushing shit you can subject your ears too.\n\nThat's where Chicago's Bongripper enters the picture. Since the band's inception in 2005, these guys have been all over the map experimenting with all that is heavy. Their monolithic debut full-length The Great Barrier Reefer is still one of my all-time favorite sludgy doom albums and the perfect record to rock while passing around the blunt (or bong, as the case may be). And since that album's release in 2006, these guys have been very busy.\n\nJust a year after their debut, they released the cleverly titled fan favorite Hippie Killer. The band then went on to explore a different angle with an all drone/noise album simply titled Heroin (perhaps the best packaging ever), which was followed up in 2008 with Hate Ashbury, an album that attempted to mix the crushing groove and doom sound of their early releases with the spaciness and dirt of their noise material.\n\nNow, after five years of experimenting and refining their sound, Bongripper is back with a double LP that captures all of the band's strengths, without any of the fat. From the downtrodden and sluggish riffage to the more textured and effects-laden ambient sounds -- SATAN WORSHIPPING DOOM incorporates the very best that Bongripper has to offer, with everything in its right place.\n\nThe first track, \"Hail,\" kicks things off with a very nice groove that will inevitably get your head nodding. The riff builds up so effortlessly that you don't even notice the subtle changes, and before you know it you've arrived at the next point in the song. Bongripper has always been good at navigating the listener through the swells and chuggs, and here they pull it off with the ease and confidence to rival any stoner metal vet. After the buildup, a short bridge comes in to showcase the bass in all of its distorted and chunky low-end goodness.\n\nWhich brings me to a definite high-point (no pun intended) of this album - the bass and guitars sound great. Each has a tone that's as thick as the smoke-filled room you stoners are sitting in right now, but they sit together well in the mix. Over the course of the album, one never really takes away from the other, which is all-important for an instrumental outfit like this.\n\n\"Satan\" is my second favorite on the album and the one that stands out the most from all of the rest. After an intense buildup, the band breaks off into something a little faster with a riff that some may liken to a band like Krallice or Wolves in the Throne Room. The guys then take it back down a notch with a riff that sounds very old-school death metal to me, but fits just right with the style and feel of the rest of the album. After throwing some more signature grooves in there, the song ends on a high note with an outro that has a classic stoner metal feel to it (more along the lines of Sleep). While this track might stand out from the others, it doesn't reflect negatively on the overall feel of the album. It's definitely still Bongripper.\n\nMy absolute favorite song on SATAN WORSHIPPING DOOM is, without a doubt, \"Worship.\" This song takes everything that I've come to know and love about this band and packages it neatly together in one 18 minute opus. The doom riffs are there in full and while the style of gradually changing/building upon a main riff (theme) is still present, the variations here, and on the rest of the album, span a larger spectrum than some of their previous work. The band utilizes all of their talents - and their effects - and pieces them together to create a song that flows in and out between the utterly heavy and the trance-inducing. I'd love to hear this song played live.\n\nIn conclusion, I have nothing but good things to say about this double LP. This is definitely the Bongripper that you've been waiting for. These guys have managed to take the best parts of their style and present them together in their most well-written songs to date. Everything you love about Bongripper is intact; it's just gotten better. It's amazing how under the radar these guys are considering how great the music is, but I am starting to see their name in more places. With some good distribution and a little buzz, this album could be the one that does it for them.\n\nSmoke dust. Hail Satan.",
                    "date": "July 21st, 2010"
                }
            ],
            "songs": [
                {
                    "name": "Hail",
                    "length": "13:44",
                    "url": "https://www.metal-archives.com/release/ajax-view-lyrics/id/1878008A"
                },
                {
                    "name": "Satan",
                    "length": "11:37",
                    "url": "https://www.metal-archives.com/release/ajax-view-lyrics/id/1878009B"
                },
                {
                    "name": "Worship",
                    "length": "16:00",
                    "url": "https://www.metal-archives.com/release/ajax-view-lyrics/id/1878010A"
                },
                {
                    "name": "Doom",
                    "length": "11:53",
                    "url": "https://www.metal-archives.com/release/ajax-view-lyrics/id/1878011B"
                }
            ],
            "song_names": [
                "Hail",
                "Satan",
                "Worship",
                "Doom"
            ]
        },
        {
            "name": "Miserable",
            "type": "Full-length",
            "year": 2014,
            "review_num": 1,
            "review_avg": 95,
            "url": "https://www.metal-archives.com/albums/Bongripper/Miserable/412063",
            "reviews_url": "https://www.metal-archives.com/reviews/Bongripper/Miserable/412063/",
            "reviews": [
                {
                    "title": "Endless Descent Into Awesomeness - 95%",
                    "content": "TL;DR: This album is fucking amazing, and you should definitely buy it.\n\nI was introduced to Bongripper's heavy, messy, demonically-evil sound through their first release, the 79-minute monolith \"The Great Barrier Reefer.\" It was immediately my new favorite album after a single listen, and even the four following Bongripper full-lengths, including \"Heroin,\" were unable to shake TGBR from its throne. This one did it.\n\nIn the beginning, the same bizarro mysticism that permeated TGBR is here, but for less time and in a different way (whereas TGBR's weirdness was found in a sound bite of someone using a bong and a narration about the apocalypse or something, \"Miserable\" just has a low-frequency hum to start), but it's condensed and compacted into a tighter 66 minutes and split into three tracks instead of being one beast of a track.\n\n\"Endless\" kicks it off with some of the slowest, murkiest riffing in Bongripper's catalog to date. The first thing I noticed that was significantly different from their other albums was that the guitar tone was much gentler on the ears. It'd changed from a scratchy, treble-heavy tone that sounded like a middle-school black metal band's shared Line 6 Spider II with a blown speaker to something so thick and soupy that even Sunn O))) would probably say, \"Yo, guys, you gotta bring up your high end.\" (Another change: the lack of drum-level clipping that made \"Hippie Killer\" a difficult listen for me.) The track stays heavy and minor-key for more than half of its 18-minute runtime, but somewhere around the end of the Bongripper-trademarked post-rock interlude, everything switches, and the riff turns into something that would happen if you slowed Deafheaven's \"Sunbather\" down by around 800%. The track then backslides into minor key, and everything vanishes in a cloud of crackling feedback, making way for the next track.\n\n\"Descent\" is, without a doubt, the hookiest riff in modern American stoner/doom metal. The bass leads the guitar and drums along, as they jump in to punctuate the note changes. Once the full band comes in, there's an almost (ugh) djenty feel to the way the notes come out, but it doesn't feel as derivative or forced-gimmick-y as any of Volumes' output. It even gives Periphery a run for their money as the pop-version-of-a-really-not-that-poppy-genre artist du jour. This one doesn't recover from the post-rock interlude; it fades out in a blissful hug of clean tones, and dovetails beautifully into the closer.\n\n\"Into Ruin\" is the massive track on the album at 28:25, but it's so well-written and varied that it feels barely a fifth that long. I honestly can't describe this song in a way that does it justice; it's typical Bongripper fare in that there's a lot of distortion and spacey post-rock, but beyond that, if I tried to tell you what exactly you're in for, I'd never be able to live up to what it actually is. It's just the perfect close to a goddamn-near-perfect album. \n\nHail Satan, worship doom, indeed.",
                    "date": "January 5th, 2016"
                }
            ],
            "songs": [
                {
                    "name": "Endless",
                    "length": "17:48",
                    "url": "https://www.metal-archives.com/release/ajax-view-lyrics/id/2851342"
                },
                {
                    "name": "Descent",
                    "length": "18:51",
                    "url": "https://www.metal-archives.com/release/ajax-view-lyrics/id/2851343"
                },
                {
                    "name": "Into Ruin",
                    "length": "28:25",
                    "url": "https://www.metal-archives.com/release/ajax-view-lyrics/id/2851344"
                }
            ],
            "song_names": [
                "Endless",
                "Descent",
                "Into Ruin"
            ]
        },
        {
            "name": "Terminal",
            "type": "Full-length",
            "year": 2018,
            "review_num": 0,
            "review_avg": null,
            "url": "https://www.metal-archives.com/albums/Bongripper/Terminal/705241",
            "reviews_url": null,
            "reviews": [],
            "songs": [
                {
                    "name": "Slow",
                    "length": "25:10",
                    "url": "https://www.metal-archives.com/release/ajax-view-lyrics/id/4539331"
                },
                {
                    "name": "Death",
                    "length": "18:15",
                    "url": "https://www.metal-archives.com/release/ajax-view-lyrics/id/4539332"
                }
            ],
            "song_names": [
                "Slow",
                "Death"
            ]
        }
    ],
    "album_names": [
        "The Great Barrier Reefer",
        "Hippie Killer",
        "Heroin",
        "Hate Ashbury",
        "Satan Worshipping Doom",
        "Miserable",
        "Terminal"
    ],
    "info": {
        "Country of origin": "United States",
        "Location": "Chicago, Illinois",
        "Status": "Active",
        "Formed in": "2005",
        "Genre": "Stoner/Sludge/Doom Metal",
        "Lyrical themes": "Instrumental",
        "Current label": "The Great Barrier Records",
        "Years active": "\n2005-present "
    }
}