{
    "name": "Bosque",
    "id": "51951",
    "url": "https://www.metal-archives.com/bands/Bosque/51951",
    "albums": [
        {
            "name": "Passage",
            "type": "Full-length",
            "year": 2009,
            "review_num": 4,
            "review_avg": 70,
            "url": "https://www.metal-archives.com/albums/Bosque/Passage/253668",
            "reviews_url": "https://www.metal-archives.com/reviews/Bosque/Passage/253668/",
            "reviews": [
                {
                    "title": "Uncomfortable underground doom - 94%",
                    "content": "This is one of those records that you love or hate. There's no middle term. Bosque doesn't make things easy for his listeners: you can find different sorts of music (drone/ambient/funeral doom/acoustic guitar), different types of singing (choirs, harsh vocals), but everything is served in a strange, emotional, uncomfortable mix that demands a certain state of mind to truly absorb it. If you're able to hear it with the right state of mind, this disc is simply tremendous. \n\nThe record starts with a noisy drone intro, an interlude to the aggression of Erasure (previously released in a promo tape, with Behind as hidden track). The anguished screams mixed with Erasure's main riff flow into a a acoustic guitar moment, in which all despair is liberated. The song continues through a bleak acoustic moment, and Erasure's riff repeats again ending in a painful, sharp, flesh lacerating solo, that seems to drag you down, to the void, to the place you can't think of anything else. Fields of Light is like a slow procession crossing your mind. The song starts with a slow, simple, instrumental part, that turns into a drum + acoustic guitar + electric noisy lead + voice around the 4th minute. Afterwards, the ascension falls upon us and we're transported to a different mental dimension, when the heavy riff kicks in, with a choir, floating over the song. Track three is a short acoustic piece with voice, with a simple melody. Truly one of the hidden treasures of \"Passage\", and a prelude to \"Candles\" the longest and most difficult song in the record. It starts with a heavy, simple riff, followed by spoken word and an agonizing, noisy solo of three minutes. Then doom metal music ends and an ambient/droney part begins. Somehow the vibration of the bass tones give this ambient part a strange emotional vibe, an unearthly feel of dispossession, violently shattered when the doom kicks in again, with a lead in the back and screams drenched in metallic reverb, soon embraced by the choir, that accompanies the spirit in it's journey to somewhere ethereal and unknown.\n\nProduction and recording might not be the best for many ears, musical skills could be better, but we all heard great musicians recording in fantastic studios, with fantastic sound, creating the most sterile and tasteless music. Here we can find exactly the opposite, a record with a poor underground sound that makes me react to its compositions. I believe this is one of those records you need to dive into it to really understand its depth. If you hear this in front of the computer, skipping the songs every 30 seconds, i must assure you won't find anything to impress you. I've heard this record outside while driving in rainy days and walking at night, and in all these different occasions, i was able to better absorb different sections of the record and connect with the music. This connection happened with other past releases of Bosque, which means this isn't an accident: this is a project, not of technique, not to gather attention, but to create emotional music. If this is the kind of music you are searching for, then this record is for you. If not, don't waste your time and listen to some mainstream music.",
                    "date": "November 28th, 2012"
                },
                {
                    "title": "Not sure how to take it; not a bad thing. - 60%",
                    "content": "This is rather weird and probably not good. Nonetheless, the clean/droney guitar interplay, the bad production (are there drums in most of this? Is this guitar meant to sound the way it does? Are their choral parts or that just some weird phase problem?), and the tendency towards long, rather strange drawn out drone sections has kept me listening and if not enthralled, at least extremely interested in trying to hear what's there in the mix and what isn't in the mix. Hell, I'll be honest and say a few parts really drew me in.\n\nBosque are meant to traffic in some kind of funeral doom but a few obvious moments aside (clean parts in Erasure, which wouldn't sound so bad if the recording quality wasn't sub-bedroom, occaisonal screams) this reminds me more of Horseback's \"Impale Golden Horn\" than anything that Thergothon or Skepticism ever put out. The obvious indication is the drums: almost entirely absent, either a slowly repeating snare (cymbals are for the weak) that's way back in the mix, or nothing at all, or just ridiculously quiet. They have no impact at all and to be honest you could take them off the album and no one would notice at all.\n\nThe rest of it is sorta there, but only barely. It's interesting at just how close this thing treads between \"bedroom dweller stumbling upon an amazing drone journey\" and \"hideous amatuer funeral doom\". Most of the songs have a few parts of both. The mysterious, occaisonally in tune vocals hover around in the mix in a matter so strange (and occaisonally beautiful: check Beyond) and barely-there that there's no way it could not be an accident. The guitars don't really do much either (and when they do, like the guitar \"solo\" in Candles you'd wish they didn't), but likewise, they drone in a very high pitched, static-y, super fuzzy tone that would suggest a webcam was used as a mike if the sustain wasn't so damn good. The drones are long, the guitars feeding back and soaring up into skies sorrowful and majestic.\n\n...Before being brought back down by a bad clean break, or way out of place vocals. This is a weird album, it's a damned weird album. It really must be mentioned that some parts are really, really cool; simply, stately, powerful parts in which you hope death is half as nice as what's flowing through your ears. But then.. the second half of candles kicks in for no real reason at all. Or the mid part of the first song. Or a fair bit of the album. It's like one of the monkey on a typewriter that ALMOST gets it right but fits a twilight novel in between the shakespeare play he's typed out by accident. I'd recommend you give it a listen though, as it's honestly quite a fascinating sonic journey with parts equally confounding and awe-inspiring.",
                    "date": "September 23rd, 2012"
                },
                {
                    "title": "Dissolution into puffy clouds of dreamstuff - 70%",
                    "content": "Managing the lethargy of the funeral doom genre is a difficult task, one that so few of its practitioners succeed in, and that's probably because they grant themselves so narrow of a berth in which to operate. Bosque is a Portuguese one piece performing an ambient branch of this admittedly sparse sub-genre, and I don't think I could ever accuse him of any sort of 'narrow' mindset, since they explore the style with a pretty interesting sense for sonic structure that involves a mix of metallic and clean guitars, distant vocal echoes and baleful percussion that hovers at or over the edge of nonexistence. Combine this with their bright but bleak cover art, unintelligible logo and supra-sensory lyrics, and you've got an album here, Passage, that is both alien and wondrous, if ultimately not all that effective.\n\nD.M. performs everything, and to his credit, he's a master at 'glazing' the moribund, lamentable doom rhythms with sounds that help render their grisly fat into something airy, something beyond the ease of mere meaty confrontation. The opening moments channel a quizzical, resonant lo-fi labyrinth of circular ambient waves, and when the doom riffs do erupt in the 13+ minute \"Erasure\", they are not particularly evil seeming. \"Fields of Light\" is ironically a bit more dire, repeating its numbing scriptures until they weigh heavily upon the conscience, a subtle and tinny drum serving as your measuring unit of the void. \"Behind\" is but 90 seconds of clean, soothing guitars and sailing, almost chant-like vocals that soon disappear as the nearly 19 minute finale, \"Candles\" traipses in to clean up the initial pair of epics with resilient, tonal outbreaks of guitar wailing against dulled melodies, shifting several times throughout as if the incense of regret were wafting smoke trails through a number of levels, or 'floors' of conscious oblivion.\n\nPassage is a rare funeral doom recording in that I managed to survive it without becoming mired in infinite boredom, and that says a lot. D.M.'s guitars are not extremely involved, but it's their interaction with the other, minimalist elements of the sound that create the atmosphere worth visiting, even if the album is almost completely ineffective in the wrong setting. This is like having some perplexed, dying divinity breathing its final breaths into a bystander, that bystander being you, an unending assail of light and eerie warmth that should terrify you, but you remain transfixed. This is a piece purely of mood, and void of any and all complexity aside from the images it might evoke into your imagination. To that extent, it might be worth your investment of time, though I'm not sure of its level of replay value, once the experience has culminated in your personal vision.\n\n-autothrall\nhttp://www.fromthedustreturned.com",
                    "date": "November 8th, 2010"
                },
                {
                    "title": "Unusual Portuguese Funeral Doom. - 55%",
                    "content": "Total Holocaust Records are pretty reliable when it comes to signing up-and-coming talents. Usually, if I notice a band is signed to their label, I\u2019ll rest assured that they\u2019ve got to be doing something right, but when it comes to this Portuguese funeral doom metal band Bosque, I\u2019m not so sure. This debut full-length, entitled \u2018Passage\u2019, leaves me feeling pretty unsure about how I feel about the record in general. I listened to \u2018Erasure\u2019, the first song on the album, and was hooked in by its cleaner passages, but there\u2019s a disjointed feel to the song and although this is a good start to the album, the plight of the band seems set in stone as the rest of the songs fail to live up to the expectations that this opening song has amassed. When it comes to funeral doom, you\u2019ve got to expect minimalism, but Bosque do implement some sense of adventure by splicing up their soundscapes with lighter passages which reveal intense emotions behind the surface of the material, which has a very under-produced feel to it with static washing over the listener given the harsh distortion of the layered guitars. These aspects aren\u2019t what we should be watching closely for however.\n\nFuneral doom is becoming more and more adventurous I find. Bands like The Liquescent Horror are trying to forge new meanings for the sub-genre which has been depleted by a lack of truly worthy artists. Although I still think of The Liquescent Horror as being largely mediocre, they offer something different to the scene which it hasn\u2019t seen before. This is something which opens up the door for fellow funeral doom pioneers to slink through and start inspiring others themselves. Although \u2018Passage\u2019 isn\u2019t all that different from the traditional style of funeral doom with its heavily repetitious mind set and various other traditional factors, it does do a few things differently and this deviation from the standard is what makes \u2018Passage\u2019 a relative hit amongst funeral doom fans. I had anticipated this album for a long time. It actually took me a number of months to finally track down and though the expectations were never quite met, I\u2019m still glad I got the chance to hear this band for the first time as they\u2019re raved about on the funeral doom scene as being one of the better underground acts.\n\nBeing a one man band is usually a difficult task for most people, but funeral doom doesn\u2019t exactly require much in the way of skill or technical prowess. It does require a sense of vision, but with the stale state of the sub-genre at the moment, it isn\u2019t difficult for any average Joe to seem like they\u2019re tried real hard to make something worthwhile. This album uses clean vocals, for example, on songs like \u2018Fields of Light\u2019 to eradicate a sense of predictability and this gives Bosque a more expansive feel, despite the fact that the vocals are a (REALLY) distant element of the atmosphere and the instrumentation alongside it is still very obscure and rigid. The drums, for example, are very basic. Unlike most funeral doom bands, Bosque use a lighter shade of drums. They don\u2019t pound on in the foreground, but they\u2019re still accessible in the distance. In fact, the whole album feels very mysterious and distant from its listener due to the highlighting of ambient textures, rather than the showcasing of steadfast funeral doom material. \u2018Candles\u2019 is also a good representative of this as, after several minutes, the heavier, impacting instrumentation washes away and leaves the ambiance for the listener to melancholically dwell on.\n\nThe structures of each of the songs are relatively the same and don\u2019t inspire much, but they are different enough to form some sort of intrigue in me. The ambiance of the album is the most pressing matter with the usual forces of funeral doom, such as the heavy pounding of the drums, the growled vocals and the repetitious guitars, being somewhat relaxed. Strangely, the artwork is a good representation of the material on offer. Notice how there is more white than darker colours? Well, that\u2019s how it is with the instrumentation. There are more lighter passages on offer than darker ones and, at first, it completely threw me off. The introduction to \u2018Behind\u2019 being a good example of how this operates. The chanted clean vocals are mesmerising alongside the clean guitars, which are beautifully layered beneath the resonate vocals. Elements like this on tracks like \u2018Behind\u2019 appear as charming, not something I\u2019d normally expect of funeral doom. Of course, this is only a short interlude, but these elements are actually placed within the \u201cregular\u201d songs, but because of their extended lengths, this short song feels out-of-place initially when, in actual fact, it fits right in. This is a decent album, but so minimalistic that it won\u2019t ever be played on repeat.",
                    "date": "June 9th, 2010"
                }
            ],
            "songs": [
                {
                    "name": "Erasure",
                    "length": "13:24",
                    "url": "https://www.metal-archives.com/release/ajax-view-lyrics/id/1785638"
                },
                {
                    "name": "Fields of Light",
                    "length": "10:09",
                    "url": "https://www.metal-archives.com/release/ajax-view-lyrics/id/1785639"
                },
                {
                    "name": "Behind",
                    "length": "01:32",
                    "url": "https://www.metal-archives.com/release/ajax-view-lyrics/id/1785640"
                },
                {
                    "name": "Candles",
                    "length": "18:42",
                    "url": "https://www.metal-archives.com/release/ajax-view-lyrics/id/1785641"
                }
            ],
            "song_names": [
                "Erasure",
                "Fields of Light",
                "Behind",
                "Candles"
            ]
        },
        {
            "name": "Nowhere",
            "type": "Full-length",
            "year": 2013,
            "review_num": 1,
            "review_avg": 94,
            "url": "https://www.metal-archives.com/albums/Bosque/Nowhere/392619",
            "reviews_url": "https://www.metal-archives.com/reviews/Bosque/Nowhere/392619/",
            "reviews": [
                {
                    "title": "Nowadays essential Funeral Doom - 94%",
                    "content": "Funeral Doom is far from being the most technical or diverse style in Metal. Most bands use the same formulas (created by the masters of the genre) and use them adding their personal touch, working mostly with details. Bosque is back with a new album and it's not what I was really expecting. Some elements are the same used in Passage (ambient keyboard parts, background melodies, choirs), but this time they are used in a different way... more organic, flowing in a different way. The drum sound is very different - with a strange tone in the snare - but the drums are played in a more elaborated way, with breaks and use of the toms. But despite this innovation, the music is as minimalist as you can get... as any Funeral Doom listener would expect and especially as any Bosque listener would expect.\n\nThe record opens with \"Lethargy\", a simple track with droning guitars and strong choir vocals during the whole song, ending with a acoustic guitar plus drums piece, as a sort of outro... simple but effective. As said the drums are a bit different comparing with Bosque previous releases (the split rehearsal tape with Lord of the Abyss is probably the exception) and they are a bit faster and diverse, without affecting the whole atmosphere. Track two is called Crawling and it keeps the mood of Lethargy ending in an ambient keyboard part. The second half of \"Crawling\" with the lead/solo guitar and choirs in the background is simply great and it's hard to describe what I feel when I listen to it.\n\nTrack three's name \"Metamorphosis\" makes sense because the mood of the music totally changes. This track is heavier, harsher, more doom/death oriented, with death growls kicking in just in the middle of the song. This is the first time I hear these kind of vocals in Bosque, but they fit well in this song; less atmospheric with palm-muted riffs and faster parts. The final track \"Nothing\" starts with a faster palm-muted riff but quickly turns into the sound of the first two songs: a slow atmospheric procession of choirs and ascension to somewhere beyond, ending with a final lead/solo, typical of Bosque.\n\nDuring the whole album you can hear some keyboards melodies in the back and the singing is mostly clean, choir-like. The ambiance created by these elements is probably what makes Bosque so different from the other Funeral Doom bands, from Skepticism, Thergothon and other classic bands to nowadays modern bands like Abstract Spirit, The Howling Void, Ea, etc...\n\nThe EP \"Ermo Abismo\", released a few months ago was a lot different than this album (more in the vein of Passage) and I was expecting a new album in the same vein. But this is different and somehow better. It sounds less noisy, when compared with Passage, more defined but maybe less diverse, although its short duration doesn't make it a problem in my opinion. It sounds under-produced as always... everything is well audible (but this is not the strongest or heavier Funeral Doom record I ever heard) however this record is not about audio \"heaviness\", it's about atmosphere, mood, emotions and other things hard to explain with words. Bosque was able to craft a record able to reach the core of my mind and this is the most impressive thing here. Less is more? Maybe. Only for those into Funeral Doom? Maybe too. But that's not my problem.",
                    "date": "January 2nd, 2014"
                }
            ],
            "songs": [
                {
                    "name": "Lethargy",
                    "length": "10:06",
                    "url": "https://www.metal-archives.com/release/ajax-view-lyrics/id/2721487"
                },
                {
                    "name": "Crawling",
                    "length": "08:41",
                    "url": "https://www.metal-archives.com/release/ajax-view-lyrics/id/2721488"
                },
                {
                    "name": "Metamorphosis",
                    "length": "13:04",
                    "url": "https://www.metal-archives.com/release/ajax-view-lyrics/id/2721489"
                },
                {
                    "name": "Nothing",
                    "length": "10:04",
                    "url": "https://www.metal-archives.com/release/ajax-view-lyrics/id/2721490"
                }
            ],
            "song_names": [
                "Lethargy",
                "Crawling",
                "Metamorphosis",
                "Nothing"
            ]
        },
        {
            "name": "Beyond",
            "type": "Full-length",
            "year": 2016,
            "review_num": 1,
            "review_avg": 89,
            "url": "https://www.metal-archives.com/albums/Bosque/Beyond/549691",
            "reviews_url": "https://www.metal-archives.com/reviews/Bosque/Beyond/549691/",
            "reviews": [
                {
                    "title": "Transcendence into the Incorporeal - 89%",
                    "content": "Bosque were introduced to me a while ago when I was first getting into extreme metal. The bits of Under the Capricorn Sky that I heard back then were really bewildering and different, but I dug it. Not long afterward, Bosque released their debut full-length Passage which was really mediocre and I just forgot about the band. Since I left them alone though, two more full-lengths have popped up and this year I got to reintroduce myself to the band.\n\nThis project is run solely by a Portuguese man named DM and he creates some super raw sounding minimalist bedroom funeral doom. The basic idea of Bosque hasn't changed since the start, but here almost ten years later it certainly has been developed into something more fruitful. Beyond is a unique album, and despite its undeveloped production it's a rather worthy album in the funeral doom genre.\n\nWith a super raw approach to this sound, it's a good thing this album is only forty minutes long, which is short by funeral doom standards. Nevertheless, Beyond still has three tracks with all of them being at least thirteen minutes long. Fortunately, there is a more obvious sense of movement in the tracks compared to this band's earlier work; that's quite impressive considering the few elements used to make the music. All we've got is one guitar, drums, a bass that's quite overdriven, and a limited range clean vocal track. There's no symphony, no choirs, no keyboard usage outside of the noise at the beginning and end of the album. Just steady funeral doom strumming with an occasional melodic lead, and I had no problem drifting through this barren desert of a soundscape. The big shake up only happens at the last five minutes of the final track \"Enter\" when more active riffing and double bass drums kick in to end this album with a cathartic climax.\n\nBosque have improved in the past decade and are now a band I'm keeping an eye on for future material because Beyond shows a lot of promise for the future. It's funeral doom reduced to its basic elements, but the lack of flashy additives makes this project unique in its own way. I'm hoping to hear more from DM's band in the future.",
                    "date": "December 14th, 2016"
                }
            ],
            "songs": [
                {
                    "name": "Calling the Rain",
                    "length": "13:07",
                    "url": "https://www.metal-archives.com/release/ajax-view-lyrics/id/3679280"
                },
                {
                    "name": "Paradox",
                    "length": "13:03",
                    "url": "https://www.metal-archives.com/release/ajax-view-lyrics/id/3679281"
                },
                {
                    "name": "Enter",
                    "length": "14:15",
                    "url": "https://www.metal-archives.com/release/ajax-view-lyrics/id/3679282"
                }
            ],
            "song_names": [
                "Calling the Rain",
                "Paradox",
                "Enter"
            ]
        },
        {
            "name": "Cleansing",
            "type": "Full-length",
            "year": 2019,
            "review_num": 0,
            "review_avg": null,
            "url": "https://www.metal-archives.com/albums/Bosque/Cleansing/817391",
            "reviews_url": null,
            "reviews": [],
            "songs": [
                {
                    "name": "Movement",
                    "length": "11:30",
                    "url": "https://www.metal-archives.com/release/ajax-view-lyrics/id/5161935"
                },
                {
                    "name": "Return",
                    "length": "07:00",
                    "url": "https://www.metal-archives.com/release/ajax-view-lyrics/id/5161936"
                },
                {
                    "name": "Pilgrimage",
                    "length": "09:23",
                    "url": "https://www.metal-archives.com/release/ajax-view-lyrics/id/5161937"
                },
                {
                    "name": "Static",
                    "length": "07:29",
                    "url": "https://www.metal-archives.com/release/ajax-view-lyrics/id/5161938"
                }
            ],
            "song_names": [
                "Movement",
                "Return",
                "Pilgrimage",
                "Static"
            ]
        }
    ],
    "album_names": [
        "Passage",
        "Nowhere",
        "Beyond",
        "Cleansing"
    ],
    "info": {
        "Country of origin": "Portugal",
        "Location": "Vila do Conde, Porto",
        "Status": "Active",
        "Formed in": "2005",
        "Genre": "Funeral Doom Metal",
        "Lyrical themes": "Nature, Solitude, Nihilism",
        "Current label": "Dunkelheit Produktionen",
        "Years active": "\n2005-present "
    }
}