{
    "name": "Carnage",
    "id": "830",
    "url": "https://www.metal-archives.com/bands/Carnage/830",
    "albums": [
        {
            "name": "Dark Recollections",
            "type": "Full-length",
            "year": 1990,
            "review_num": 6,
            "review_avg": 88,
            "url": "https://www.metal-archives.com/albums/Carnage/Dark_Recollections/415385",
            "reviews_url": "https://www.metal-archives.com/reviews/Carnage/Dark_Recollections/415385/",
            "reviews": [
                {
                    "title": "A Swedish Death Gateway - 88%",
                    "content": "Carnage was a Swedish death metal band that released one album in their lifespan: \u201cDark Recollections\u201d. To say that this album (which in its own right is historic) holds a lot of history and influence in the Swedish death metal scene is an understatement. Carnage, was most notably known for being comprised of members that would eventually go on to form the band, Dismember. However, Carnage would also showcase Micahel Amott, who would go on to join Carcass and Johan Liiva, who with Amott, would form Arch Enemy (and Spiritual Beggars). Some members also had their hands involved with the band, Entombed during its earliest stages. Quite a lot of name dropping, no? \n\nNow, if you think that just because Carnage\u2019s members are mostly consisting of future Dismember members that \u201cDark Recollections\u201d would sound similar to a Dismember album, well, you\u2019d be right. \u201cDark Recollections\u201d is chock full of the down-tuned, buzz saw riffs that create the trademark distorted sound that Dismember have played during their career. In addition, the groovy and bluesy sound of Entombed come through on many of the rhythms throughout the albums, which given the connection of the country of origin and former band ties, comes as no surprise. There are a number of melodic hooks at beginning of most songs that capture the listener and then transform into heavy, gloomy riffs that carry both the Swedish death metal sound as well as a steady pulsating beat that drive the songs forward. Melodies not dissimilar to Entombed\u2019s bluesy, death are heard, picking away over top the ripping leads while solos pop up from time to time. Some are short and sweet, while others are merely guitar fills that add a quick burst of flair to a song. \n\nThe drums at times may see a little straight forward, but they display plenty of crushing power, blistering speed and add a great deal to the rhythms. Their murky sound plays wonderfully with the distortion of both the guitars and the vocals, which allows everything to harmonize into the creation of a dark and harsh atmosphere. The bass lurks in the background and at times, can be heard, but only when the guitars tend to either fade out or simply step back and allow the bass to come forward, which only occurs for briefs stints. The use of synths is sparse and add an extra hint of despair on a few songs, but are not by any means a major influence on the overall sound.\n\nMatti K\u00e4rki\u2019s vocals, as you might image, bring about sounds of Dismember, but there are something about the sound of his voice that differs between the two bands. The similarities are many, but on \u201cDark Recollections\u201d Karki seems to have a darker and grittier sound than they would on \u201cLike an Ever Flowing Stream\u201d. Either way, the vocals inspire a sort of madness that reflect the mood of the album and bring the imagery of the cover art to life. \n\nAt any rate, one might say that, reading a review of \u201cLike and Ever Flowing Stream\u201d or \u201cLeft Hand Path\u201d would sum up this album succinctly and while the similarities are palpable, \u201cDark Recollections\u201d is more than an amalgam of said bands. One way or the other, Carnage may have only survived for one album, but it is a solid slab of Swedish death metal whose sound would spill outward onto the Swedish scene. I\u2019ve always felt \u201cDark Recollections\u201d has an important place in the history book of heavy metal and is an album I always recommend to those getting into the melodic/Swedish side of death metal.\n\nHighlights: \u201cDeath Evocation\u201d \u201cDark Recollections\u201d \u201cTorn Apart\u201d\n\nInto the Abyss of Oblivion",
                    "date": "March 30th, 2019"
                },
                {
                    "title": "Calling All Left Hand Path Worshipers - 80%",
                    "content": "The Swedish death metal scene of the early 1990's is regarded by some as about twenty people that all make up about thirty bands. And as slightly untruthful as this is, there actually is some authenticity behind such a claim. We can point all sorts of fingers, but I don't think that anyone will be able to find a bigger and better example than the short lived grindcore turned death metal project, Carnage, and their first and final album Dark Recollections. On this record, former members of Dismember added their talents to a relatively young band at the time and secured their spots towards the top of the list of European death metal royalty. \n\nThose that are well versed with the playing styles and tones of Entombed and Dismember might as well just read a review for music by those bands, because the description will be pretty much the same. \"Well if that's true, what's the point of this review?\" The point is that despite sounding a lot like Entombed and Dismember (the latter of those bands shared members with this one), Carnage's Dark Recollections can bring things to the table of death metal that its peers don't...\n\n...such as riffs that kept me wanting to listen this album start to finish and then again. Tracks like \"Deranged from Blood\" really evoke that Gothenburg melodic death metal sound that contains sorrowful licks that truly provoke a feeling of darkness. Carnage's peers at the time were using more anger-filled melodies, but the opening riff of that song is just sounds so damn sad. There are of course the bestial and aggressive lines delivered, such as pretty much the entirety of \"Infestation of Evil.\" Evil really is captured on this album with the altered and demonic vocal lines that create a sense of madness for the listener. \n\nThere are some recycled open chord melodies such as on \"Death Evocation\" that sound like some from \"Dismembered\" by Dismember. These are the more forgettable riffs from this album, as they provide a decent amount of the structure of the album that probably needed to be filled at the last minute. This, along with tremolo-based melodies licks that stay on the same note and end with a small flourish of minor notes, did that job. It's a Swedish death metal staple that I am personally kind of tired of hearing, but, hey, it's a classic concept. \n\nBut how does all of this fit into the production of the album? It fit very well if you are a guitarist that played on this record. Much like Tomas Skogsberg and Fred Estby did on Dismember's debut album, Like An Everflowing Stream, the bass is almost completely washed over by the elephant sized buzz-saw guitars, and the piercing tone of the drum kit used by Estby himself. There are almost no times when the bass can truly be heard unless it's either spiked up by the production or when the guitar simply is left out to let the bass have a solo for about four to five seconds. C'mon, show some love for the bassist will ya? It's somewhat like the production job of Retribution by Malevolent Creation in which the bass is never heard unless the entire rest of the band is cut out.\n\nHowever, for the rest of the characteristics of Dark Recollection's production, everything is heavy, down-tuned, and beefy. Every last note is fattened up to its full musical weight and hammered out with ferocity like no other (unless we include Entombed, Grave, or Dismember). Carnage proves here that it can be very difficult to break outside the boundaries of old habits and playing styles. For fans of Entombed, Grave, Dismember, Nihilist, and the like, this is a must have release to buy or at least listen to. Of course you can always listen to Left hand Path and not really tell a difference.",
                    "date": "August 7th, 2016"
                },
                {
                    "title": "A Swedish death metal milestone - 89%",
                    "content": "Nowadays, old school Swedish death metal is a definite, \u201ciconic\u201d style to most extreme metal fans, thanks to the success of historical bands such as Entombed, Dismember, Grave, Edge of Sanity, early Opeth, early At the Gates and some more recent retro acts such as Bloodbath and Tribulation (just for their first album, \u201cThe Horror\u201d). But, very often, people tend to forget where the canons of this current come from, the origins of all, the classics that contributed to plasm that trademark style that nowadays is so hailed and obsessively reproduced on thousands of retro albums. Of course, it\u2019s not the case of classics such as Entombed\u2019s \u201cLeft Hand Path\u201d and Dismember\u2019s \u201cLike an Ever Flowing Stream\u201d, which are rightfully revered from everyone, but there is a bunch of slightly more obscure records that are often forgotten by average metalheads, and remembered only by those who have a specific knowledge about old school death metal. Carnage\u2019s only full-length, \u201cDark Recollections\u201d, is one of these records. Obviously, Carnage isn\u2019t certainly an unknown act, since they\u2019re still considered as an important name, but some more recognition (at least on par with Grave and Dismember) would be appreciated.\n\nMany people consider Carnage just because their lineup featured the future Carcass and Arch Enemy guitarist Michael Amott, but their importance in the death metal scene is not limited to this: most of the other guys involved in this project were Dismember members (including the vocalist Matti K\u00e4rki, who marks this record with his raw trademark growling). Dismember had temporarily broken up, having released just a couple of demos, and some of their material was re-used for this new band (more specifically, the four songs \u201cBlasphemies of the Flesh\u201d, \u201cDeranged from Blood\u201d, \u201cSelf Dissection\u201d and \u201cDeath Evocation\u201d), along with much other new stuff. Of course, we all know which band was going to build up a more consistent reputation in the future, but \u201cDark Recollections\u201d is still a piece of history that needs to be explored in its entirety, at least for its massive influence upon the whole Swedish scene (just consider that it was one of the first albums to be ever recorded at Sunlight Studio and to feature the typical \u201cchainsaw-like\u201d guitar sound that will become so common between tons of bands). The awesome artwork by Dan Seagrave is already very inviting, and what you\u2019re gonna find beyond isn\u2019t certainly less worthy.\n\nThe best thing I can say about \u201cDark Recollections\u201d is that it\u2019s truly one of the most well-composed death metal albums I\u2019ve ever heard. Of course, some ideas shine above some others, but the incredible thing is how all these ideas are mixed up together. Every song is a long, gloomy, mysterious gallery of different riffs, melodies and atmospheres, all perfectly concatenated together in a coherent way, through ambitious yet majestically successful constructions. Take songs like \u201cBlasphemies of the Flesh\u201d, \u201cGentle Exhuming\u201d, \u201cMalignant Epitaph\u201d and \u201cSelf Dissection\u201d: despite being very varied and rich tracks, they possess a very enviable sense of continuity that\u2019s very rare to find, especially nowadays. Many often happens that a song carries a definite melody throughout different phases, just changing the form and the pace of the riff, giving to a complex composition a perfect sense of transitional progression; and, most of the time, even the sharpest and more drastic changes are made with a non-indifferent grace. The songwriting is very progressive, indeed, and shows all these young guys having tons of visionary ideas to offer.\n\nWhen the title-track opens the album, you know that something big is going on here. The synth intro leaves space to an extremely lugubrious doom riff, and then the song speeds up with a very twisted and original riff, followed by a compelling series of tremolo melodies destined to set new standards in extreme metal. In fact, as you may expect, this album is a true smithery of future Swedeath cliches: the hardcore punk influence that characterizes the whole current is massively remarkable on most of these songs, shining especially on some of the last tracks such as \u201cMalignant Epitaph\u201d and \u201cSelf Dissection\u201d (both in up-tempos and groovy parts)... but in the end, the whole album is massively filled with dry, minimal and straigh-to-the-point power chords that help to vary a bit the basic death metal formula of these songs. The riff-work is very creative: take a song like \u201cDeath Evocation\u201d, which contains a cavalcade filled with very simple, yet very original and remarkable riffs. On the other hand, the tremolo stuff is often rotten and ugly, in the classic death metal sense, but often also very creative; honestly, not all of these riffs are extremely memorable and brutal like those of Dismember\u2019s future works, but you have to admit their quality and the subtle atmosphere they create. However, it\u2019s no coincidence if the riffage shines particularly when the band tends to experiment with typical old school Swedish melodies.\n\nIn fact, while \u201cLeft Hand Path\u201d was mostly focused on showing the roughest and most brutal side of Swedish death metal, \u201cDark Recollections\u201d possesses a major sensibility, exploring some \u201ceerier\u201d sides of the genre that yet were pretty much unknown. There\u2019s a major experimentation with slow/doomy parts, giving this album a definite gloomier and more supernatural feeling in comparison to Entombed, and a major focus on the use of eerie melodies. The band, probably taking inspiration from classic heavy metal like Iron Maiden and from contemporaneous masterpieces of \u201chellish melody\u201d such as Schizo\u2019s instrumental \u201cBehind That Curtain\u201d, creates a lot of fine, elegant and gloomy guitar phrasings which often contribute to enrich the song-structures: it\u2019s interesting to see how little hints of guitar melodies place themselves perfectly and minimally between some simplistic riffs of tracks like \u201cTorn Apart\u201d, \u201cBlasphemies of the Flesh\u201d and, most of all, the majestic outro at the end, where the intensely sinister melodies placed upon a single repeated doom riff will just freeze your spine.\n\nActually, the doom parts are very sinister and remarkable throughout the whole album (especially on \u201cBlasphemies of the Flesh\u201d and \u201cDeath Evocation\u201d), though they can get a bit repetitive after a while. On the other hand, despite the tasteful use of melody on this record, the solos tend to be very chaotic, cacophonous and dissonant, probably in order to increase the disturbing atmosphere; Amott seems yet pretty far from his future melodic style displayed on albums such as \u201cNecroticism\u201d, \u201cHeartwork\u201d, \u201cBlack Earth\u201d and \u201cWages of Sin\u201d. However, melody or not, every single idea of this album is twisted and subdued to the gloomy atmosphere the band looks for. Even the most vivacious punk up-tempos lose their own identity, to become part of something vaster and darker. These guys were truly ahead of their time, and probably knew what they were doing.\n\nHowever, wanting to pick the absolute highlight of the record, I think it\u2019s no coincidence if the choice goes for a Dismember song: \u201cDeranged from Blood\u201d is, by far, the most memorable track of this great album. I could even consider it as the true first melodic death metal song of all times, a lot before At the Gates\u2019 first full-length. Just listen to that awesome tremolo riff at the beginning, which sounds completely over-the-top and definitely more melodic than anything else from this record, still not betraying the dark and somber feel that permeates every moment of the album. Between some harsher and more brutal (but slightly less memorable) death metal riffs, the song goes on and offers some other groundbreaking tremolo melodies, before giving you a great doom riff (which still keeps in a bit of melodic/somber atmosphere) and an awesome succession of faster riffs that communicate perfectly with each other, followed by other slow and mid-paced parts perfectly filled with appropriate melodies. This is pretty much the epitome of the album\u2019s formula, brought to its highest expression. All my compliments to Dismember for having crafted this little masterpiece of proto-melodeath, demonstrating again to be the greatest band in the circle of late-80s/early-90s Swedish death metal (with no discrimination for At the Gates, Entombed, Grave, Tiamat and, indeed, Carnage).\n\nIn the end, \u201cDark Recollections\u201d is an important piece of old school Swedish death metal, definitely essential if you want to understand the true nature of this genre. I admit it was more a prologue of what was gonna come: after this, Dismember continued on their own way, refining the formula of this album and creating intense, mind-blowing death metal masterpieces such as \u201cLike an Ever Flowing Stream\u201d and \u201cIndecent and Obscene\u201d (the true culmination of Carnage\u2019s intent), while Michael Amott, in turn, contributed to create other two masterpieces with Carcass, and then made a couple of great albums with his own band Arch Enemy, before placing himself in the comfort zone with a plastic, dumbed down pseudo-extreme metal formula that modern metal kiddies seem to like a lot. \u201cAnd so is life\u201d, Dismember would say... but, luckily enough, true history never dies.",
                    "date": "December 30th, 2014"
                },
                {
                    "title": "God Hates This Album! - 95%",
                    "content": "I'm swedish & I love swedish Death Metal much more than American. I still like the American but it's more Black Metal oriented than Swedish. \"Dark Recollections\" by Carnage is a swedish masterpiece & it's pretty forgotten today. It's known by the hardcore Death Metal fans but not to so many more.\n\nIt's in the same spirit as Entombed & Dismember, well 3/4 (they only were 4 in the end) of Carnage would reform Dismember after Carnage's departure & since the songs is mostly old Dismember tunes it's pretty much the same as Dismember. Anyway, Carnage was a great act that deserved more attention than they got, especially since all 4 of them would become stars in the genre.\n\nAnyway, if we should go on with a little information on this old masterpiece. It starts off with a heavy & fast masterpiece entitled the same as the album & it's one of my favorite Death Metal songs of all time. Next one is \"Torn Apart\", a fast & furious masterpiece that really makes you torn apart. It goes off heavy with \"Blasphemies Of The Flesh\" & then over to their probably most known song \"Infestation Of Evil\", although I can't hear what's so special with the later one. Track 5 is a real Grindcore song in the same feeling as early Carcass & it's the worst song on this album even though it's still good. \"Deranged From Blood\" is another favorite of mine & it's reminding a lot of Dismember's later classic \"On Frozen Fields\" from their 1995-album \"Massive Killing Capacity\". Maybe it was a reworked version of this song since it seems like Dismember never rerecorded this masterpiece. The rest is awesome all the way & especially \"Death Evokation\". Just like the most tracks on this album, this is another old Dismember classic.\n\nThe production is very similar to Entombed's masterpiece \"Left Hand Path\". In fact, it's pretty much exactly the same except that this one sounds a little more \"dulled\". It's a pretty good & raw production & you clearly hear everything except for the guitars from time to time.\n\nThe cast is great, although a little unstabilized. They were young & this was their first recording ever except for some today, legendary demos. Their doing a great job & I envy them all for their capacity of writing great tunes like these.\n\nSo what's the last notes I can make on this album... Well, the best tracks here are in my opinion \"Dark Recollections\", \"Torn Apart\", \"Deranged From Blood\" & \"Death Evokation\". All of them is killers though.\n\nIf you're into swedish Death Metal or American bands like Autopsy then this is a must have for you. I can be hard to find & I recomend the 2000-remaster although it doesn't matter that much if you grab that one or the original split with Cadaver. Also, if you would want more of this stuff then I recomend Dismember. That's probably the closest you'll ever get to this album since this was old Dismember material.",
                    "date": "January 25th, 2008"
                },
                {
                    "title": "A Lost Death Metal Gem - 90%",
                    "content": "When you think about pioneers of the Swedish death metal, you can say bands like Entombed, Nihilist, Grave, Unleashed and Dismember. But, who knows about the existence of Carnage?\nAfter two demos, they recorded their first album in 1990, the same year of Left Hand Path; but why that one had more success than this one? Who knows\u2026yes, because this album is not less worthy of admiration for the music and especially for his importance in this genre.\n\nCarnage were formed by members that would have become very famous in the scene thanks to other bands after this one. They were just teenagers when they recorded this incredible album; every song is a fistful of pure brutality. If you like Entombed early sound, you will love this one. The guitar distortion, the drum sound and the vocals are typical of this music. Sometimes, few synth create a really obscure atmosphere just to give something more evil to the sound.\n\nThe guitars and bass distortions remind me a chainsaw, for example check out the first part of \u201cTorn Apart\u201d song\u2026amazing violence. The growls are very good, typical Swedish. In few parts, the grind music violence, so well known in that period, has been taken as inspiration by this group that is incredibly powerful by the use of the blast beats.\n\nOne of the songs I like the most is \"Gentle Exhuming\", that features a very similar Entombed beginning. After awhile, a massive mid paced riff destroys everything, followed by some blast beats and some strange solos. These ones are so obscure and evil. This is surely one of the most violent tracks of the album; while the intro to \u201cDeranged From Blood\u201d song can be easily come out from a more melodic Dismember album, for example Massive Killing Capacity. \n\nAll in all this is a great album, one of the best in that period for the growing Swedish death metal scene. Unfortunately they stopped recording after this one, but, now this is regarded as a cult that must be owned in every death metal fan's collection.",
                    "date": "September 12th, 2007"
                },
                {
                    "title": "an underrated death metal classic - 85%",
                    "content": "...release that everyone seems to have forgotten about. Before Entombed, before Dismember, before Grave, there was Carnage. Their lineup at one time featured now legendary guitarist Michael amott, though I don't think he is on the album release (though I could be wrong, mine was shipped without an insert), and current Arch Enemy vocalist Johan Liiva. The band apparently was the former incarnation of Dismember, and I can see relations to that band in their sound, though Carnage is simpler and more stripped down by a long shot.\n\nThis is the early incarnation of the Swedish death metal sound, and probably has crossover appeal to many grind fans. It's simple, straight ahead and complete aggression, though by today's standards it isn't very fast at all. There are only a couple of short blastbeat sections on the album, the rest is either midpaced and chuggy or a fast, frenetic thrashing tempo. This may have been the first release with the trademark Sunlight Studios sound, though I'm probably wrong about this...the guitars are very downtuned and rumbling, and if you turn this up loud enough the onslaught will cause your bones to rattle. It's not as clean as some other Sunlight productions either, there is just the right amount of raw abrasiveness to the sound that adds to the power of this underrated release. Lead guitar either plays noisy squealing solos (not quite of Entombed's calibre, but still pretty cool n Swedish Death (TM)), or picks out simple Twilight Zoneish melodies over the triumphant roaring power chords of the rythm. Drumming is straightforward and might have done with a little spicing up, but it's not a major gripe, not everyone can play oldschool Swedish death like Nicke Andersen or Hank Amarillo (hah hah). I really don't think any fan of Dismember, Entombed, etc, can bare to be without this in their collection. it's simple, evil, and fucking aggressive death metal the way it was meant to be! How can you go wrong?",
                    "date": "October 26th, 2003"
                }
            ],
            "songs": [
                {
                    "name": "Dark Recollections",
                    "length": "03:45",
                    "url": null
                },
                {
                    "name": "Torn Apart",
                    "length": "04:40",
                    "url": "https://www.metal-archives.com/release/ajax-view-lyrics/id/2871981A"
                },
                {
                    "name": "Blasphemies of the Flesh",
                    "length": "03:46",
                    "url": null
                },
                {
                    "name": "Infestation of Evil",
                    "length": "04:57",
                    "url": null
                },
                {
                    "name": "Gentle Exhuming",
                    "length": "02:55",
                    "url": null
                },
                {
                    "name": "Deranged from Blood",
                    "length": "05:07",
                    "url": null
                },
                {
                    "name": "Malignant Epitaph",
                    "length": "03:18",
                    "url": null
                },
                {
                    "name": "Self Dissection",
                    "length": "03:30",
                    "url": null
                },
                {
                    "name": "Death Evocation",
                    "length": "04:35",
                    "url": null
                },
                {
                    "name": "Outro",
                    "length": "01:40",
                    "url": "https://www.metal-archives.com/release/ajax-view-lyrics/id/2871989B"
                }
            ],
            "song_names": [
                "Dark Recollections",
                "Torn Apart",
                "Blasphemies of the Flesh",
                "Infestation of Evil",
                "Gentle Exhuming",
                "Deranged from Blood",
                "Malignant Epitaph",
                "Self Dissection",
                "Death Evocation",
                "Outro"
            ]
        }
    ],
    "album_names": [
        "Dark Recollections"
    ],
    "info": {
        "Country of origin": "Sweden",
        "Location": "V\u00e4xj\u00f6, Kronoberg (early); Stockholm (later)",
        "Status": "Split-up",
        "Formed in": "1988",
        "Genre": "Death Metal",
        "Lyrical themes": "Death, Armageddon, Anti-Christianity",
        "Last label": "Earache Records",
        "Years active": "\n1988 (as Global Carnage),\n1988-1990 "
    }
}