{
    "name": "Celestiial",
    "id": "26634",
    "url": "https://www.metal-archives.com/bands/Celestiial/26634",
    "albums": [
        {
            "name": "Desolate North",
            "type": "Full-length",
            "year": 2006,
            "review_num": 3,
            "review_avg": 76,
            "url": "https://www.metal-archives.com/albums/Celestiial/Desolate_North/105816",
            "reviews_url": "https://www.metal-archives.com/reviews/Celestiial/Desolate_North/105816/",
            "reviews": [
                {
                    "title": "Two i's are like an easier-to-type umlaut - 60%",
                    "content": "The funeral doom underground is tough territory to navigate. What you hear through the grapevine is the genre is almost uniformly of high quality \u2013 to translate, this means that bands tend to be praised for playing in the style at all rather than for doing it particularly well. Since playing funeral doom \u201cat all\u201d requires a level of musical skill on par with a retarded chimpanzee, the genre's a free pass into the world of deep and meaningful art, as its simplicity makes it equally undemanding for artist and listener alike. Ergo, it's mostly useless.\n\nI singled Celestiial out of the crowd and bought this disc largely because sole musician Tanner Anderson seems to hate the \u201cscene\u201d, such at it is, about as much as I do. If you spy an attempted artist prattling on about how great it is to join the burgeoning and ever-growing funeral doom scene and that it's so great that there are so many wonderful bands bringing all these great new ideas to the genre, get out quick. If, on the other hand, he says he's completely disillusioned with the style as it currently exists but he likes some of the old bands... well, there's a chance at least.\n\nThere's a lot wrong with this album, to be frank; for starters, the distorted guitars are horribly recorded for most of the album. I've read a couple reviews that state that there's no distorted guitar on the album at all, which, although incorrect and a clear sign that writers in question should really stop reviewing music, goes to show how weak and indistinct in the production they are. Without their presence the clean guitar melodies are left to wander alone, sounding overly simplistic and repetitive \u2013 presumably much more than they would otherwise. This album is certainly sparse enough without production problems leaving us with even less to hear. Sometimes it almost does just sound like an ambient recording of forest sounds.\n\nThe programmed drums are on autopilot, the vocals are merely what you'd expect, and there are a few instrumental tracks that feature a grand total of one instrument apiece. It's all to easy too simply tune out the entire album, at times.\n\nI'm still glad I bought it, because the authenticity and sincerity does come through in the music. Celestiial's apparent claim to originality rests on some unusual instruments (like a harp) and the various ambient woodland creature sounds mixed into the recording, but those are trivial. What's more important is the distinctive atmosphere and unique perspective... and the fact that the music does have a perspective and a spark of creativity behind it. The way this project uses sonic space and ambiance is promising, perhaps only needing a little development. In spite of technical imperfections, this album seems to \u201cget it\u201d in ways many better-produced and more professional bands never will. I will be keeping a sharp eye out for the next release and pass along a qualified recommendation for this one.",
                    "date": "August 11th, 2007"
                },
                {
                    "title": "Reverb Drecnched Funeral Doom stuff. - 75%",
                    "content": "Funeral Doom- a great, if slightly hard-to-take genre. The slow as hell riffs and drums, and the general focus on all that's extremely depressing can occasionally be rewarding, but in the wrong hand, it must sound terrible (I'm only assuming it would suck, as I don't have too much Funeral Doom yet- just all the greats, Thergothon, DIsembowelment, Skepticism etc.) Luckily, this isn't a terrible album by any means- it's just quite hard to take.\n\nCelestiial traffic in an extremely sparse kind of funeral doom. It's almost sparse enough to become Dark Ambient, and it's certainly not something most people would call metal. To me, it sounds a bit like a Blackened, droney Von-era Sigur Ros- just covered in Reverb, slow and very mysterious. Generally, each song consists of a few different things- the super low tuned, extremely quiet guitars that give everything a warm, bassy background, the reverbed, screamed/growled vocals that make an occaisonal apperance, the slow, pounding drums, and the main mood carriers- the sparse clean guitars and the nature sounds. The nature sounds fit in really well with the music- in fact, I didn't notice most of them the first time round. But they are there, and they add a huge amount to the songs. \n\nEverything on this album is covered in reverb- but that makes this album good. This music doesn't need max clarity, and the walls of sound that this reverb summons up is impressive. The reverb brings out the emotion, the despair, but also the dark beauty that is in this recording. Whoever mixed it did a pretty good job.\n\nSo, to most of the people who are reading this, the above description probably sounds pretty sweet- and while it is pretty damn good, it doesn't always work as well as it should. One simple problem is the lack of progression in some of the songs. Of course, some may say that this is the point of funeral doom, and I would agree to an extent, but Funeral DOom isn't like Drone- the songs need to have a real sense of completion, while drone and ambient are more about the soundscapes, and thus a proper ending isn't as important. Maybe these songs are intended as dark ambient, but to me, they are funeral doom, and a bit more structure would be good. Another problem is the cymbals. I don't mind the occasional terrible bit of drum programming- but with every song having the super loud cymbal clash every beat, it really does get annoying. I don't know why it's mixed so high.\n\nThe final problem is the terrible track order. If you look at the track lengths on winamp/windows media player/itunes/whatever, you would notice that there's 4 short tracks and 4 long ones. So surely it would make sense to mix them around a bit? Not so. The first 4 out of 5 are all interludes, and then we're left with 3 epic doom tunes, which is a bit much.\n\nStill, these problems aren't all that bad as such. Bad track order.. fairly bad cymbals and the occasional lack of progressions in the songs. Really, that's not that bad a thing. While I would recommend this, let me just remind you all that this is fairly slow funeral doom, so it's an acquired taste.",
                    "date": "December 4th, 2006"
                },
                {
                    "title": "Desolation comes easy in the forests of Minnesota - 92%",
                    "content": "Celestiial is a one-man project hailing from the northern woods of Minnesota. Don\u2019t be fooled by the black-and-white artwork, the wintry, Scandinavian-sounding album title or the fact that the band\u2019s name seems lifted straight out of the Black Legions\u2019 guestbook (Mutiilation, anyone?) \u2013 this is not raw, necro black metal at all. Desolate North is much more concerned with conveying the feeling of true alienated despair than with adhering to Northern genre standards. This has much more in common with the doomed creeping blackness of Nortt than the chainsaw gutsfucking of Torgeist or Vlad Tepes. \n\nCelestiial\u2019s sound can be simply described as funeral doom, but there\u2019s much more to it than that. The title proves to be something of a misnomer \u2013 as desolate as the album admittedly is, it lacks that icy coldness that good black metal tends to capture so well. Instead of envisioning frozen lakes and snow-topped mountains, you find yourself wandering through a forest, alone save for the sounds of nature that envelop you. A primary component to Celestiial\u2019s music is the use of natural sounds \u2013 birds chirping, wind blowing through trees, raindrops falling, sounds you\u2019d hear while walking alone in the forest at night. This natural accompaniment makes his own vocals seem even more disembodied and hollow, and enriches the droning soundscapes that he\u2019s created. As spacey and barren as the songs are, the impossibly-low-tuned guitars and aforementioned nature sounds add depth and fullness, so the songs never seem as sparse or minimalist as most ambient tracks come across as. There is a measure of blackness to be found on here, particularly in the production value and guitar tones, though they\u2019re more Xasthur or recent Nachtmystium than Darkthrone, and the black metal influence is often lost within the waves of droning ambience. \n\nThe first song, \u201cIn this Earth of Shallow Intent,\u201d employs a gossamer melody underlain by a chorus of crickets and whippoorwills to set the tone for the rest of the album; the forest sounds persist throughout the album, and really aid Celestiial in developing an entirely unique sound. Desolate North doesn\u2019t sound like anything else you\u2019ve heard this year \u2013 it\u2019s as hard to pin down as the wind, and as delicate as flower petal. Yes, delicate; there are plenty of doomy dirges present, and the tempo\u2019s just shy of lifeless, but there are moments of melody buried in the shadows. This is truly a beautiful album, one that I\u2019d recommend to any fan of funeral doom, or of ethereal, ambient, atmospheric music, or old Agalloch and Disembowelment; to any doomed soul, and to all who hear the forest calling out their names.",
                    "date": "November 21st, 2006"
                }
            ],
            "songs": [
                {
                    "name": "Into This Earth of Shallow Intent",
                    "length": "02:00",
                    "url": null
                },
                {
                    "name": "Haunting Cries Beneath the Lake Where Our Queen Once Walked",
                    "length": "08:56",
                    "url": null
                },
                {
                    "name": "Lamentations in the Citadel of God",
                    "length": "10:48",
                    "url": null
                },
                {
                    "name": "Desolate North",
                    "length": "02:47",
                    "url": null
                },
                {
                    "name": "Thule",
                    "length": "08:08",
                    "url": null
                },
                {
                    "name": "Hinterland",
                    "length": "02:16",
                    "url": null
                },
                {
                    "name": "Waldl\u00e4nder im Herbst",
                    "length": "08:59",
                    "url": null
                },
                {
                    "name": "Ashen",
                    "length": "02:11",
                    "url": null
                }
            ],
            "song_names": [
                "Into This Earth of Shallow Intent",
                "Haunting Cries Beneath the Lake Where Our Queen Once Walked",
                "Lamentations in the Citadel of God",
                "Desolate North",
                "Thule",
                "Hinterland",
                "Waldl\u00e4nder im Herbst",
                "Ashen"
            ]
        },
        {
            "name": "Where Life Springs Eternal",
            "type": "Full-length",
            "year": 2010,
            "review_num": 5,
            "review_avg": 70,
            "url": "https://www.metal-archives.com/albums/Celestiial/Where_Life_Springs_Eternal/264058",
            "reviews_url": "https://www.metal-archives.com/reviews/Celestiial/Where_Life_Springs_Eternal/264058/",
            "reviews": [
                {
                    "title": "Beauty - 90%",
                    "content": "If you've ever wanted to know what the primordial sounds of nature are at her most raw and primeval then you'll find it here. If the spiritual of the most primitive of man had, had access to electric guitars, this is what they would've played.\n\nFirstly, this isn't for everyone. Secondly, this is the very epitome of extreme music.This music is shapeless, border-less and boundless. It's noise but it's not. It's anti-riff, but beautiful in its chaotic dissonance. Endless waves of effects driven guitar dirges wash over you again and again. These are accompanied by oddly evenly distributed notes that rise into each frame unnoticed until they hit their swell only to retreat and begin anew in the continuing tide of unfathomable emotional depths. Black metal shouts run almost underneath the vibrant and ever changing ebb and flow of the chaotic rhythms.\n\nEach track offers something new, original and wholly unorthodox. As spacious as they are glacial, the songs hit you in an unending onslaught of ponderous and generally wonderful things. There are some moments of despair but overall, the albums title holds true. 'Where Life Springs Eternal' is something that has no peers. The atmosphere on this album redefines what most people could consider atmospheric.\n\nThis is high art in its most pure form, music that truly pushes the boundaries of what's acceptable and yet lacks the pretentiousness you typically find with such high minded endeavors. There's no mold here. Nothing on this disc fits any metal or musical conventions. Amorphous, poignant and vast are the harsh and soothing tones of this otherworldly music. Organic music in an inorganic time.\n\nThe production is better than you'd expect for such a cacophony. You can't really hear much aside from the guitars, vocals and percussion, but this isn't a problem as too much bass would've ruined this fragile creation. No, this album doesn't stray as far from their debut in terms of song writing, but there's enough variance to keep the attention of anyone craving unique sounds.",
                    "date": "April 27th, 2016"
                },
                {
                    "title": "Grave and imposing epic but not really satisfying - 50%",
                    "content": "US doom band Celestiial' second album may be a nature-oriented one but the first part of the introductory track will sure have you fooled: it's as heavy-duty industrial as it gets, all clanky screeching or vibrating metal tones over a throbbing rhythmic hum. But the machine noises pass after a few minutes, washed away by showers of gentle rain, birdsong and the distant boom of thunder. As it turns out, this track and tracks 3 and 5 are mostly ambient embellishments (with some plucked mandolin or harp-like melodies) to the two main events \"Great Storms Carry My Sadness\" and \"Offering in Cedar Smoke\" which together take up about nine-tenths of the album. Both of these could stand alone as two separate EP releases as they have an epic solemn ambience and drama and, to my ears at least, are very inward-looking; but as they are with the ambient interludes, they form some kind of narrative for the listener to work out.\n\n\"Great Storms ...\" is a grave and imposing musical spectacle, heavy with gloom and sorrow in the slow thundering beats. Long guitar drones are very much like an orchestra warming up for what must soon be the climax as echoing voices in the background start wailing and screaming more in fear and misery, and the pounding beats become more regular and slightly faster. It seems worthwhile to hang around for what must soon be an eruption of noise and shrieking - but no, the action quickly draws back before a pleasant if slightly moody scene of field recordings of falling or swirling water, stormy weather and wandering bass. Eventually the music picks up its ponderous load but I have a feeling we've lost some momentum and direction here: the screaming continues but the droning guitars and thundering drums are now slowly grinding out a circular rut. A melody starts to play at long last which is some small consolation for those listeners feeling they've been dragged through an unending circular tunnel of monotonous sound. The tune is not inspiring and the coda when it comes is a lightweight let-down.\n\nLike \"Great Storms ...\", the second long track \"Offering in Cedar Smoke\" is a plodding doomy affair that trawls through what might be deep dense temperate rainforests with honking birds flitting in and out. Such landscapes do exist in parts of western North America along the Pacific coast and in the extreme southern parts of Australia and New Zealand bordering the Tasman Sea and Southern Ocean so listeners familiar with these places will feel quite at home with this part of the album. The track has a clean feel as though the constant rains have stopped for the time being and the air feels cool and fresh. Apart from this the track isn't that much different from \"Great Storms ...\" as the background screeching carries on with no indication that it's ever going to stop or change into something else, and the music keeps on trundling along, going into a slightly different key perhaps, and getting ever more monotonous, until it disappears into another lightweight if very pretty nature scene.\n\nFor all the effort Celestiial exert in part of the first track and the two long tracks, the music ultimately doesn't go anywhere or resolve anything apart from hewing its own circular path in considerable pain and anguish. The peaceful bucolic imagery and emotional release as suggested in the short tracks seem too pat for all the effort the musicians put in and the torture we listeners had to subject ourselves to. I'd have liked Paradise, when we reached it, to have been less like ... well, less like a stereotypical Paradise where harmony and peace already exist and everything is in a state of never-changing balance. I'd have preferred a place more like what we know Nature actually is: a place and state of being where we still have to work out our relationship with one another and with our surroundings and end up generating a hundred different ways of organising human societies and living in balance with ourselves and fellow travellers on Earth.\n\nI gather the album is intended to be a post-apocalyptical exploration of what's likely to happen to humanity when civilisation everywhere collapses. If that's so, it comes across as rather ordinary and stale as though a zillion other bands that have addressed this them reached the same conclusion over and over.",
                    "date": "April 17th, 2010"
                },
                {
                    "title": "Interesting but difficult funeral doom - 70%",
                    "content": "Where Life Springs Eternal is the third release from the Minnesota-based funeral doom band Celestiial, last heard from in 2008 with their split vinyl release shared with Blood Of The Black Owl. Celestiial was originally the solo project of Tanner Reed Anderson, but for this album, the band has expanded to a trio, with the addition of Timothy Glenn on drums and Jason Walton (also of Nothing, Subterranean Masquerade and Agalloch) on bass, leaving Tanner Anderson still in charge of vocals and guitars, as well as harp and bowed cymbals.\n\nWhere Life Springs Eternal \u2013 now there\u2019s a title that doesn\u2019t exactly convey the normal morbid death-instinct obsessions of doom metal. But of course, Celestiial\u2019s music is steeped in mystical reverence for nature, and it encompasses both life and death, inextricably intertwined in the constant dying and becoming of the natural world. In this sense, they\u2019re an archetypal Bindrune Recordings band \u2013 the Bindrune website bears the motto \u2018Woodland Denizens Unite!\u2019\n\nThe bulk of the album\u2019s 56-minute duration is taken up with just two tracks, the 30-minute \u2018Great Storms Carry My Sadness\u2019 and the 16-minute \u2018Offering in Cedar Smoke\u2019, which are interleaved between three much shorter tracks functioning as an intro, interlude and outro. \u2018Spell Over Still Water\u2019 opens with a clamorous, atonal cacophony of Sunn O)))-style diffuse, downtuned guitar grind laced with grating squalls of feedback and sharp stings of bowed cymbal. Having seen how water in a singing bowl seems to seethe and boil as the bowl is vibrated, I imagine that any still water that this track was played over would become pretty agitated. This almost industrial opening section fades away into the soothing sounds of rain, birdsong and distant peals of thunder \u2013 field recordings of nature sounds are extensively used on Where Life Springs Eternal, as they were on the split LP with Blood Of The Black Owl.\n\n\u2018Great Storms Carry My Sadness\u2019 cleaves more closely to expected funeral doom norms, its solemn, crawling pace punctuated by cymbal smashes and shrieked vocals over warm, smooth (possibly e-bowed) guitar and bass harmonics filtered through gauzy veils of reverb. In quieter passages, the sound of rapidly running water provided a constant background hiss (the album cover has a photo of a waterfall, and the booklet is full of temperate rainforest images). There\u2019s an entranced, intensely introspective feel to the track, simultaneously dejected and blissful, though it\u2019s likely to try the patience of listeners of a less meditative turn of mind, and there\u2019s little development or change throughout the track\u2019s half-hour duration, just the mantric repetition of swelling, grandiose chords, eventually washed away by the rising sound of running water.\n\nThe album\u2019s other long track, \u2018Offering in Cedar Smoke\u2019 is, if anything, even more tranced-out than \u2018Great Storms Carry My Sadness\u2019, a purring bass hum and a cavernous, monotonous beat providing the foundation for doleful, shoegazy washes of guitar, blackened vocal shrieks and mournful owl cries, locked into a frozen, stupefied rapture, something like a blend of Agalloch and Alcest.\n\nIn between these two sprawling leviathans comes the two-and-a-half-minute \u2018From Elm Blossoms a Rose\u2019, a delicately lilting embroidery of plucked harp with a distinctly archaic, Celtic feel recalling neo-folk bands such as Werkraum or Scivias, laid over birdsong and those endless gushing torrents of water. \u2018Songbirds Depart Through the Passing Near the Garden\u2019 closes the album with another couple of minutes of a simple plucked harp figure, with a very close, confiding, intimate feel, in stark contrast to the remote, impersonal grandeur of the longer tracks.\n\nWhere Life Springs Eternal is absorbing in parts, but the album as a whole does feel overly long and static even by funeral doom standards \u2013 I preferred the more various approach adopted on \u2018White Depths Dove The Red-Eyed\u2019, Celestiial\u2019s side of the split LP with Blood Of The Black Owl. The harp parts on the third and fifth tracks are really beautiful, but the endless water sounds get a bit wearisome, and one long track rather than two would make the album less of an endurance test.\n\nThis review was originally written for Judas Kiss webzine:\nwww.judaskissmagazine.co.uk",
                    "date": "March 14th, 2010"
                },
                {
                    "title": "From the subterranean to the skyline - 72%",
                    "content": "Tanner Reed Anderson, Timothy Glenn, and Jason Walton (of Agalloch fame) return for their 2nd full length outing on Bindrune Recordings, and being partial to the great debut Desolate North, I had extremely high expectations going into this effort. Perhaps the stars are not perfectly aligned, or the value of its charms have simply yet to fully sink into my skull, because where I found a near complete rapture on the split with Blood of the Black Owl or the debut, I occasionally felt tedium during several of the 56 minutes of Where Life Springs Eternal. It's a good listen, and given the chance, it should immerse you almost as hopelessly as its predecessor, but the two often feel like day and night. And it's always a little easier to concentrate in the dark.\n\nNow, Celestiial are not your average band playing doom or 'funeral doom' music, though some might argue that the spacious phrasing over the slowly crashing drums here is just as monotonous. No, this band is very true to their original, natural vision, to explore the vast and beautiful countryside of the United States through sonic improvisations. Desolate North was an excursion into both the minimal and gentle plucking of the guitar and the more dense, cerebral, violent compositions, and Where Life Springs Eternal is not the fruit of an entirely separate tree. The tracks presented here are diverse and improvisational, but more like a brazen, naked man parading about the places in the Land yet uncorrupted by civilization, spreading his arms wide and howling at the waterfalls of the cover image, his voice joining with the loud music of the atmosphere. It's simply not as creepy, even when it tries to be.\n\n\"Spell Over Still Water\" is loaded with cascades of rushing rapid samples, feedback and noise, kind of like Nadja but with less of an intent to create harmonic abstraction. It attempts nothing. It simply is. \"Great Storms Carry My Sadness\" is perhaps the most depressing piece on the album, with waves of guitar and reverb that carry themselves across canyons and skies, Tanner's voice completely tortured like the Earth itself where it is marred and razed by the progress of mankind. It's also 30 fucking minutes long...so you'll have plenty of time to think about it. \"From Elm Blossoms a Rose\" feels a lot more purposefully arranged, as samples of water complement a gently lulling piano, but \"Offering in Cedar Smoke\" is another lengthy number which returns to the band's gripping emotional turmoil, Tanner's black rasp haunting over the swells of guitar volume knobs, crawling cymbals and flutter of birds. \"Songbirds Depart Through the Passing Near the Garden\" is a short, somber closure to the album, moodily struck pianos and acoustics that send warmth down your spine as you settle yourself in the Earth.\n\nI've got some mixed feelings about this sophomore effort, though ultimately the positives outweigh the moments of repetitious ennui that arrive through the longer compositions (or 'non-compositions'). Granted, those moments are likely intentional, and a band like Celestiial is not something you listen to if you're expecting riffs, melodies, or anything even bordering on traditional metal. This is the sound of the spaces between the music, as if you could pause time and meditate through each natural high and low. Desolate North was a lot darker than this, with shorter songs, and I believe I still prefer that side of Celestiial, which fucked me up but good. That's not to say Where Life Springs Eternal is all bells and whistles. It's hardly an uplifting experience, but the album title alone dictates that it's heart must center about some faint trace of hope.\n\nAt any rate, Celestiial do maintain their rare ability to create a sonic response to their environment, and this is one of the few 'nature' oriented bands that amounts to more than a busload of hippies that are as full of shit as they are full of marijuana and other medications. Where Life Springs Eternal may not be the most essential of listening, but it is still quite intriguing, and the next time you get an urge to listen to one of your soccer mom 'ambient sounds of the ' CDs that you picked up at the Discovery Store, I'd recommend that you try Celestiial instead. You may just not be the same again.\n\n-autothrall\nhttp://www.fromthedustreturned.com",
                    "date": "March 6th, 2010"
                },
                {
                    "title": "Celestiial - Where Life Springs Eternal - 70%",
                    "content": "Ahhh, miserable rain-sodden tortuous funeral doom played at tectonic speeds...who doesn't love it? Minnesotans Celestiial, another Bindrune Recordings artist, are here with their second full length \"Where Life Springs Eternal\", an interesting choice of title either with some deep meaning I am unaware of or a healthy dose of humour given the prosaic and lifeless nature of it's recording. The funeral doom world isn't renowned for it's humourous side so I'd imagine it's the former of those two options.\n\nI always find the rating of such funereal albums difficult given the stylistic limitations inherent in the fostering of a sound so reliant on atmosphere against the more common speed of the composition, which for the majority of \"Where...\" finds itself barely pushing double digit beats per minute. The rainy bleak introduction \"Spell Over Still Water\" slowly leads you the listener in without really doing much in it's 4 minutes before it is time to approach the gargantuan \"Great Storms Carry My Sadness\"; at 30 minutes long and a mixture of classic funereal procession and pained screamed lyrics interspersed with spacey synth, the lush sound of running water and even bird noise, it is one hell of a mindfuck. The sound is typical of a Thergothon-inspired funeral doom album, that being as black and desolate as is possible on planet Earth, with snare hits echoing off into the sounds of the netherworld and guitars high on reverb and delay, and in the construction of the songs too Celestiial are pretty formulaic. With two long songs on the record being surrounded by three shorter ones it is these that lead the descent into nothingness, changing little and travelling even less in the vast expanses of time that they eat up.\n\nThe theme of water is carried throughout the album, utilised in the pretty piano and acoustic guitar instrumental \"From Elm Blossoms A Rose\" until it swiftly clears to be replaced by the distant guitar tones of 16-minute \"Offering In Cedar Smoke\". Given the static nature of \"Where Life Springs Eternal\"'s main pieces it is left to the atmosphere being generated to lift the album above the pack, and thankfully for Celestiial this is their trump card. The vastness of their sounds, achieved primarily through the drum production and clever usage of guitar tones and feedback, rather than the easy get-out clause of heavy synth, is compelling as it sucks you into it's void generating feelings of total lifelessness and desolation in a post-apocalyptic human-free environment. While very much funeral doom in nature, this sound is reminiscent of black metallers Blut Aus Nord in it's colossally abstract and impenetrable feel and is the key ingredient to making \"Where Life Springs Eternal\" the good album that it is.\n\nThough unlikely to achieve much adoration in the closeted and sparse world of funeral doom metal, Celestiial have at least provided an album certifiably better than the norm and a template which could be improved upon by them in the future with the mastery of atmosphere that has been displayed here.\n\nOriginally written for www.Rockfreaks.net",
                    "date": "March 6th, 2010"
                }
            ],
            "songs": [
                {
                    "name": "Spell over Still Water",
                    "length": "04:15",
                    "url": "https://www.metal-archives.com/release/ajax-view-lyrics/id/1857618"
                },
                {
                    "name": "Great Storms Carry My Sadness",
                    "length": "30:45",
                    "url": null
                },
                {
                    "name": "From Elm Blossoms a Rose",
                    "length": "02:37",
                    "url": "https://www.metal-archives.com/release/ajax-view-lyrics/id/1857620"
                },
                {
                    "name": "Offering in Cedar Smoke",
                    "length": "16:43",
                    "url": null
                },
                {
                    "name": "Songbirds Depart Through the Passing Near the Garden",
                    "length": "02:04",
                    "url": "https://www.metal-archives.com/release/ajax-view-lyrics/id/1857622"
                }
            ],
            "song_names": [
                "Spell over Still Water",
                "Great Storms Carry My Sadness",
                "From Elm Blossoms a Rose",
                "Offering in Cedar Smoke",
                "Songbirds Depart Through the Passing Near the Garden"
            ]
        }
    ],
    "album_names": [
        "Desolate North",
        "Where Life Springs Eternal"
    ],
    "info": {
        "Country of origin": "United States",
        "Location": "Minnesota",
        "Status": "Active",
        "Formed in": "2004",
        "Genre": "Funeral Doom Metal",
        "Lyrical themes": "Nature",
        "Current label": "Bindrune Recordings",
        "Years active": "\n2004-present "
    }
}