{
    "name": "Chakal",
    "id": "2091",
    "url": "https://www.metal-archives.com/bands/Chakal/2091",
    "albums": [
        {
            "name": "Abominable Anno Domini",
            "type": "Full-length",
            "year": 1987,
            "review_num": 3,
            "review_avg": 80,
            "url": "https://www.metal-archives.com/albums/Chakal/Abominable_Anno_Domini/19499",
            "reviews_url": "https://www.metal-archives.com/reviews/Chakal/Abominable_Anno_Domini/19499/",
            "reviews": [
                {
                    "title": "Not mind-blowing, but delivers - 76%",
                    "content": "Chakal already made a mark with material by '86 in Brazil with their particular brand of extreme metal. Likewise to Sepultura and Holocausto, they're from the state of Minas Gerais and also share some of the same fundamentals, however, their overall sound on their debut is a little bit different. Listening to \"Abominable Anno Domini,\" you wouldn't mistake them for a replica of an Attomica, a Vulcano, a Dorsal Atlantica, a Mutilator, a Sarcofago, a Panic or a Korzus either, who each had their own set of releases by '87 when this came out.\n\nThe sound levels can shift when switching to different tracks, so you could skip ahead and the mixing might noticeably differ. The guitars have a slight layer of '80's Brazilian fuzz on them, which makes them not as pronounced as they could have been in areas; such as when palm muting up a ruckus and then rapidly transitioning between notes, which can give the false impression that their fingers aren't completely saddled to the fret board. The drums\u2014though likewise interchangeable with their collective volume to the rest\u2014for the most part sound level and without a muffled bone in its wood and metal body, even with some slight reverb giving off a \"pop\" on the somewhat higher tuned snare. The vocals are quite possibly the loudest and usually stay that way, and even though he's distorting his voice, his delivery is pronounced and without fade-ins/outs.\n\nNow, here's where some of the separation to their contemporaries comes in: Chakal aren't completely outrageous, out-of-control or untamed, more like a band that has some crudeness but balances that out, and they play something like death-thrash yet with a closer leaning to thrash. Their structure and tempo range is less primitive, direct and savage than what Sarcofago was blasting out or Holocausto was screaming forth. They're not the epitome of nasty, but, then again, aren't without emotion either. The vocalist gives a pretty characteristic delivery. Korg has a roughened, on-the-verge-of-growl voice, but with a lot of wail in there, such as saying a word, extending it and then almost rounded it out. Depending on the particular moment, his tone can change from higher to lower. When higher, it's like he's using more of a gurgling head voice, and when lower, he gives off a slight snarl and something like a bellow. On the track \"The Dead Walk\" he does a cool technique of saying the line: \"There's no reason for them to live,\" then gives this long audible gasping breath before uttering, \"But they live again,\" just in time for a solo to peak the moment. Along with the vocals, most of the solos are focused and unique, such as having many different pulls and tugs of the strings and typically with an abundance of varied switchovers within a short time frame. It almost sounds like there is delay to give a few notes a little bit extra\u2014like a sound that leaps out\u2014when holding a string and bending it.\n\nThe momentum can switch to faster oriented thrash beats to quite a bit of mid-paced areas pumping away as well. The middling portions can generate double bass and also use something of more rapidly played hi-hat while having a spaced hit on the snare, or some sped up snare hits without picking up the pace like a race horse. The drummer's skill level is fairly basic and sometimes he lumbers on, though this is an improvement from prior material and in certain areas he manages to use the tom drums, not just as brief rolls when going faster, but also in a few areas during the calmer moments to dodge the typical course. When the guitars aren't sweeping back and forth notes with solos, the rhythms can for the most part be played more simplistically, though with an occasional moment of turning somewhat complex or even layered with dual playing. One of the main guitar lines on \"Terminal Brain\" is melodically played with some single, higher strings at the start and a tremolo technique wrapping up the fill. Generally the guitars have tendency to use an abundance of palm mutes, and they'll also occasionally pull out some mean sounding double picking, backed by the drums pounding away in an attempt to match their ferocity.\n\n\"Abominable Anno Domini\" is an album that took some sidelined direction when released in Brazil. While Chakal doesn't take that and push it above and beyond or lead its listeners down a new path to a whole other civilization, it's just slightly different in its own right. The band wrote its share of involving moments and their composition delivers some of the goods\u2014some sections make that head bang, some of the leads peak a moment and the vocals take a firm grasp of being frontman. However, there are other areas that just don't seem that exciting. I mean, Korg is constantly giving sway with this particular kind of varying emotional delivery with his voice, but it's still not enough to overcome the rest of the music. I think they would have benefited by snip, snipping a little time off and possibly condensing themselves, because it can linger in certain areas, and I would imagine more transitions would have steered a listener away from any potential lulls. Not the number of tracks, that's fine, since there is slight variety per song, but the actual time frame within the songs, like they occasionally have tendency to overextend themselves. Who knows, a few of the more heinous extreme metal bands in Brazil might have had the same issue if it weren't for them seeing how fast they can go. Chakal's song writing, on the other hand, could have taken advantage of more peaking climax and sense of escalation, and then from there move on to the next best thing.",
                    "date": "October 11th, 2010"
                },
                {
                    "title": "There are better releases in Brazil at the time - 74%",
                    "content": "First of all, I\u2019d like to say that this debut by one of the most forgotten Brazilian realities is not a masterpiece. It is another goodish but not astonishing effort that, anyway, didn\u2019t deserved to be overlooked by many. Chakal belong to the long list of bands that always worked honestly and with passion, trying to put out something that could be remembered in a very important period for extreme metal.\n\nTheir style is the classic violent, raw thrash metal that was taking the world during those years. Sometimes the thrash component flows also in some more death metal oriented moments but they are not so present and the band somehow manages to carry on mostly the thrash metal style. The tempo in these tracks is always quite fast with several, remarkable tempo changes. Here we can find the classic, low tuned and metallic guitars sound that characterized almost every single released in Brazil at the time and the low budget production, but all the instruments are equally audible and enjoyable in their volumes.\n\nThe vocals are quite rough in their particular tonality and somehow they lead to a raw form of death/thrash. The fast up tempo parts in \u201cThe Planet is Dead\u201d and the essential guitars work is typical of the hardcore/thrash metal genre but when it comes to more direct and heavy riffage, the band is more compact and more incisive. It\u2019s good to notice how the band considers the mid paced moments essential to give more variety to the sound. These parts are always well balanced with the up tempo and also the songs length is remarkable, showing signs of maturity.\n\nThe echoing production doesn\u2019t help during the solos parts that are a bit \u201cfar\u201d in volumes with the echoing distortion. Also the drums are a bit too raw in the sounds but they fit perfectly for this sound. The drummer is not exceptional at all, being quite monotonous in his style without too many passages and changes. The good ones can be found in \u201cTerminal Brain\u201d, anyway. \u201cChildren of the Cemetery\u201d along with the dark \u201cJason Lives\u201d can be considered the highlights here because they contain not memorable moments, but appealing parts. \n\nThe main problem of albums like this one in Brazil back in the 80s is the lack of catchy parts. Let me explain: the tracks are well structured, you can hear the sincerity and the genuine side in the music but the structures sometimes result a bit boring for their length and the quite heavy absence of attractive sections. They fall into a level of semi-mediocrity and that\u2019s a thing that makes me mad because a sincere band like this one surely deserves more but let\u2019s face reality. It\u2019s not a masterpiece and it doesn\u2019t manage to capture my attention during all the length.",
                    "date": "August 15th, 2008"
                },
                {
                    "title": "\"This album is pure Thrash Metal\" - 91%",
                    "content": "Chakal - Abominable Anno Domini\n\nWell, what kind I say about this Southamerican masterpiece if it speak for itself?\n\nThis album is pure Thrash Metal, well done and lacking downsides. There is a heavy influence in the rhythms of Speed Metal. It reminds me some times of Exciter, mainly in the guitar work. The solos are tremendous!. Specially in the first two tracks of the album which are fused into a whole eleven minute track. You can also hear some Slayer and Kreator Influences, like arrangements of the structure of the songs similar to \"Show No Mercy\" and \"Terrible Certainty\". Chakal has two lead guitar players, this is one of the things that makes this band different from other Brazilian Thrash bands at that moment, who played a more raw version of this subgenre. \n\nThe bass is always surounding in low tones the rhythm guitar (weather it is Mark or Pepeu), anyways Laranja does a good work increasing the aggression and power in the songs. There is even a short but cool bass solo in \"Children Sacrifice\". The drummer, Wiz, although he is an average drummer, the production makes his drums sound better and with more strength. He is still precise and very diversified in his beats. Korg unleashes great vocals that sound like a tortured growl. It is not a very strong grunt, but fairly good enough for the album.\n\nAbominable Anno Domini, for being the first full length of this band, it is a very mature effort. This does not surprise me. Upon seeing the LP and the pictures of the band, you can figure out that Chakal is a band that mostly cares about the music. But still the cover of the album slays!\n\nAnyways, my last words are: Buy this LP at a fair price if you have the opportunity of getting it! You will not be disappointed.",
                    "date": "July 28th, 2004"
                }
            ],
            "songs": [
                {
                    "name": "May Not the Mankind Suffer",
                    "length": "05:54",
                    "url": "https://www.metal-archives.com/release/ajax-view-lyrics/id/159394A",
                    "darklyrics": "\nMy phantoms are my hangmen\nMy soul is a lost city... foresaken\nSome shit is on the way but it's time to go\nWild and unknown is the night\nIt makes my demons real\n\nHypocrites\nChained with their greed, ignore me\nYou-infectious cancer of the universe\nAgonizing while I hit their faces against the wall\nMay not the mankind suffer\nThe betrayers are praying\nThrough the mist-I watch you decline\n\nBlack flags\nFighting against the strong wind\nBlack gods\nConcrete images on the sky\n(see it or die!!!)\nMay not the mankind suffer\nThe betrayers are praying\nThrough the mist-I watch you decline\nKneel down-show your pain-cry out you\nStupid agony\nYou're living through pieces\nDestroyed is your castle of lies\nSuicidal winds inside your mind\nYour own nightmares-now they trap you\nYour own demons-now they eat you slowly\nBreath your guilty, mankind\nShow me our bowels\n\n\n\nAnd in the middle of nuclear hell\nFire and cancer hit your flesh\nFrom my eyes the blood flows\nMy hands fucked by wounds\nRise towards the sky\nI fall down among the desolation\nLifeless bodies on my feet\n(they will never feel the pain again)\nBehold!\nThe horizons in extermination\nYou'll never see it again\nYou'll never hear the bells toll again\nHow we were wrong...\n\n",
                    "darklyrics_url": "http://www.darklyrics.com/lyrics/chakal/abominableannodomini.html#1"
                },
                {
                    "name": "The Planet Is Dead",
                    "length": "05:33",
                    "url": "https://www.metal-archives.com/release/ajax-view-lyrics/id/159395A",
                    "darklyrics": "\n\n\nDirty politicians spewing lies\nSuits and ties-dummy disguises\nGrowing fat with the hunger-breathing lust\nBastards governors of the world\nThe planet is dead\nAbusing on power-the sky is the limit\nTyrants of the world-full of tricks\nPlaying with nations-pretending to be god\nThe planet is dead\nMurderers!\nAssassins!\nWe dying in planet death!\nWe are dead soldiers\nUnfair patriotism that kill us on the war!\nWe are slaves of ourselves\nStupid militaries whipping our backs!\n\n\n\nBorders to separate us from other nations\nReligions to restrict the thoughts of the simpletons\nLoathsome racists dividing the races\nDifferent languages to make communication difficult\nMurderers!\nAssassins!\nWe dying in planet death!\n\nThe dead soldiers: gilberto, korg, wiz, mark,\nDestroyer, laranja, pepeu e gauguim\n\n",
                    "darklyrics_url": "http://www.darklyrics.com/lyrics/chakal/abominableannodomini.html#2"
                },
                {
                    "name": "Terminal Brain",
                    "length": "04:02",
                    "url": "https://www.metal-archives.com/release/ajax-view-lyrics/id/159396A",
                    "darklyrics": "\nI live or die\nAlone I am-with my disgrace\nLooking at mirror-looking at my cadaverous face\nConvulsion-this kills my brain\nForever enslaved-forever I'll be\n\nNothing to hide-when darkness covers you\nNothing to hide-when you confess your sins\nYou've always known-that bible defecate lies\nBut you, fool, have to believe in something\nYou are forever enslaved\n\nTerminal brain-I'm a bastard son of god\nTerminal brain-I'm a bastard son of bitch\n\nCrucified by my insanity\nBrain-beating-insane\nWithout choice-without sense-live to die?\nTerminal brain\nTerminal man\nParanoid-agony and pain\nMy brain is forcing me...\nTelling me to kill myself\nAaargh! bastard world\nWe were born almost in ruin\nBefore you were born, the mankind was already ready to\nDestroy you\n\n\n\nPast is only shadows\nCaves that I'm through on each dream\nCaves terrorized in deep of my soul\n\n",
                    "darklyrics_url": "http://www.darklyrics.com/lyrics/chakal/abominableannodomini.html#3"
                },
                {
                    "name": "Children of the Cemetery",
                    "length": "03:58",
                    "url": "https://www.metal-archives.com/release/ajax-view-lyrics/id/159397A",
                    "darklyrics": "\nChildren... behold macabre vision\nYour white and cold skin\nLooks like they're made of wax\nThere's no life anymore\nThey don't mind...\n\nDead children...\nEyes fix the unknown\nFrozen tears...\nBeyond life-beyond grave\nThey call me again\nChildren-before they get rotten\nOn their little coffins\nThey go slowly to their grave\nThey don't mind...\n\nThe acid rain corroding my flesh-dead\nChildren... they're all mine\nTheir evil eyes look my terror\nTheir little cold hands take mine\n\nBut they don't want me to feel scared\nThe cemetery has became a big playground\nMother death embrace her children\n\nYou can hear them playing on the garden\nThey're all dead\n\n\n\nI'm telling you the last story\nTheir dreams don't mind anymore\nWhile I sleep-I feel their presence\nAt night they call me again\n\nI see their eyes watching me through the window\nCovered by their white shrouds\nSmiling at me through their dead lips\n\n",
                    "darklyrics_url": "http://www.darklyrics.com/lyrics/chakal/abominableannodomini.html#4"
                },
                {
                    "name": "Jason Lives",
                    "length": "07:22",
                    "url": "https://www.metal-archives.com/release/ajax-view-lyrics/id/159398B",
                    "darklyrics": "\nCrystal lake now is his crypt\nCrystal lake now is his domain\nJason lives!\n\nThe divine anxiety of life-he doesn't know\nJason steps-trails of death\nHis figure walks through the night\nAnd the air has a strange energy\nAs if death is on the wait\nWhile they sleep-he gets up\nHis brain at war haunting his spirit\nThe night has a morbid shine\nThe mask hide his agony...his rotten face\nYour rotten face, jason\nA hate out of control corrodes his bowels\nA voice from the past forces him to slay\nSigns from the past torment his insane mind\nJason lives\n\nExtermination\n\nMutilated corpses spreaded in everywhere\nFaces covered by blood and wounds\nA dagger striking without stopping\nFlesh opens up and blood floods\nJason lives!\nScreams echo in the vastness\nHis due will never be paid\nHis thirst will never be quenched\n\nJason lives-and his inhuman force shows no mercy\nJason lives-death congratulates his slave\nJason lives!!!\n\n",
                    "darklyrics_url": "http://www.darklyrics.com/lyrics/chakal/abominableannodomini.html#5"
                },
                {
                    "name": "Warriors of Disgrace",
                    "length": "04:02",
                    "url": "https://www.metal-archives.com/release/ajax-view-lyrics/id/159399B",
                    "darklyrics": "\nPanic!!!\nExploding in the crowd\nDevastating nations\nFucking this world\nNations crushed without mercy\nTroops marching out to the slaughter\nWarriors!!!\n\nSatan the monarch of evil and lust\nTaking the world in his hands\nMankind pays his price with blood\nHe is in front of the troops\n\n(the warriors are coming!)\n\nGrowlings-blasphemies-mankind suffer\nWarriors of disgrace-we die!\nPlagues and curses, on their swords\nShines the seed of hate\n\n\n\nTyrants will rise\nRotten corpses in front of the Satan throne\n\n\n\nGrowlings-blasphemies...\n\n",
                    "darklyrics_url": "http://www.darklyrics.com/lyrics/chakal/abominableannodomini.html#6"
                },
                {
                    "name": "The Dead Walk",
                    "length": "03:38",
                    "url": "https://www.metal-archives.com/release/ajax-view-lyrics/id/159400B",
                    "darklyrics": "\nBodies impaled on the scalding horizons of hell\nBeasts growling-eager for blood\nThe master of vengeance guide their steps\nThrough the valley of death-they crawl\nDawn of the dead!!!\nDusk of the dead!!!\nI can see\n\nDead walk-they have gone through the domain of hell\nDead walk-now they stand up!\nDead walk-there's no light on their living\nDead walk-there's no reason for them to live\nDead walk-but they live again\n\nThe dead walk\n\n\n\nThe dead walk\n\n\n\nInfesting the world\nUncontrolled despair on the streets\nAll of them are in panic!\nThe gods never lie\nOn the bible is written that Lazarus lives!\nThe dead walk!\nThe dead lives-they want their places\nYour dead relatives want to find you!\nWelcome to the dead\nWe'll have a guest tonight\nThe newspaper are saying\nThe dead walk!\n\n",
                    "darklyrics_url": "http://www.darklyrics.com/lyrics/chakal/abominableannodomini.html#7"
                },
                {
                    "name": "Children Sacrifice",
                    "length": "02:21",
                    "url": "https://www.metal-archives.com/release/ajax-view-lyrics/id/159401B",
                    "darklyrics": "\nIncarnation of evil in the altar\nBlack smokes mixed with red lights\nA creature covered by a cloak\nHolding a child in her arms\n\nThe evil entity takes a razor\nThe child foresees her death\nEvoking the presence of god\nCry out for mercy for your soul\nChildren sacrifice\n\n\n\nDecapitation-slaughter\nRites of desecration\nCanticles for beyond\nEvil rituals!\n\n",
                    "darklyrics_url": "http://www.darklyrics.com/lyrics/chakal/abominableannodomini.html#8"
                },
                {
                    "name": "Mr. Jesus Christ",
                    "length": "05:06",
                    "url": "https://www.metal-archives.com/release/ajax-view-lyrics/id/159402B",
                    "darklyrics": "\nIf your religion teaches\nLife destroys me don't come with this sickness\nAbout christianism\n\nMiracles-won't make you god!\nDon't benumb me with words\nDon't obly me to enter in churches\nI blaspheme against you-mr.\n\nWords don't kill my hunger\nLove doesn't clean up my soul\nChurches don't show me the truth\nThe bible doesn't give me knowledge\n\nYou with your promises of eternal life\nDon't call me a sinner\nJust leave me alone\nYou've played with all the world\n\n\n\nHow many Christs will mankind crucify\nHow many Christs will the religion make?\nTo show that mankind had dignity some day\nDon't save me from hell, you fool\n\nYou've said you would return\nYou've said you would save us\nYou've blinded us with your lies\nYou've used the whole mankind!!!\n\n\n\n\n",
                    "darklyrics_url": "http://www.darklyrics.com/lyrics/chakal/abominableannodomini.html#9"
                }
            ],
            "song_names": [
                "May Not the Mankind Suffer",
                "The Planet Is Dead",
                "Terminal Brain",
                "Children of the Cemetery",
                "Jason Lives",
                "Warriors of Disgrace",
                "The Dead Walk",
                "Children Sacrifice",
                "Mr. Jesus Christ"
            ]
        },
        {
            "name": "The Man Is His Own Jackal",
            "type": "Full-length",
            "year": 1990,
            "review_num": 1,
            "review_avg": 87,
            "url": "https://www.metal-archives.com/albums/Chakal/The_Man_Is_His_Own_Jackal/17956",
            "reviews_url": "https://www.metal-archives.com/reviews/Chakal/The_Man_Is_His_Own_Jackal/17956/",
            "reviews": [
                {
                    "title": "New Decade means Changes! - 87%",
                    "content": "Like most of the extreme metal bands of Brazil during the 80s, also this Chakal passed through changes in style. They started as a more ferocious death/thrash metal and with the second album, right at the beginning of the 90s, the things started to change, taking the thrash metal road. These changes were common at the time and they are brought principally by the technical level the musicians have acquired during the years of music and experience. Already with Leaving With The Pigs EP we noticed a more mature and well-established direction, with quite strong structures and lots of riffs. \n\nThe Man is His Own Jackal is the album we are talking about and I\u2019m going to analyse it. The Brazilian scene is characteristic for its a bit chaotic production but also for its warm style and passionate music. The same characteristics are present on this album too. Once again Cogumelo records has the privilege of producing another small gem in the underground. The sounds are quite raw and echoing if we want but the new style of the band is already audible from the first notes. \u201cFeel No Pain\u201d is immediately fast but we cannot find too raw approaches to the instruments anymore and the break with a beautiful solo is a manifest of this. \n\nThe riffs are really well-done even if the production is not that able in supporting them; the vocals are less pissed-off and more in clean tonality, without forgetting the heaviness required. Even if the songs are quite short, we can find a lot of tempo changes and more good solos by the guitars. The drumming is massive and voted to create a compact wall. We can notice galloping riffs to on the very good \u201cSilence \u2018n\u2019 Peace\u201d and everything is catchy in its speed and heaviness. There\u2019s always a hint of melody in some passages but it\u2019s not so clearly displayed, in order to keep always the brutality to high level, but this time is a more controlled and mature approach to this genre and heaviness. \n\nA quite new sense of humour can be found in these compositions, probably brought by the hardcore genre. It\u2019s the case of \u201cAcme Dead End Road\u201d and \u201cSanta Claus has got Skin Cancer\u201d. Anyway, a part from the titles, the music is always good and never lame or immature. They add good breaks where the funniest moments are put under the form of music but they are never childish and always bound to the heaviness. The awesome guitars duets are present on the first of the two tracks and there\u2019s something reminiscent of hard rock on the riffage! Sometimes the guitars are even grotesque for their style and they are always catchy and convincing. \n\n\u201cHolobyte\u201d is a good example of how doing a long song without resulting repetitive. Well, we are not talking about a masterpiece album but it\u2019s a good one. The solos are the most important element here and they are always a bit hard rock oriented to clash perfectly with the thrash style of the rhythmic session. The songs are always dynamic, they pull out the muscles when it\u2019s time for being heavy as the genre requires, but also quite mature. You know how important is to balance very well the power with the technique because, like an old spot said, \u201cPower is nothing without control\u201d and that is true. \u201cHangover\u201d is the classic thrash metal assault through massive, infinite galloping riffs and that is really good. \n\n\u201cIn Vain\u201d is more mid-paced in some parts but the evolution of the guitars soloing is almost something unbelievable. \u201cS.S.C. 33\u201d has the same characteristics and the riffage is always intense even if we settle on more mid-paced sections. The final \u201cSynthetic Tears\u201d should be fast and so it is. The vocals are cleaner and the choirs are well-executed. The mid tempo parts are equally intense and always plenty of riffs. We reach the end to this album and we can barely recognize this band for the evolution it had. They are now more mature, convincing and intense. What a good album, guys! Kudos!",
                    "date": "November 25th, 2008"
                }
            ],
            "songs": [
                {
                    "name": "Feel No Pain",
                    "length": "03:05",
                    "url": "https://www.metal-archives.com/release/ajax-view-lyrics/id/147777A"
                },
                {
                    "name": "Silence 'n' Peace",
                    "length": "03:40",
                    "url": "https://www.metal-archives.com/release/ajax-view-lyrics/id/147778A"
                },
                {
                    "name": "Acme Dead End Road",
                    "length": "05:09",
                    "url": "https://www.metal-archives.com/release/ajax-view-lyrics/id/147779A",
                    "darklyrics": "\nRoadrunner, run for the last time on my roads\nI've killed your ass-kissing drawer (artist)\nAnd ripped off your writer's hands\nI will never fall in the chasms again, ever!\n\nNow Uncle Chakal is writing our stories\nYou'll need your thin legs to survive\nAcme catalog is my menu, you're my snack\nPredator's day due to a foolish booby-trap\n\nAcme dead-end road\n\nI wanna see a scared face\nShut this moronic smile... Ha, ha, ha, ha!\n\nAlthough all these engineering projects didn't work\nMail delivery raises my hope\nMy material is set, good old tricky trap\nIt's the happiest day of my life\n\nI won't need to work with dynamite\nI will rip you only with my teeth\nMake a big feather pillow\nAnd kill my ancient starve\n\nYou've seen what happens to bad\nBad writers and drawers of 'toons\nIf they don't ease on our friends\nMe and my uncle Chakal will rip 'em too\n\nAcme dead-end road... Roadrunner killed on road\n\n",
                    "darklyrics_url": "http://www.darklyrics.com/lyrics/chakal/themanishisownjackal.html#3"
                },
                {
                    "name": "Holobyte",
                    "length": "06:23",
                    "url": "https://www.metal-archives.com/release/ajax-view-lyrics/id/147780A",
                    "darklyrics": "\nYou were born to be programmed\nSystem wants you just\nOn the procedures they adjust\nReprogram yourself\n\nIf not U: = \"Excellent\"\nThen UR: = \"Pattern\"\nElse begin\nUR: = \"Under control\";\nU: = \"...Just a prowl\"\nEnd;\n\nWhy don't you leave the rails?\nHave you ever thought on that?\nWhy don't you get out of this shell?\nHave you ever fought for that?\n\nIf not UR: = \"Pattern\"\nThen do not stay where you are\nIf you do not want to load\nThose ridiculous speeches... again\nAGAIN... End;\n\nAre you real?\nMaybe UR: = \"...Just a hologram\"\nInput: Variable changing;\nGosub another else place\n\nMain program says: \"Love Justice\";\nAll this false Madam does is betraying\nBetrayal with the men on boots 'n' uniforms\nProgram error: New lover: ANARCHY!\n\nLoop, Edit new file: Name: HOLOBYTE\nIf you've saved your old program,\nPurge it and do not, do not restore it\n\nAre you real? Maybe you're Boolean\nAre you real? Maybe you're just a Holobyte\n\n",
                    "darklyrics_url": "http://www.darklyrics.com/lyrics/chakal/themanishisownjackal.html#4"
                },
                {
                    "name": "Hangover",
                    "length": "05:37",
                    "url": "https://www.metal-archives.com/release/ajax-view-lyrics/id/147781B",
                    "darklyrics": "\nHuge bulldozers explore gray mass\nMove them to ears\nEngine heat from inside\nBlinking eyes in tears\n\nClouded mind, misty brain side\nTourist pack, tickets lack\nEarthquake, trip inside ache\n\nHangover\n\nLost body machines go\nPartial temperance\nCollapse of coordination\nPain last endurance\n\nInside yellow land acid burns\nRed walls fall, gastric cut\nRed walls fall, ulcer... hurts!\n\nHead sinks... No flick... Beat trip\nAnd what about my brain tick?\n\nWhite liquid, yellow puke\nLiver ink, sick land\nLiver ink, sick land... I'm happy again\n\nHuge bulldozers explore gray mass\nMove them to ears\nEngine heat from inside\nBlinking eyes in tears\n\nClouded mind, misty brain side\nTourist pack, tickets lack\nEarthquake, trip inside ache\n\nViscid fluid overflow\nBile tax increase\nLiquor toxic effect on\nLiverish disease\n\nInside yellow land acid burns\nRed walls fall, gastric cut\nRed walls fall, ulcer... hurts!\n\nThat's nice!\n\n",
                    "darklyrics_url": "http://www.darklyrics.com/lyrics/chakal/themanishisownjackal.html#5"
                },
                {
                    "name": "Santa Claus Has Got Skin Cancer",
                    "length": "03:07",
                    "url": "https://www.metal-archives.com/release/ajax-view-lyrics/id/147782B",
                    "darklyrics": "\nRed cheeks exposed\nTravelling over the poles\nUnder ozone holes\nAcquired skin tumors\n\nSanta Claus has got\nHas got skin cancer\nOld December flyer\nGreat capital amasser\n\nPoor children are free\nFrom anguishing ads they see\nNo delusion to believe\nAnd await him on Christmas Eve\n\nOld reindeer retired\nXmas commercial end\nNo exploit next years\nNo gifts, no socks, no fears\n\nChurch was your creator\nCapitalism made you fat\nYou aren't tricking anybody else\nYou're lost... Motherfucker!\n\n",
                    "darklyrics_url": "http://www.darklyrics.com/lyrics/chakal/themanishisownjackal.html#6"
                },
                {
                    "name": "In Vain",
                    "length": "03:34",
                    "url": "https://www.metal-archives.com/release/ajax-view-lyrics/id/147783B",
                    "darklyrics": "\nLooking for you and thinking\nTrying to understand\nWhy do you keep on prayin'\nIf you don't know what it means\n\nYou go to the church\nThey absolve your sins\nThen you repeat 'em like before\nBut you're feeling high and free\n\nYou fought but that's the wrong way\nCan't you feel that it was all\nIn vain... for nothing\n\nFollowing what you say\nWoud be better than repeat again\nSo just don't pray in vain\nAnd then you'll find the real way\n\nYou fought but that's the wrong way\nCan't you feel that it was all\nIn vain... for nothing\n\nIs that what you want to believe?\nThe passport to a better life?\nAre you sure?\nIt's never too late\n\n",
                    "darklyrics_url": "http://www.darklyrics.com/lyrics/chakal/themanishisownjackal.html#7"
                },
                {
                    "name": "S.S.C. 333",
                    "length": "01:25",
                    "url": "https://www.metal-archives.com/release/ajax-view-lyrics/id/147784B",
                    "darklyrics": "\n\n\n",
                    "darklyrics_url": "http://www.darklyrics.com/lyrics/chakal/themanishisownjackal.html#8"
                },
                {
                    "name": "Synthetic Tears",
                    "length": "04:42",
                    "url": "https://www.metal-archives.com/release/ajax-view-lyrics/id/147785B",
                    "darklyrics": "\nAll those moments will be lost in time\nLike tears in rain... Time to die\nOff world colonies... new lands to begin again\nEat raw fish, noodles... search skinjobs, raw and cold\n\nTortoise, same as turtle... IQ test, emotional\nresponse\nThree males, three females... just four left to retire\n\nArtificial owl... Perfect skinjobs\nArtificial Rachel... Past borrowed\n\nDying, hands are the first\nBleeding nose, mouth and ears\nPainful to live... in fear\n\nThat's what it is to be a slave\nEnd, love for any life\nQuite an experience to live... in fear\n\nOrange body, green legs\nEggs hatched, mother eaten\n\nNot supposed to have feelings\nXB-71, artificial snake\n\nToo bad she won't live, perfection won't last\nLoving her future, life without past\n\nAge of techno God, creation of perfect beings\nAutomatic prayers for life.. Age of synthetic feelings\n\n\n\n\n",
                    "darklyrics_url": "http://www.darklyrics.com/lyrics/chakal/themanishisownjackal.html#9"
                }
            ],
            "song_names": [
                "Feel No Pain",
                "Silence 'n' Peace",
                "Acme Dead End Road",
                "Holobyte",
                "Hangover",
                "Santa Claus Has Got Skin Cancer",
                "In Vain",
                "S.S.C. 333",
                "Synthetic Tears"
            ]
        },
        {
            "name": "Death Is a Lonely Business",
            "type": "Full-length",
            "year": 1993,
            "review_num": 1,
            "review_avg": 73,
            "url": "https://www.metal-archives.com/albums/Chakal/Death_Is_a_Lonely_Business/20038",
            "reviews_url": "https://www.metal-archives.com/reviews/Chakal/Death_Is_a_Lonely_Business/20038/",
            "reviews": [
                {
                    "title": "Groove Infested Sounds - 73%",
                    "content": "Death Is a Lonely Business marks the definitive groove/thrash metal way of playing by Chakal. The production is now far clearer than the one on The Man Is His Own Jackal and everything sounds always less impulsive, with a prevalent attention for the technique and the form of the songs. The up tempo parts are never derivative or too massive, but always well-balanced and broken by several mid-paced sections where the very first groove elements can be found in the riffage and the palm muting more exactly. \n\nThe production exalts the guitars and the vocals. The drums are more audible during the mid-paced sections but the overall production is very good for the period in Brazil. The vocals are always less death/thrash and they are more focused on a groove tonality, without losing that a bit raspy touch, while the timbre is always quite low. The riffs are more precise and fast in alternating the parts, reaching some doom breaks by the middle, like in \u00e2\u20ac\u0153Before It\u00e2\u20ac\u2122s Late\u00e2\u20ac\u009d where the solos are the main thing to add atmosphere. The stop and go by the instruments are well-done and precise even if we cannot stay on the same intensity.\n\n\u00e2\u20ac\u0153Choked\u00e2\u20ac\u009d sounds like an old thrash metal band that wants to play a sort of more modern style of that genre. The tempo is never fast and we have a lot of more groove influences on the faster riffs. The almost doom parts are a bit redundant and the drums remain on the same pattern. Here what counts the most is the search for a kind of dark melody, in the solos, in the breaks, in the screams and in the general atmosphere. \u00e2\u20ac\u0153Fear Of Death\u00e2\u20ac\u009d has more galloping riffs but soon they fall into something groove. Also the vocals are more hardcore in style and less thrash; by the way, the general tempo is faster. \n\n\u00e2\u20ac\u0153Mind Cries, Body Dies\u00e2\u20ac\u009d is the song in which the real, heavy and audible groove elements come out. The violence and the speed are far less present here because those influences erase them all and we can only find a mid-paced progression. \u00e2\u20ac\u0153Panic At the Fast Food\u00e2\u20ac\u009d is again a mid tempo with faster riffs anyway. After awhile these compositions are very boring, men\u00e2\u20ac\u00a6I mean, Ok, the riffs are good but the tempo is exaggeratedly slow and groove. I hate groove and I think you know it. If it\u00e2\u20ac\u2122s for one or two songs it\u00e2\u20ac\u2122s Ok but then stop it! \u00e2\u20ac\u0153A Certain Afternoon\u00e2\u20ac\u009d is again boring and without ideas, with distorted sounds, noises and stop and go riffs. \n\nThe beginning to \u00e2\u20ac\u0153Unless Denial To Hear\u00e2\u20ac\u009d is more of the same! I cannot think they can\u00e2\u20ac\u2122t play in another way just for few seconds! Everything is lame and dull. By the way, the lead lines are this time more convincing and they create a truly gloom atmosphere before restarting on up tempo with a fast bass drum work\u00e2\u20ac\u00a6finally! However, don\u00e2\u20ac\u2122t except too long sections, they last just for few seconds before falling again into groove. Inevitably the last track \u00e2\u20ac\u0153Beholder\u00e2\u20ac\u009d is mid-paced and groove. Anyway, the best solutions come with the melodic solo. \n\nOverall, this is a decent, grooving piece of late thrash metal. Actually, the elements that make me think to this as a thrash metal album are few but it\u00e2\u20ac\u2122s not completely bad. They have the skills, the technique but I\u00e2\u20ac\u2122ll never enjoy this damn groove!",
                    "date": "November 27th, 2008"
                }
            ],
            "songs": [
                {
                    "name": "Before It's Too Late",
                    "length": "06:05",
                    "url": "https://www.metal-archives.com/release/ajax-view-lyrics/id/163483A"
                },
                {
                    "name": "Mind Cries, Body Dies",
                    "length": "03:26",
                    "url": "https://www.metal-archives.com/release/ajax-view-lyrics/id/163484A"
                },
                {
                    "name": "Panic in the Fast Food",
                    "length": "04:23",
                    "url": "https://www.metal-archives.com/release/ajax-view-lyrics/id/163485A"
                },
                {
                    "name": "Fear of Death",
                    "length": "03:11",
                    "url": "https://www.metal-archives.com/release/ajax-view-lyrics/id/163486A"
                },
                {
                    "name": "Beholder",
                    "length": "03:46",
                    "url": "https://www.metal-archives.com/release/ajax-view-lyrics/id/163487B"
                },
                {
                    "name": "A Certain Afternoon Havin' Strawberry Jelly on Mars Watching the Dick Birds Fly South",
                    "length": "01:56",
                    "url": "https://www.metal-archives.com/release/ajax-view-lyrics/id/163488B"
                },
                {
                    "name": "Choked",
                    "length": "03:45",
                    "url": "https://www.metal-archives.com/release/ajax-view-lyrics/id/163489B"
                },
                {
                    "name": "Useless Denial to Hear",
                    "length": "04:10",
                    "url": "https://www.metal-archives.com/release/ajax-view-lyrics/id/163490B"
                }
            ],
            "song_names": [
                "Before It's Too Late",
                "Mind Cries, Body Dies",
                "Panic in the Fast Food",
                "Fear of Death",
                "Beholder",
                "A Certain Afternoon Havin' Strawberry Jelly on Mars Watching the Dick Birds Fly South",
                "Choked",
                "Useless Denial to Hear"
            ]
        },
        {
            "name": "Deadland",
            "type": "Full-length",
            "year": 2003,
            "review_num": 1,
            "review_avg": 47,
            "url": "https://www.metal-archives.com/albums/Chakal/Deadland/19498",
            "reviews_url": "https://www.metal-archives.com/reviews/Chakal/Deadland/19498/",
            "reviews": [
                {
                    "title": "Twilight of the Dead Chakals - 47%",
                    "content": "Chakal nearly boarded the front echelon of Brazilian thrash in the late-80\u2019s/early-90\u2019s with a trio of fairly good, maybe not exactly exceptional, albums, showing at times hesitations as to whether to try something more brutal and death metal-ish, but not willing to fully capitalize on those darker shades. \n\nAfter the more moderate, less intense, but still strictly classic-sounding \u201cDeath Is a Lonely Business\u201c the band hid from sight although it never became clear whether they split up or just took a low profile for a number of years. Whatever the reason for the lack of activity in their camp, it did keep them away from the public eye for over a decade until the album reviewed here sprang up, the guys willing to give it another try. \n\nIf there ever was, and still is, an ultimately annoying tendency in the new millennium among the old timers, this is the sudden impulse to pay tribute to the faded 90\u2019s groovy/numetal movement on a comeback effort, either as a belated afterthought or as an idiotic sense of guilt for not giving their share to it when the time was right (what!? right time for that\u2026). Chakal were arguably the first to initiate this horrible trend, and one can\u2019t help but cringe at the sprawling uneventful grooves on lengthy draggers like the title-track and \u201cAmputation Prayer\u201d where the one-dimensional chugga-chugga riffage seems to last for ages; no respites, no highlights. Yes, in the midst of the 00\u2019s we were going to experience another modern 90\u2019s groovy charade brought to us by renowned Brazilian veterans\u2026\n\nThings only get worse later with short industrial/electronic etudes like \u201cCommunication Room\u201d scattered around, making the situation barely tolerable with references to techno/industrial acts like later-period Front Line Assembly, Schnitt Acht, etc. Regardless of how good the nearly classic power/thrasher \u201cCall of the Undead\u201d sounds, one may as well pass it buy his/her ears since there\u2019s no support to this isolated outcry anywhere, the experimental Hawkwind-esque psychedelia on \u201cLazarus Waltz\u201d making things even more confusing. And this is where they stay, in nomansland, with a wide range of influences awkwardly stitched together with no regards to how incompatible they sound when played next to each other, the groovy tag eventually semi-consolidated towards the end with the appearance of the heavy nervy, but still increasingly monotonous \u201cFlying to the Empty\u201d.\n\nBy 2003 it was way more than obvious which way the winds were blowing on the scene; it was clear that the old school would restore its dignity and popularity even without the help of unexpectedly reformed dissipators like our \u201cpredators\u201d, or rather \u201cscavengers\u201d here. In fact, nostalgic recordings like this one were barely noticed, and I clearly remember how one guy I knew, a fan of Brazilian metal, exclaimed when he heard the follow-up \u201cDemon King\u201d: \u201cChakal are here again!\u201d He wasn\u2019t aware of the existence of this \u201cDreadland\u201d\u2026 sorry, \u201cDeadland\u201d.\n\nAnd for a very good reason as the guys themselves were only too quick to bury it deep with the mentioned opus less than a year later, an explosive statement of intent, a classic thrash \u201cbeast\u201d that almost matched the finest moments from the band\u2019s first three outings. Content with how convincingly they managed to erase the memories from this seriously miscalculated experiment, they took another long break before \u201cDestroy! Destroy! Destroy!\u201d put an end to the dormancy with a mish-mashy combination of the last two efforts, by no means the most \u201cdestructive\u201d opus out there, but far from the next in line flop. \u201cMan Is a Jackal 2 Man\u201d is a re-recording of the sophomore the band bringing arguably their finest hour to the table\u2026 hopefully to get them in the mood for the next deadly retro thrashy outburst.",
                    "date": "March 28th, 2018"
                }
            ],
            "songs": [
                {
                    "name": "Deadland",
                    "length": "05:40",
                    "url": null
                },
                {
                    "name": "Amputation Prayer",
                    "length": "05:25",
                    "url": null
                },
                {
                    "name": "Communication Room",
                    "length": "00:57",
                    "url": null
                },
                {
                    "name": "Call of the Undead",
                    "length": "04:48",
                    "url": null
                },
                {
                    "name": "Lazarus Waltz",
                    "length": "06:13",
                    "url": null
                },
                {
                    "name": "Liar (Safe Place)",
                    "length": "05:19",
                    "url": null
                },
                {
                    "name": "The Scape",
                    "length": "01:13",
                    "url": null
                },
                {
                    "name": "Flying to the Empty",
                    "length": "04:49",
                    "url": null
                },
                {
                    "name": "Fade Out",
                    "length": "02:50",
                    "url": null
                }
            ],
            "song_names": [
                "Deadland",
                "Amputation Prayer",
                "Communication Room",
                "Call of the Undead",
                "Lazarus Waltz",
                "Liar (Safe Place)",
                "The Scape",
                "Flying to the Empty",
                "Fade Out"
            ]
        },
        {
            "name": "Demon King",
            "type": "Full-length",
            "year": 2004,
            "review_num": 0,
            "review_avg": null,
            "url": "https://www.metal-archives.com/albums/Chakal/Demon_King/63258",
            "reviews_url": null,
            "reviews": [],
            "songs": [
                {
                    "name": "Morlocks Will Rise!",
                    "length": "04:11",
                    "url": "https://www.metal-archives.com/release/ajax-view-lyrics/id/468971"
                },
                {
                    "name": "Demon King!",
                    "length": "04:47",
                    "url": "https://www.metal-archives.com/release/ajax-view-lyrics/id/468972"
                },
                {
                    "name": "Christ in Hell",
                    "length": "03:43",
                    "url": "https://www.metal-archives.com/release/ajax-view-lyrics/id/468973"
                },
                {
                    "name": "Mirror-Made Tricks",
                    "length": "04:09",
                    "url": "https://www.metal-archives.com/release/ajax-view-lyrics/id/468974"
                },
                {
                    "name": "Evil Dead (Death cover)",
                    "length": "02:57",
                    "url": "https://www.metal-archives.com/release/ajax-view-lyrics/id/468975"
                },
                {
                    "name": "War Drums",
                    "length": "04:51",
                    "url": "https://www.metal-archives.com/release/ajax-view-lyrics/id/468976"
                },
                {
                    "name": "Flowers on Your Grave",
                    "length": "03:41",
                    "url": "https://www.metal-archives.com/release/ajax-view-lyrics/id/468977"
                },
                {
                    "name": "Human Remains Banquet",
                    "length": "04:45",
                    "url": "https://www.metal-archives.com/release/ajax-view-lyrics/id/468978"
                },
                {
                    "name": "Psycho",
                    "length": "04:11",
                    "url": "https://www.metal-archives.com/release/ajax-view-lyrics/id/468979"
                },
                {
                    "name": "The Masque of the Red Death",
                    "length": "01:21",
                    "url": "https://www.metal-archives.com/release/ajax-view-lyrics/id/468980"
                },
                {
                    "name": "Mastered Dogs",
                    "length": "04:37",
                    "url": "https://www.metal-archives.com/release/ajax-view-lyrics/id/468981"
                }
            ],
            "song_names": [
                "Morlocks Will Rise!",
                "Demon King!",
                "Christ in Hell",
                "Mirror-Made Tricks",
                "Evil Dead (Death cover)",
                "War Drums",
                "Flowers on Your Grave",
                "Human Remains Banquet",
                "Psycho",
                "The Masque of the Red Death",
                "Mastered Dogs"
            ]
        },
        {
            "name": "Destroy! Destroy! Destroy!",
            "type": "Full-length",
            "year": 2013,
            "review_num": 0,
            "review_avg": null,
            "url": "https://www.metal-archives.com/albums/Chakal/Destroy%21_Destroy%21_Destroy%21/393778",
            "reviews_url": null,
            "reviews": [],
            "songs": [
                {
                    "name": "Exorcise Me",
                    "length": "05:03",
                    "url": null
                },
                {
                    "name": "Killing Van Hellsing",
                    "length": "06:00",
                    "url": null
                },
                {
                    "name": "Headhsooting for Dummies",
                    "length": "04:31",
                    "url": null
                },
                {
                    "name": "Destroy! Destroy! Destroy!",
                    "length": "04:44",
                    "url": null
                },
                {
                    "name": "Nyctophilia",
                    "length": "03:39",
                    "url": "https://www.metal-archives.com/release/ajax-view-lyrics/id/2729548"
                },
                {
                    "name": "God of Gore",
                    "length": "03:50",
                    "url": null
                },
                {
                    "name": "Anubis, the Lord of Necropolis",
                    "length": "04:51",
                    "url": null
                },
                {
                    "name": "Equinox",
                    "length": "04:05",
                    "url": null
                },
                {
                    "name": "Disturbia",
                    "length": "03:41",
                    "url": null
                },
                {
                    "name": "Possessed Landscape (The Island of the Dead)",
                    "length": "05:53",
                    "url": null
                }
            ],
            "song_names": [
                "Exorcise Me",
                "Killing Van Hellsing",
                "Headhsooting for Dummies",
                "Destroy! Destroy! Destroy!",
                "Nyctophilia",
                "God of Gore",
                "Anubis, the Lord of Necropolis",
                "Equinox",
                "Disturbia",
                "Possessed Landscape (The Island of the Dead)"
            ]
        },
        {
            "name": "Man Is a Jackal 2 Man",
            "type": "Full-length",
            "year": 2017,
            "review_num": 0,
            "review_avg": null,
            "url": "https://www.metal-archives.com/albums/Chakal/Man_Is_a_Jackal_2_Man/806946",
            "reviews_url": null,
            "reviews": [],
            "songs": [
                {
                    "name": "Synthetic Tears",
                    "length": "05:40",
                    "url": null
                },
                {
                    "name": "In Vain",
                    "length": "04:18",
                    "url": null
                },
                {
                    "name": "Santa Claus Has Got Skin Cancer",
                    "length": "03:33",
                    "url": null
                },
                {
                    "name": "Silence and Peace",
                    "length": "03:53",
                    "url": null
                },
                {
                    "name": "Ssc 333",
                    "length": "01:33",
                    "url": null
                },
                {
                    "name": "Feel No Pain",
                    "length": "03:15",
                    "url": null
                },
                {
                    "name": "Holobyte",
                    "length": "06:56",
                    "url": null
                },
                {
                    "name": "Acme Dead End Road",
                    "length": "05:19",
                    "url": null
                },
                {
                    "name": "Hangover",
                    "length": "05:40",
                    "url": null
                }
            ],
            "song_names": [
                "Synthetic Tears",
                "In Vain",
                "Santa Claus Has Got Skin Cancer",
                "Silence and Peace",
                "Ssc 333",
                "Feel No Pain",
                "Holobyte",
                "Acme Dead End Road",
                "Hangover"
            ]
        }
    ],
    "album_names": [
        "Abominable Anno Domini",
        "The Man Is His Own Jackal",
        "Death Is a Lonely Business",
        "Deadland",
        "Demon King",
        "Destroy! Destroy! Destroy!",
        "Man Is a Jackal 2 Man"
    ],
    "info": {
        "Country of origin": "Brazil",
        "Location": "Belo Horizonte, Minas Gerais",
        "Status": "Active",
        "Formed in": "1985",
        "Genre": "Thrash Metal (early), Groove Metal (later)",
        "Lyrical themes": "Death, Madness",
        "Current label": "Cogumelo Records",
        "Years active": "\n1985-?,\n2002-present "
    }
}