{
    "name": "Chevalier",
    "id": "3540423992",
    "url": "https://www.metal-archives.com/bands/Chevalier/3540423992",
    "albums": [
        {
            "name": "Destiny Calls",
            "type": "Full-length",
            "year": 2019,
            "review_num": 5,
            "review_avg": 88,
            "url": "https://www.metal-archives.com/albums/Chevalier/Destiny_Calls/765584",
            "reviews_url": "https://www.metal-archives.com/reviews/Chevalier/Destiny_Calls/765584/",
            "reviews": [
                {
                    "title": "Dream and reality entwined. - 90%",
                    "content": "Too often I settle into the too-easy conclusion that it was perhaps \u2018Master of Reality\u2019 that sold me on heavy metal as a genre and a personal obsession but in no way did that vital discovery create a lifestyle so much as it provided a set of dauntless girders to build upon in every direction. True love for heavy metal came from the weirdos and the bands that I\u2019d discover by accident while scouring record stores and the internet for auld and long-sealed beasts of yore. The first big discovery within traditional heavy metal was absolutely Manilla Road\u2018s \u2018Crystal Logic\u2019, which\u2019d made my copy of \u2018Somewhere in Time\u2019 suddenly appear extra dorky and plastic. The moony battle-strut of Omen would follow soon after before I\u2019d most memorably discover Brocas Helm\u2018s \u2018Black Death\u2019 while searching for Dream Death\u2018s debut. Somewhere in the midst of this circle of 80\u2019s US heavy metal I fell deeply in love with the greater genre in earnest. Not for the kitsch or the odd \u2018retro\u2019 fetishization of heavy metal today but for the incurably memorable songwriting and personality driven sensibilities of a bolder era now long dead. Since I\u2019ve never fully recovered from the sights and sounds of \u2018homespun\u2019 1980\u2019s US heavy metal on vinyl I am perhaps the exact right mark for a basement cranked epic heavy/speed metal band like Helsinki, Finland based Chevalier who deliver their finest work to date with the grimy \u2018n acid-soaked speed metal of their debut \u2018Destiny Calls\u2019.\n\nMuch of the conversation surrounding this Finnish bands output since forming in 2016 between members of Steel Machine, Decaying and Demon\u2019s Gate surrounds their use of very simple and raw recording techniques perhaps for the sake of intended authenticity. To be fair those gritty and raw sounds are a huge draw and as such much of the reviews I\u2019d written for \u2018A Call to Arms\u2019 (2017) and \u2018Chapitre II\u2019 (2018) demos were spent fawning over the gristly boombox recordings and how much nicer they\u2019d sounded when their current record label, Gates of Hell Records, remastered each for vinyl release. Not only were these lo-fi basement brewed releases exciting as dirtied relics but the guitar work and vocal performances quickly established Chevalier as a force of personality and solid riffcraft alike. The obvious comparisons were instant enough with hints of Acid, Hellion, and even Chastain reasonable enough reference points but the real revelation came with their professed love for the raw and energetic thrust of French heavy/speed metal a la ADX, Sortil\u00e8ge or if you\u2019d ask me Titan. There was yet something I couldn\u2019t put my finger on, a certain \u2018je ne sais quoi\u2019 that eventually registered in my mind as a heavy influence from US 80\u2019s heavy metal and specifically the more free-wheeling classicist mania of Brocas Helm. This is where I was fully on board as the major selling point of \u2018Destiny Calls\u2019 as a piece of heavy metal revolved around not only this resemblance but on the distinct vocal presence of Emma Gr\u00f6nqvist.\n\nWith \u2018Destiny Calls\u2019 Chevalier have placed a meaningful stake in the ground making it clear that their cryptic production sound will continue as intended, to enhance the sonic personality of the music rather than solely resemble the old dead gods of underground heavy metal. Their songwriting however does pay respect to the greats in subtle tribute (see: \u201cRoad of Light\u201d lyrics) or direct feature such as Kenny Powell (Omen) providing a solo on \u201cIn the Grip of the Night\u201d. Though I\u2019ve rubbed the stink of the 80\u2019s all over my description of \u2018Destiny Calls\u2019 the truth is that there is an oddly leftover from 70\u2019s vibe given to the record with plenty of inspired psychedelic transitions, effects, and spacious analog production. This is all aided massively by Gr\u00f6nqvist\u2018s distinct vocal style, which heavily resembles Grace Slick at least a bit more than it does Leather Leone (Chastain) or Ann Boleyn (Hellion). At the end of the day Chevalier is still a speed metal band but, one that is \u2018epic\u2019 and delivered with a wildly dramatic, tripped-out flair that is entirely unique.\n\nThe art of the heavy metal intro found within this release surely dates back to early Priest the way these Finns nail each and every bombastic opening; It begins to feel like Chevalier have a leg up in their understanding of 80\u2019s heavy metal, and perhaps that\u2019d be where \u2018Destiny Calls\u2019 feels like a work of tireless obsession rather than casual \u2018letting off steam\u2019 side-project, there is a dedication to getting it \u2018right\u2019 by going just overboard enough. Beyond the intro featuring keyboards from Annick Giroux (Cauchemar) \u201cThe Immurement\u201d explodes as if Satan and Brocas Helm had hit the stage in unison circa 1984 and this moment sets a magical tone for the full listen whilst leading the charge towards catchy choruses and the sort of guitar solos worth crediting in the lyric sheet. Where the band earn the \u2018epic speed metal\u2019 description comes primarily from longer compositions which typically range between 6-8 minutes, a natural influence of epic heavy metal minus any real progressive rock intentions you might find in comparable groups.\n\nThere is never any sort of internal battle of Chevalier\u2018s sub-genre hybridization as the approach reads unpretentious thanks to a raw and oddly spacious production sound that is often soaked in analog effects. In fact many of the best tracks on \u2018Destiny Calls\u2019 stand out initially for the odd sounds and guitar tricks they\u2019ve inserted. \u201cStormbringer\u201d immediately stands out beyond the intro where a certain guitar effect denotes certain verses, a similar approach is used on \u201cThe Curse of the Dead Star\u201d but with entirely different results and intention. Where the guitar work shines most are the faster, more intense riffs (second section of \u201cRoad to Light\u201d, \u201cIn the Grip of Night\u201d) that come to create an off-kilter speed metal album that still sounds fiercely traditional. The track list is remarkably balanced between the two sides though \u2018Destiny Calls\u2019 still feels like one \u2018book\u2019 with chapters that all relate beautifully into one grand epic. If I have come across one absolute and undeniable \u2018grower\u2019 this year it is absolutely this debut full-length from Chevalier. It isn\u2019t that it was off-putting to begin with but, that there is such an adjustment to be made in approaching \u2018Destiny Calls\u2019 versus the many (self-similar) epic heavy metal records being released this year alone. It stands out beautifully and somehow stood taller for my tastes in the long run, hence why I\u2019d taken a couple of extra weeks to consider its value. Very high recommendation. For preview I\u2019d say \u201cIntroduction\u201d b/w \u201cThe Immurement\u201d is the only appropriate way to begin experiencing the album but if you want to hear Chevalier at their most \u2018in the pocket\u2019 moments the duo of \u201cStormbringer\u201d and \u201cIn the Grip of the Night\u201d will be undeniably effective. \n\nAttribution: https://grizzlybutts.com/2019/05/06/chevalier-destiny-calls-2019-review/",
                    "date": "June 8th, 2019"
                },
                {
                    "title": "Brilliant epic speed metal - 92%",
                    "content": "Right now, there\u2019s an unusual (but welcomed) sensory overload of good heavy metal, especially on Cruz del Sur Music and sub-label Gates of Hell Records. Most years see a dearth of great stuff; 2016 was an exception, and so far, 2019 has been as well. Unlikely many of the freshman bands blowing us away this year seemingly from nowhere (at least for me!), Finnish speed metal champions Chevalier debuted a couple of years ago with a fantastic thirty-two minute conceptual \u201cEP\u201d that was my favorite heavy metal release of 2017, and I\u2019ve been highly anticipating their first official full length since then.\n\nThere\u2019s no demo to improve upon, in my ears, or unrealized talent that I wanted to hear expanded to a proper release; Chevalier sprung upon the world already better than nearly anyone else making speed metal these days, and left upon themselves a mountain to clime in overcoming that first release. A Call To Arms was frantic and raw, a solo or cool bit of leadwork popping up nearly every time that a riff changed and with much better effect than weaker songwriters\u2019 attempts at anything similar. The riffing was based mostly in classic French speed metal a la ADX as well as in the strange dungeon delving USPM of Brocas Helm or the earliest Liege Lord material, but it sounded like Chevalier, not like a portmanteau of the aforementioned groups.\n\nThough Chevalier\u2019s sound has not changed so much on Destiny Calls as to seem a different band, there\u2019s an audible progression from the frenzied energy of A Call To Arms to the material presented here. Blazing speed metal has been tempered with an extra sense of Dark Quarterer\u2019s grace, and the infusion of pounding Manilla Road-esque riffs and rhythms; by no coincidence, there\u2019s a direct tribute to the sadly-deceased Mark Shelton in \u201cRoad of Light,\u201d a powerful epic in its own right that serves as a send-off to one of the band\u2019s influences. The speed metal is far from gone throughout the playtime of the album, and the leads and solos have also remained. However, both are tempered by an increased sense of dynamics, and the extra time that Chevalier gave themselves within each song lends itself to the flow and atmosphere that they aimed to achieve here.\n\nDestiny Calls leaves an overall effect of epic speed metal majesty, full of unpredictable twists and turns that change constantly between the somber, the aggressive, and the uplifting. Emma\u2019s vocals soar, Tommi and Mikko duel wonderfully as dual lead guitarists, Sebastian\u2019s bass is one of the most powerful I\u2019ve ever heard in heavy metal, and Joel\u2019s assault on the skins carries the whole package perfectly. Well timed interludes and atmosphere-laden intros make the album feel cohesive in a way that most albums do not, and the lyrics are fun and compelling. Some things are not ideal, such as the rather raw production which sounds great on my speakers or headphones but is nigh-unlistenable on my car and which somewhat dulls the power of the guitars and drums in some sections, but overall the album is an incredible victory, a followup that soothes my fears of a disappointing coup de grace.\n\nSaying that Destiny Calls is a clear win or loss to A Call To Arms does a bit of disservice to both. I normally don\u2019t even like comparing releases of a band to each other, but in this case, I was excited enough going in that it feels almost tied into my impressions of the album, and thus must be shared. I was initially disappointed when listening to the new album by the loss of the raw energy that the debut possesses, but relistens convinced me that the increased maturity of the songwriting and the improved overall musicianship overcomes it. The production is in some ways far better \u2013 I can hear Emma a hell of a lot better, which suits well her improvement as a singer- but in some ways the rawness of the rehearsal room recording on the debut was in its own way magical. The guitars are a bit more quiet and sometimes hard to hear, but the bass has achieved a new level of power that perfectly suits the compositions. Really, both releases stand on their own merits, and I can\u2019t recommend them enough; to even say that Chevalier is a band to be watched would be to ignore that you should already be listening to them if you care at all about new heavy metal, and I am firmly sold on anything they should choose to write and release going forward. As a final end note, I have to commend my Karmazid on his fantastic artwork for the album- he\u2019s only gotten better over the years, and I can\u2019t imagine Destiny Calls with another cover.\n\nOriginally written for Toilet Ov Hell.",
                    "date": "June 6th, 2019"
                },
                {
                    "title": "Knights sent to the late seventies in a time machine - 60%",
                    "content": "Chevalier's Destiny Calls has gotten a few amount of attention these days and seems to be all the rage. My verdict of this debut record of the Finnish quintet is that it would have been great if it had been released four decades earlier. The current hype is however unjustified.\n\nOn the negative side, the production sounds extremely muddy as if it had been recorded with cheap equipment in a basement forty years ago. The drum sound is particularly canny and nerve-firing. The narrative passages sound awkwardly distorted as if inspired by second-rate occult rock bands. A few acoustic guitar passages randomly creep in and out of the production in an attempt to flirt with psychedelic rock and krautrock fans. The songwriting is lazy as the epic tracks always start with moody and slow-paced passages somewhere between space rock and doom metal and pick up pace to evolve towards heavy and at times speed metal reminiscences. Four tracks out of ten are short instrumental fillers that provide unnecessary atmospheric transitions since the longer songs themselves already have extended instrumental passages.\n\nOn the positive side, Chevalier's Destiny Calls oozes with mysterious occult atmosphere. The band already has a refined style and manages to keep it going coherently from start to finish. The band reminds me of a mixture of Black Sabbath, Blue Oyster Cult and Rush. The bass guitar play is vibrant, playful and domineering and overall the outstanding instrument in this band. The female lead vocalist makes me think of Geddy Lee and I initially thought she was a man with a slightly high-pitched voice. Since there aren't too many vocalists of this particular style, she certainly manages to stand out even though it might not be everyone's cup of tea.\n\nIn the end, Chevalier's Destiny Calls is most recommended for fans of early heavy metal and psychedelic rock music of the late seventies. The band has a clear and coherent style, the bass guitar play is excellent and the singer stands out. On the other side, the band sounds hopelessly old-fashioned, suffers from a muddy production and has already predictable songwriting. This album is overall above average but certainly not as phenomenal as some people make us believe.",
                    "date": "May 6th, 2019"
                },
                {
                    "title": "The Album You Didn\u2019t Know You Needed - 100%",
                    "content": "Chevalier place a heavy thematic focus on the Medieval period: a time of jousting, sword fighting, too much chainmail, and general uncleanliness. I\u2019d say that\u2019s a pretty bang-on way of describing Destiny Calls.\n\nOddly enough, the production is the most unique aspect of this album. While a tinge of that sweet \u201cfull-sounding\u201d speed metal production quality is definitely here, there are a lot of other studio choices at play. Energetic and rebounding percussion, a barebones lead guitar tone, and gritty bass output are three things that come to mind. These all hit the listener with the force of a full-on mace swing when \u201cIntroduction\u201d transitions to opening track \u201cThe Immurement\u201d which hosts a trashcan opening. Usually this technique is used to finish songs that otherwise could not have been wrapped up, and thus the drummer will smash their kit in successively slowing motion until your speakers are filled with a crashing symbol hit which slowly fades away. However, Chevalier use this technique as an opening, which in itself isn\u2019t all that uncommon, albeit the choice really highlights the album\u2019s unique production, as the drums, bass, and guitar are all introduced in unison \u2013 the listener now succumbs to Destiny Calls.\n\nWhile your ears definitely become acclimatized to Chevalier\u2019s brilliant production choices over the course of the tracks that follow, the band\u2019s impeccable songwriting ability and general charisma hold you over until the record\u2019s final note. This really isn\u2019t an exaggeration; I listened to Sodom\u2019s Tapping the Vein after my initial playthrough of Destiny Calls and the drastic juxtaposition between Chevalier\u2019s unique Medieval world and Sodom\u2019s more-or-less standard thrash sound really highlight how unique this new full-length really is, just from a production standpoint.\n\nFurthermore, I read in a contemporary interview on Ride Into Glory with Tommi, one of Chevalier\u2019s guitarists, who went on to describe how Destiny Calls was actually recorded live in studio as a band. Of course, the individual tracks were taken and mastered and put back together, but this \u201clive\u201d mentality also contributes to the medieval theme.\n\nYou see, everything just feels rough around the edges on this release. We\u2019ve got the aforementioned recording practice, which isn\u2019t necessarily evident while listening, but the album definitely doesn\u2019t sound perfectly executed as something like a technical death metal album would present as. Furthermore, the opposing forces of vocalist Emma Gr\u00f6nqvist\u2019s clean, almost dreamlike vocal deliveries and the gritty, real rough-sounding instrumental production adds to the whole vibe of this release. Finally, the drum solos and lead guitar portions all feel somewhat improvised, which obviously isn\u2019t the case, but nothing feels overly rehearsed. Of course, within a pop record these wouldn\u2019t be inherently good qualities, but we\u2019re talking about gritty speed metal here, this is different.\n\nOther than that, there\u2019s not much to it. For what I am including in my discussion, I\u2019m not including other elements because they are unnoteworthy but in the sense that there is nothing really wrong with them. The production lathers over a slew of delightful speed metal track bases that each deserve listens. From what I\u2019ve gathered, there are no bum numbers here.\n\nIn the end, Chevalier seemed to have produced something truly unique here. The underground have been going crazy over Destiny Calls, and for good reason. While this certainly isn\u2019t innovative enough to be called something inherently new per-se, Destiny Calls blends a whole slew of elements from various places along the musical spectrum \u2013 ultimately creating a fresh piece of music. I urge you to listen to this, I can foresee this being on my 2020 top ten for sure!\n\nhttps://metalmegalomania.com/",
                    "date": "May 4th, 2019"
                },
                {
                    "title": "Don't need your morals and rules - 100%",
                    "content": "Don\u2019t think of normal knights. The kind of stories you\u2019ve heard about King Arthur form very much the censored version of those medieval times. Don\u2019t consider the possibility of honour or courtly love or miracles. Open your mind to the reality that a knight was a man with a big sword who was given the authority to act in the name of the King. How do people wield this kind of power when they cannot be witnessed in their daily acts? By killing, raping, and pillaging where they wish, as Chevalier announced very clearly with the song of the same name on debut EP A Call to Arms:\n\nDon\u2019t need your morals and rules\nI\u2019m a free warrior of these lands\nNo laws of your doomed empire\nWill tie me down again.\n\nTwo years later, the knight rides again, already blustering his way to a full-length after a pair of EPs and a split, and as the lead-off track of Destiny Calls proves, walling men up alive can be added to his list of sins. Fall in line with the crown? Absolutely not!\n\nFor anyone who hasn\u2019t yet witnessed Chevalier in all their grotty glory, here\u2019s why the Finnish band is so special. They play epic medieval speed metal. Well. Very well indeed. Are there any other epic medieval speed metal bands which we can compare their sound to? How inconsequential it seems to mention that Ranger, Legionnaire, or early ADX give some basis for comparison when Chevalier have at least as much in common with the unlikely trio of Mercyful Fate, Manilla Road, and Darkthrone. How can this be? Because Emma Gr\u00f6nqvist is unafraid of a high wail or three, the riffing is frequently adventurous beyond the usual speed metal peripheries, and the miasma of grimness that descends over all the band\u2019s recordings seems like a direct link to the dark past. Even the cover art of Destiny Calls sets this quintet a world away from their peers, depicting in detailed starkness just the sort of be(k)nighted themes that drive the urges of the music.\n\nOne thing only appears to distract the attention from the otherworldly surge of electricity generated by these songs. Four interludes \u2013 this bears repetition \u2013 four interludes break up six lengthy songs, both introducing and waving farewell to the album, as well as providing two suggestively-named preludes to 'Stormbringer' and 'A Warrior\u2019s Lament'. Does a 45 minute album really need these scattered ashes to distract from the main event? Arguably not when Destiny Calls wields no excessive length, though the insertions facilitate passage through a forest of six and seven minute songs played out at high speed, which may otherwise thoroughly exhaust attention before the climax. Allowing the listener a graceful (if perfunctory) portal away from and then back to the real world also shows a compassion not otherwise obvious in Chevalier\u2019s demeanour. Perhaps the final judgement comes down to a single question: do these interludes maintain the eerie and potent atmosphere? Most certainly they do.\n\nAnd a touch of atmosphere goes a long way when songs like 'The Immurement' and 'In the Grip of Night' are waiting just round the corner to rip your head off. Without actually cleaning up the production, Destiny Calls seems to have added power to the onslaught of jangling riffs and clanking bass, as if the armour of a vacant paladin \u2013 guard of the castle for centuries \u2013 had just been possessed by the spirit of one of the marathon runners of Greece. The crescendo of noise that opens 'The Immurement' has been used to end many a trad metal song before, but here it simply scatters all expectations of song structure and sonic identity, leading into a searing solo and quickly expending two riffs, before Gr\u00f6nqvist tears into her first lyrics (\u201cLook now! At what you\u2019ve become / Just another secret behind the wall\u201d) like she only has minutes left to live \u2013 like she is inspired by the same fervour of belief verging on madness that leads to such grisly punishments as she narrates. As explosive beginnings go, 'In the Grip of Night' barely, yet satisfyingly, manages to outdo the opener, scrambling fills eating up the echoing drumkit until Sebastian Bergman fires his bass to the front of a hurtling, marching, groovy barrage of noise like a cannonball to the eardrum, stealing the spot of the album\u2019s greatest riff. When the song breaks down midway into chilling graveside ambience, nothing feels forced or cheesy, even when another gold-standard riff flies out of the crypt.\n\nDo not fear that riffs run dry at other moments. Considering the often derivative nature of speed metal, Destiny Calls is a veritable treasure trove of the things. The tremolo picked style that drives 'A Warrior\u2019s Lament' through its mid-section would be eaten up by anyone from Naglfar to Condor, while the solos near the end of the closer leave no doubt that the cosmic lyrics fit Chevalier like a gauntlet. Inspiration is not merely contained to the guitar duo of Mikko and Tommi, the bass getting plenty of action, the most noteworthy case of which surely belongs to the torrent of hyper-speed picking that transforms the title of 'Road of Light' from metaphorical concept to a physical beam of energy running beneath the duelling guitars. That\u2019s right: a bass solo during a guitar solo. Chevalier \u201cdon\u2019t need our morals and rules\u201d, remember?\n\nLet it not be said that the other songs suffer by comparison, since 'Stormbringer' contains its own cunning surprise and 'The Curse of the Dead Star', while the only song on Destiny Calls that has been re-recorded from an earlier release, bears in its eight minute length enough of sinister eloquence and pure thrashing intensity to hold its own with ease. Each song feels like a mini-crusade in its own right, and a victorious one at that. Needless to say, the knight runs rampant for a great deal of the runtime, though a certain grim satisfaction can also be taken in the moments when he quiets down for unsettling underhand deeds. However, from start to finish, he remains utterly transfixing and rousingly idiosyncratic. Chevalier have delivered one of the most perfect debut albums in recent memory.\n\n\nOriginally written for The Metal Observer - http://www.metal-observer.com/3.o/review/chevalier-destiny-calls/",
                    "date": "April 26th, 2019"
                }
            ],
            "songs": [
                {
                    "name": "Introduction",
                    "length": "00:59",
                    "url": "https://www.metal-archives.com/release/ajax-view-lyrics/id/4871829"
                },
                {
                    "name": "The Immurement",
                    "length": "05:30",
                    "url": "https://www.metal-archives.com/release/ajax-view-lyrics/id/4871830"
                },
                {
                    "name": "The Curse of the Dead Star",
                    "length": "08:08",
                    "url": "https://www.metal-archives.com/release/ajax-view-lyrics/id/4871831"
                },
                {
                    "name": "Road of Light",
                    "length": "07:44",
                    "url": "https://www.metal-archives.com/release/ajax-view-lyrics/id/4871832"
                },
                {
                    "name": "...as the Clouds Gather",
                    "length": "01:24",
                    "url": "https://www.metal-archives.com/release/ajax-view-lyrics/id/4871833"
                },
                {
                    "name": "Stormbringer",
                    "length": "05:29",
                    "url": "https://www.metal-archives.com/release/ajax-view-lyrics/id/4871834"
                },
                {
                    "name": "In the Grip of the Night",
                    "length": "06:24",
                    "url": "https://www.metal-archives.com/release/ajax-view-lyrics/id/4871835"
                },
                {
                    "name": "Prelude to the End",
                    "length": "01:39",
                    "url": "https://www.metal-archives.com/release/ajax-view-lyrics/id/4871836"
                },
                {
                    "name": "A Warrior's Lament",
                    "length": "07:48",
                    "url": "https://www.metal-archives.com/release/ajax-view-lyrics/id/4871837"
                },
                {
                    "name": "Outro",
                    "length": "00:35",
                    "url": "https://www.metal-archives.com/release/ajax-view-lyrics/id/4871838"
                }
            ],
            "song_names": [
                "Introduction",
                "The Immurement",
                "The Curse of the Dead Star",
                "Road of Light",
                "...as the Clouds Gather",
                "Stormbringer",
                "In the Grip of the Night",
                "Prelude to the End",
                "A Warrior's Lament",
                "Outro"
            ]
        }
    ],
    "album_names": [
        "Destiny Calls"
    ],
    "info": {
        "Country of origin": "Finland",
        "Location": "Helsinki",
        "Status": "Active",
        "Formed in": "2016",
        "Genre": "Heavy/Speed Metal",
        "Lyrical themes": "Tales, Mysticism, Fantasy",
        "Current label": "Gates of Hell Records",
        "Years active": "\n2016-present "
    }
}